Image Index,Pneumonia,Patient ID,Patient Age,Patient Gender,Temperature,SpO2
train_0_NORMAL2-IM-0506-0001.jpeg,0,train_NORMAL_NORMAL2-IM-0506-0001,3.4,Female,97.1,96.8
train_1_person436_virus_886.jpeg,1,pneumonia_person_436,1.6,Male,99.7,94.1
train_1_person1389_virus_2387.jpeg,1,pneumonia_person_1389,4.0,Female,97.9,89.1
train_1_person1724_bacteria_4549.jpeg,1,pneumonia_person_1724,4.2,Female,100.6,92.6
train_1_person267_virus_552.jpeg,1,pneumonia_person_267,1.0,Female,99.2,93.2
train_0_NORMAL2-IM-0551-0001.jpeg,0,train_NORMAL_NORMAL2-IM-0551-0001,1.3,Female,97.8,99.9
train_1_person1280_bacteria_3243.jpeg,1,pneumonia_person_1280,3.2,Female,101.0,94.8
train_1_person746_virus_1369.jpeg,1,pneumonia_person_746,2.6,Male,102.2,95.3
train_1_person1482_bacteria_3870.jpeg,1,pneumonia_person_1482,3.0,Male,100.4,91.6
train_1_person1568_virus_2723.jpeg,1,pneumonia_person_1568,1.9,Male,101.1,91.5
train_1_person281_bacteria_1330.jpeg,1,pneumonia_person_281,4.1,Female,98.5,93.4
train_1_person583_bacteria_2406.jpeg,1,pneumonia_person_583,4.0,Female,100.7,89.6
train_1_person960_bacteria_2885.jpeg,1,pneumonia_person_960,3.1,Female,100.3,92.3
train_0_NORMAL2-IM-0619-0001.jpeg,0,train_NORMAL_NORMAL2-IM-0619-0001,4.5,Female,98.1,98.0
train_0_NORMAL2-IM-0941-0001.jpeg,0,train_NORMAL_NORMAL2-IM-0941-0001,3.6,Male,98.4,98.3
train_1_person853_bacteria_2775.jpeg,1,pneumonia_person_853,1.9,Female,100.1,92.6
test_0_IM-0079-0001.jpeg,0,test_NORMAL_IM-0079-0001,3.5,Female,98.1,98.1
test_1_person1679_virus_2896.jpeg,1,pneumonia_person_1679,1.8,Male,100.3,98.5
train_1_person1056_bacteria_2990.jpeg,1,pneumonia_person_1056,4.1,Male,99.0,92.2
train_1_person1_bacteria_1.jpeg,1,pneumonia_person_1,2.9,Female,103.7,92.3
train_1_person1019_bacteria_2950.jpeg,1,pneumonia_person_1019,2.8,Male,99.0,90.9
train_1_person1765_bacteria_4608.jpeg,1,pneumonia_person_1765,2.1,Female,100.3,93.5
train_1_person1869_bacteria_4745.jpeg,1,pneumonia_person_1869,4.6,Female,100.9,94.2
test_1_person1613_virus_2799.jpeg,1,pneumonia_person_1613,2.8,Female,100.7,91.3
train_1_person537_virus_1067.jpeg,1,pneumonia_person_537,2.4,Female,100.2,96.0
train_0_IM-0298-0001.jpeg,0,train_NORMAL_IM-0298-0001,2.5,Female,98.2,98.0
train_0_NORMAL2-IM-0425-0001.jpeg,0,train_NORMAL_NORMAL2-IM-0425-0001,3.7,Female,98.6,97.2
train_1_person348_virus_721.jpeg,1,pneumonia_person_348,3.5,Female,98.9,92.7
train_1_person108_virus_200.jpeg,1,pneumonia_person_108,3.5,Male,103.2,94.1
train_1_person748_virus_1373.jpeg,1,pneumonia_person_748,3.6,Female,100.1,93.0
train_0_IM-0511-0001-0001.jpeg,0,train_NORMAL_IM-0511-0001-0001,5.0,Female,98.0,99.9
test_1_person121_bacteria_580.jpeg,1,pneumonia_person_121,2.5,Female,100.0,93.8
test_1_person92_bacteria_450.jpeg,1,pneumonia_person_92,2.3,Male,99.9,93.5
train_1_person872_bacteria_2795.jpeg,1,pneumonia_person_872,1.9,Male,99.8,92.4
train_1_person1144_bacteria_3089.jpeg,1,pneumonia_person_1144,3.8,Female,98.4,92.2
train_0_NORMAL2-IM-0998-0001.jpeg,0,train_NORMAL_NORMAL2-IM-0998-0001,4.5,Male,98.7,98.2
test_1_person111_bacteria_537.jpeg,1,pneumonia_person_111,2.9,Male,99.9,95.5
train_1_person1260_virus_2140.jpeg,1,pneumonia_person_1260,1.9,Female,101.9,91.8
train_1_person982_virus_1658.jpeg,1,pneumonia_person_982,1.9,Male,98.8,93.8
train_1_person819_virus_1455.jpeg,1,pneumonia_person_819,3.8,Female,99.6,94.0
train_1_person557_bacteria_2327.jpeg,1,pneumonia_person_557,4.0,Male,99.2,94.4
train_1_person58_bacteria_272.jpeg,1,pneumonia_person_58,3.7,Male,102.3,89.2
train_1_person338_bacteria_1568.jpeg,1,pneumonia_person_338,2.1,Female,99.3,91.2
train_0_NORMAL2-IM-1128-0001-0001.jpeg,0,train_NORMAL_NORMAL2-IM-1128-0001-0001,3.3,Male,98.3,97.7
train_0_NORMAL2-IM-0576-0001.jpeg,0,train_NORMAL_NORMAL2-IM-0576-0001,3.2,Female,97.9,99.4
train_1_person1630_bacteria_4304.jpeg,1,pneumonia_person_1630,3.3,Female,100.2,91.2
train_1_person1436_bacteria_3711.jpeg,1,pneumonia_person_1436,4.1,Male,98.6,92.3
train_0_NORMAL2-IM-0523-0001.jpeg,0,train_NORMAL_NORMAL2-IM-0523-0001,3.3,Female,97.9,97.1
train_1_person1576_bacteria_4121.jpeg,1,pneumonia_person_1576,3.9,Male,101.5,92.5
train_1_person1571_bacteria_4110.jpeg,1,pneumonia_person_1571,3.1,Female,98.8,90.7
train_1_person1120_virus_1845.jpeg,1,pneumonia_person_1120,3.4,Male,100.9,95.4
train_1_person417_virus_850.jpeg,1,pneumonia_person_417,3.8,Male,100.5,94.7
train_0_NORMAL2-IM-1148-0001.jpeg,0,train_NORMAL_NORMAL2-IM-1148-0001,1.1,Male,97.7,98.0
train_0_NORMAL2-IM-0979-0001.jpeg,0,train_NORMAL_NORMAL2-IM-0979-0001,2.6,Female,97.8,97.9
train_1_person920_virus_1577.jpeg,1,pneumonia_person_920,2.4,Male,99.2,88.4
train_1_person258_bacteria_1210.jpeg,1,pneumonia_person_258,2.2,Female,99.1,92.4
train_1_person288_virus_587.jpeg,1,pneumonia_person_288,2.6,Male,101.3,91.6
train_1_person370_virus_752.jpeg,1,pneumonia_person_370,4.9,Male,99.6,94.1
test_0_NORMAL2-IM-0041-0001.jpeg,0,test_NORMAL_NORMAL2-IM-0041-0001,1.9,Female,98.1,100.0
train_1_person337_bacteria_1566.jpeg,1,pneumonia_person_337,4.3,Male,101.2,94.3
train_0_NORMAL2-IM-1038-0001.jpeg,0,train_NORMAL_NORMAL2-IM-1038-0001,1.0,Male,98.8,98.8
train_0_NORMAL2-IM-1266-0001-0001.jpeg,0,train_NORMAL_NORMAL2-IM-1266-0001-0001,2.6,Female,98.4,99.7
test_1_person117_bacteria_557.jpeg,1,pneumonia_person_117,3.2,Female,102.2,92.0
train_0_NORMAL2-IM-0648-0001.jpeg,0,train_NORMAL_NORMAL2-IM-0648-0001,3.8,Male,97.4,99.0
train_0_NORMAL2-IM-0947-0001.jpeg,0,train_NORMAL_NORMAL2-IM-0947-0001,3.9,Female,97.9,98.1
train_0_NORMAL2-IM-0535-0001.jpeg,0,train_NORMAL_NORMAL2-IM-0535-0001,4.0,Female,98.2,98.7
train_1_person23_bacteria_96.jpeg,1,pneumonia_person_23,2.5,Male,102.5,98.1
train_1_person1535_virus_2672.jpeg,1,pneumonia_person_1535,2.4,Female,99.0,94.9
train_1_person1524_virus_2658.jpeg,1,pneumonia_person_1524,4.1,Female,100.4,93.0
train_1_person1067_bacteria_3001.jpeg,1,pneumonia_person_1067,2.8,Female,101.3,91.8
train_1_person564_bacteria_2347.jpeg,1,pneumonia_person_564,1.3,Male,100.2,96.8
train_1_person616_virus_1186.jpeg,1,pneumonia_person_616,1.5,Male,101.9,94.0
train_0_NORMAL2-IM-1131-0001.jpeg,0,train_NORMAL_NORMAL2-IM-1131-0001,1.8,Female,97.9,98.8
train_0_NORMAL2-IM-0832-0001.jpeg,0,train_NORMAL_NORMAL2-IM-0832-0001,3.6,Female,99.0,98.6
train_1_person312_bacteria_1455.jpeg,1,pneumonia_person_312,3.2,Male,103.2,95.7
train_1_person603_virus_1164.jpeg,1,pneumonia_person_603,3.9,Male,100.8,94.9
train_1_person586_virus_1130.jpeg,1,pneumonia_person_586,2.4,Female,101.1,95.7
train_1_person1929_bacteria_4839.jpeg,1,pneumonia_person_1929,3.2,Female,101.9,94.6
test_1_person38_virus_84.jpeg,1,pneumonia_person_38,3.8,Male,98.9,94.9
train_0_IM-0129-0001.jpeg,0,train_NORMAL_IM-0129-0001,2.6,Male,97.8,97.1
test_0_NORMAL2-IM-0349-0001.jpeg,0,test_NORMAL_NORMAL2-IM-0349-0001,3.6,Female,98.2,100.0
train_1_person655_bacteria_2547.jpeg,1,pneumonia_person_655,2.1,Female,100.8,90.4
train_1_person569_bacteria_2363.jpeg,1,pneumonia_person_569,2.5,Female,100.1,94.3
train_1_person533_bacteria_2245.jpeg,1,pneumonia_person_533,2.5,Female,100.4,90.2
train_1_person622_virus_1196.jpeg,1,pneumonia_person_622,1.4,Female,97.3,93.3
train_1_person961_virus_1634.jpeg,1,pneumonia_person_961,3.6,Male,100.2,92.1
train_1_person892_bacteria_2817.jpeg,1,pneumonia_person_892,2.4,Male,99.4,93.8
train_1_person510_bacteria_2148.jpeg,1,pneumonia_person_510,3.0,Male,101.6,94.4
train_1_person1602_virus_2780.jpeg,1,pneumonia_person_1602,3.6,Male,101.7,91.1
train_1_person508_bacteria_2142.jpeg,1,pneumonia_person_508,3.6,Female,101.1,93.4
train_1_person675_bacteria_2569.jpeg,1,pneumonia_person_675,3.9,Female,100.9,97.0
train_1_person346_bacteria_1590.jpeg,1,pneumonia_person_346,2.9,Male,98.5,90.2
train_1_person608_bacteria_2472.jpeg,1,pneumonia_person_608,2.4,Male,101.2,91.4
train_1_person1154_bacteria_3099.jpeg,1,pneumonia_person_1154,2.9,Male,101.2,95.7
train_1_person1534_virus_2670.jpeg,1,pneumonia_person_1534,1.0,Male,102.0,93.7
train_1_person1005_bacteria_2936.jpeg,1,pneumonia_person_1005,1.1,Male,103.2,93.9
train_1_person558_bacteria_2328.jpeg,1,pneumonia_person_558,1.3,Male,98.2,96.1
train_1_person1707_bacteria_4520.jpeg,1,pneumonia_person_1707,1.7,Female,99.9,91.5
train_1_person462_virus_951.jpeg,1,pneumonia_person_462,3.5,Male,99.4,92.2
train_1_person1496_bacteria_3907.jpeg,1,pneumonia_person_1496,1.8,Female,100.6,91.9
train_1_person1248_bacteria_3204.jpeg,1,pneumonia_person_1248,2.5,Male,100.4,92.6
test_1_person1668_virus_2882.jpeg,1,pneumonia_person_1668,4.7,Male,100.1,96.8
train_1_person1228_virus_2079.jpeg,1,pneumonia_person_1228,2.5,Female,101.7,89.2
test_1_person82_bacteria_402.jpeg,1,pneumonia_person_82,4.0,Female,99.0,90.5
train_1_person426_bacteria_1862.jpeg,1,pneumonia_person_426,1.8,Male,99.0,90.1
train_0_NORMAL2-IM-0416-0001.jpeg,0,train_NORMAL_NORMAL2-IM-0416-0001,2.7,Male,99.0,98.4
train_0_NORMAL2-IM-0572-0001.jpeg,0,train_NORMAL_NORMAL2-IM-0572-0001,1.8,Male,98.4,96.5
train_1_person670_virus_1259.jpeg,1,pneumonia_person_670,2.6,Male,98.8,92.7
train_0_NORMAL2-IM-1222-0001.jpeg,0,train_NORMAL_NORMAL2-IM-1222-0001,4.1,Female,98.2,97.2
train_1_person1103_bacteria_3044.jpeg,1,pneumonia_person_1103,1.0,Male,100.2,92.8
test_1_person31_virus_70.jpeg,1,pneumonia_person_31,3.6,Male,99.4,95.7
train_0_NORMAL2-IM-1234-0001.jpeg,0,train_NORMAL_NORMAL2-IM-1234-0001,3.3,Male,97.5,96.8
train_0_IM-0168-0001.jpeg,0,train_NORMAL_IM-0168-0001,2.2,Male,97.5,95.7
train_0_NORMAL2-IM-0966-0001.jpeg,0,train_NORMAL_NORMAL2-IM-0966-0001,1.1,Male,97.9,98.2
train_1_person603_bacteria_2461.jpeg,1,pneumonia_person_603,3.1,Male,100.1,92.7
train_1_person522_bacteria_2211.jpeg,1,pneumonia_person_522,2.3,Female,100.4,93.9
train_1_person276_bacteria_1297.jpeg,1,pneumonia_person_276,3.3,Male,99.7,91.0
train_1_person364_bacteria_1658.jpeg,1,pneumonia_person_364,3.0,Male,100.4,95.1
train_1_person59_bacteria_284.jpeg,1,pneumonia_person_59,5.0,Female,101.3,95.7
train_1_person30_bacteria_152.jpeg,1,pneumonia_person_30,2.7,Female,99.9,92.2
train_0_NORMAL2-IM-0866-0001.jpeg,0,train_NORMAL_NORMAL2-IM-0866-0001,1.7,Male,98.5,97.2
train_1_person433_bacteria_1876.jpeg,1,pneumonia_person_433,3.2,Male,99.3,93.2
train_1_person57_bacteria_271.jpeg,1,pneumonia_person_57,3.3,Female,101.4,96.4
train_1_person1597_bacteria_4189.jpeg,1,pneumonia_person_1597,4.8,Male,99.6,98.6
train_1_person881_bacteria_2805.jpeg,1,pneumonia_person_881,4.1,Female,101.5,90.8
train_1_person487_bacteria_2056.jpeg,1,pneumonia_person_487,3.5,Male,100.5,95.4
train_1_person584_virus_1128.jpeg,1,pneumonia_person_584,4.9,Male,102.4,96.8
train_0_NORMAL2-IM-0587-0001-0001.jpeg,0,train_NORMAL_NORMAL2-IM-0587-0001-0001,1.5,Female,98.4,98.2
train_0_NORMAL2-IM-1086-0001.jpeg,0,train_NORMAL_NORMAL2-IM-1086-0001,2.2,Male,97.2,98.5
train_1_person471_bacteria_2006.jpeg,1,pneumonia_person_471,1.8,Female,99.6,92.0
train_0_NORMAL2-IM-0852-0001.jpeg,0,train_NORMAL_NORMAL2-IM-0852-0001,2.5,Female,98.3,98.2
train_1_person1397_virus_2400.jpeg,1,pneumonia_person_1397,1.2,Male,98.6,92.6
train_0_NORMAL2-IM-0554-0001.jpeg,0,train_NORMAL_NORMAL2-IM-0554-0001,3.8,Male,99.1,98.0
train_1_person526_bacteria_2221.jpeg,1,pneumonia_person_526,2.7,Male,100.4,95.6
train_0_NORMAL2-IM-1112-0001.jpeg,0,train_NORMAL_NORMAL2-IM-1112-0001,1.1,Female,97.8,97.5
train_1_person864_virus_1509.jpeg,1,pneumonia_person_864,1.7,Male,99.9,91.1
train_1_person383_bacteria_1753.jpeg,1,pneumonia_person_383,3.4,Female,99.6,95.2
test_1_person76_virus_138.jpeg,1,pneumonia_person_76,4.1,Female,102.5,94.9
train_1_person529_bacteria_2228.jpeg,1,pneumonia_person_529,5.0,Female,99.4,90.9
train_1_person1180_bacteria_3128.jpeg,1,pneumonia_person_1180,5.0,Male,98.7,94.9
test_0_NORMAL2-IM-0271-0001.jpeg,0,test_NORMAL_NORMAL2-IM-0271-0001,3.5,Male,97.5,99.5
train_1_person30_bacteria_145.jpeg,1,pneumonia_person_30,1.7,Female,100.1,93.4
train_0_IM-0203-0001.jpeg,0,train_NORMAL_IM-0203-0001,1.0,Female,98.9,97.4
train_1_person22_bacteria_74.jpeg,1,pneumonia_person_22,3.3,Male,99.7,95.7
train_1_person458_bacteria_1951.jpeg,1,pneumonia_person_458,1.9,Female,101.5,97.8
train_1_person597_bacteria_2450.jpeg,1,pneumonia_person_597,2.5,Male,101.8,91.3
train_0_NORMAL2-IM-0690-0001.jpeg,0,train_NORMAL_NORMAL2-IM-0690-0001,2.2,Female,97.7,97.0
train_0_IM-0242-0001.jpeg,0,train_NORMAL_IM-0242-0001,2.8,Female,98.6,99.7
train_1_person476_bacteria_2026.jpeg,1,pneumonia_person_476,4.4,Male,101.4,93.8
train_1_person1469_bacteria_3827.jpeg,1,pneumonia_person_1469,3.2,Male,101.1,89.1
train_1_person1510_virus_2628.jpeg,1,pneumonia_person_1510,2.8,Male,98.6,94.6
test_1_person126_bacteria_598.jpeg,1,pneumonia_person_126,1.7,Male,98.9,91.1
train_1_person517_virus_1034.jpeg,1,pneumonia_person_517,1.0,Male,97.1,90.3
train_1_person953_bacteria_2878.jpeg,1,pneumonia_person_953,2.4,Female,101.2,89.2
train_1_person883_virus_1533.jpeg,1,pneumonia_person_883,2.9,Male,100.1,96.5
train_1_person564_virus_1104.jpeg,1,pneumonia_person_564,5.0,Male,100.2,91.4
train_1_person1484_virus_2577.jpeg,1,pneumonia_person_1484,3.2,Male,98.2,94.3
train_1_person1381_bacteria_3517.jpeg,1,pneumonia_person_1381,4.3,Male,99.0,94.9
test_0_IM-0089-0001.jpeg,0,test_NORMAL_IM-0089-0001,2.4,Female,98.6,99.8
train_1_person470_bacteria_2002.jpeg,1,pneumonia_person_470,1.5,Male,99.5,94.2
train_1_person764_virus_1392.jpeg,1,pneumonia_person_764,1.7,Female,100.6,94.5
train_1_person350_virus_725.jpeg,1,pneumonia_person_350,2.1,Male,101.2,93.8
train_0_NORMAL2-IM-0955-0001.jpeg,0,train_NORMAL_NORMAL2-IM-0955-0001,5.0,Female,98.1,99.9
train_1_person286_virus_585.jpeg,1,pneumonia_person_286,1.9,Female,100.4,91.4
train_1_person377_bacteria_1717.jpeg,1,pneumonia_person_377,4.1,Male,101.9,93.2
train_1_person880_virus_1529.jpeg,1,pneumonia_person_880,1.8,Male,99.3,93.2
train_1_person916_bacteria_2841.jpeg,1,pneumonia_person_916,4.2,Female,98.2,94.6
train_0_NORMAL2-IM-1103-0001-0001.jpeg,0,train_NORMAL_NORMAL2-IM-1103-0001-0001,3.5,Female,97.7,97.3
train_1_person355_bacteria_1637.jpeg,1,pneumonia_person_355,2.8,Male,98.3,94.4
train_1_person982_bacteria_2909.jpeg,1,pneumonia_person_982,2.9,Female,100.4,91.5
test_1_person157_bacteria_740.jpeg,1,pneumonia_person_157,2.1,Female,99.4,88.0
train_1_person1526_bacteria_3986.jpeg,1,pneumonia_person_1526,3.6,Female,97.9,91.6
train_1_person27_bacteria_136.jpeg,1,pneumonia_person_27,2.4,Male,102.7,90.1
train_1_person463_virus_953.jpeg,1,pneumonia_person_463,1.4,Female,99.7,91.7
train_1_person9_bacteria_39.jpeg,1,pneumonia_person_9,1.3,Female,98.3,94.1
train_1_person1357_virus_2338.jpeg,1,pneumonia_person_1357,3.2,Female,101.6,93.7
train_1_person1739_bacteria_4576.jpeg,1,pneumonia_person_1739,5.0,Male,99.5,98.1
train_1_person1496_virus_2606.jpeg,1,pneumonia_person_1496,3.2,Female,101.8,94.7
train_1_person1502_bacteria_3922.jpeg,1,pneumonia_person_1502,2.8,Male,99.4,98.3
train_1_person278_virus_573.jpeg,1,pneumonia_person_278,3.4,Male,99.7,95.3
train_1_person539_virus_1069.jpeg,1,pneumonia_person_539,4.7,Male,100.8,96.2
train_1_person1201_bacteria_3151.jpeg,1,pneumonia_person_1201,3.3,Male,101.2,92.6
train_1_person583_virus_1127.jpeg,1,pneumonia_person_583,2.5,Female,101.4,90.8
train_1_person625_bacteria_2499.jpeg,1,pneumonia_person_625,4.4,Female,100.3,92.4
train_1_person530_virus_1052.jpeg,1,pneumonia_person_530,3.6,Male,101.1,93.5
train_1_person888_virus_1538.jpeg,1,pneumonia_person_888,5.0,Male,101.4,91.9
train_0_IM-0681-0001.jpeg,0,train_NORMAL_IM-0681-0001,3.2,Male,98.9,96.0
train_1_person809_bacteria_2717.jpeg,1,pneumonia_person_809,1.4,Female,100.2,94.5
train_1_person735_bacteria_2638.jpeg,1,pneumonia_person_735,1.2,Male,98.5,91.0
train_0_IM-0276-0001.jpeg,0,train_NORMAL_IM-0276-0001,5.0,Male,98.2,98.0
train_1_person614_bacteria_2483.jpeg,1,pneumonia_person_614,5.0,Female,100.5,90.7
train_1_person1007_bacteria_2938.jpeg,1,pneumonia_person_1007,2.8,Female,99.9,92.9
train_1_person886_virus_1536.jpeg,1,pneumonia_person_886,2.5,Male,102.1,91.0
train_0_NORMAL2-IM-1254-0001.jpeg,0,train_NORMAL_NORMAL2-IM-1254-0001,4.9,Male,98.2,97.9
train_1_person500_virus_1009.jpeg,1,pneumonia_person_500,1.6,Male,102.5,95.0
train_0_NORMAL2-IM-0389-0001.jpeg,0,train_NORMAL_NORMAL2-IM-0389-0001,1.8,Female,98.2,98.8
train_0_NORMAL2-IM-1153-0001.jpeg,0,train_NORMAL_NORMAL2-IM-1153-0001,3.8,Female,99.1,98.4
train_1_person690_bacteria_2587.jpeg,1,pneumonia_person_690,2.5,Male,99.9,90.2
train_0_IM-0214-0001.jpeg,0,train_NORMAL_IM-0214-0001,3.0,Male,98.4,97.6
train_1_person756_bacteria_2660.jpeg,1,pneumonia_person_756,2.8,Male,100.2,95.1
train_1_person320_virus_647.jpeg,1,pneumonia_person_320,3.4,Male,100.8,95.7
train_1_person1411_bacteria_3602.jpeg,1,pneumonia_person_1411,4.8,Female,101.3,94.4
train_1_person395_bacteria_1795.jpeg,1,pneumonia_person_395,3.1,Male,100.1,96.5
train_1_person23_bacteria_95.jpeg,1,pneumonia_person_23,3.8,Female,97.5,97.8
train_0_NORMAL2-IM-0865-0001.jpeg,0,train_NORMAL_NORMAL2-IM-0865-0001,1.0,Male,98.5,98.2
train_0_NORMAL2-IM-1292-0001.jpeg,0,train_NORMAL_NORMAL2-IM-1292-0001,2.9,Female,98.1,98.0
train_1_person497_virus_1005.jpeg,1,pneumonia_person_497,1.9,Male,99.0,92.8
train_0_IM-0392-0001.jpeg,0,train_NORMAL_IM-0392-0001,1.4,Female,97.9,100.0
train_1_person759_bacteria_2663.jpeg,1,pneumonia_person_759,1.9,Male,99.2,95.3
test_1_person78_bacteria_386.jpeg,1,pneumonia_person_78,2.6,Male,100.2,88.6
train_1_person332_bacteria_1538.jpeg,1,pneumonia_person_332,4.2,Male,101.2,91.1
train_1_person510_bacteria_2150.jpeg,1,pneumonia_person_510,1.3,Female,99.3,90.4
test_1_person158_bacteria_743.jpeg,1,pneumonia_person_158,3.0,Male,102.5,89.0
train_1_person1224_virus_2074.jpeg,1,pneumonia_person_1224,2.4,Male,100.5,95.7
train_1_person264_bacteria_1230.jpeg,1,pneumonia_person_264,2.6,Female,101.0,98.7
train_1_person405_virus_805.jpeg,1,pneumonia_person_405,4.3,Female,100.1,92.9
train_1_person75_bacteria_368.jpeg,1,pneumonia_person_75,3.7,Female,101.3,95.6
train_1_person878_bacteria_2801.jpeg,1,pneumonia_person_878,4.7,Male,102.5,97.2
test_1_person159_bacteria_747.jpeg,1,pneumonia_person_159,2.8,Male,100.2,94.0
train_1_person105_virus_193.jpeg,1,pneumonia_person_105,2.1,Male,102.6,93.4
train_0_IM-0656-0001-0002.jpeg,0,train_NORMAL_IM-0656-0001-0002,2.7,Male,98.3,96.6
train_1_person775_bacteria_2679.jpeg,1,pneumonia_person_775,3.3,Female,101.4,94.8
train_1_person1393_virus_2396.jpeg,1,pneumonia_person_1393,3.2,Female,101.0,95.7
train_1_person701_bacteria_2600.jpeg,1,pneumonia_person_701,1.6,Female,99.0,94.7
train_1_person504_bacteria_2130.jpeg,1,pneumonia_person_504,3.1,Female,100.7,94.6
train_0_IM-0660-0001-0001.jpeg,0,train_NORMAL_IM-0660-0001-0001,3.3,Male,98.6,99.2
train_1_person71_bacteria_350.jpeg,1,pneumonia_person_71,5.0,Female,99.3,89.5
train_1_person1343_virus_2317.jpeg,1,pneumonia_person_1343,5.0,Female,100.9,95.7
test_1_person3_virus_17.jpeg,1,pneumonia_person_3,1.9,Female,100.6,90.3
train_1_person294_bacteria_1386.jpeg,1,pneumonia_person_294,2.6,Female,100.3,95.0
train_1_person830_bacteria_2741.jpeg,1,pneumonia_person_830,1.1,Male,100.3,95.4
train_0_IM-0656-0001-0001.jpeg,0,train_NORMAL_IM-0656-0001-0001,2.2,Male,98.2,95.6
train_0_IM-0582-0001.jpeg,0,train_NORMAL_IM-0582-0001,3.4,Male,98.8,98.1
train_1_person975_virus_1650.jpeg,1,pneumonia_person_975,4.6,Female,100.6,98.8
train_1_person421_virus_866.jpeg,1,pneumonia_person_421,2.1,Male,99.6,93.3
test_0_IM-0109-0001.jpeg,0,test_NORMAL_IM-0109-0001,2.1,Male,97.5,98.7
train_0_NORMAL2-IM-1272-0001.jpeg,0,train_NORMAL_NORMAL2-IM-1272-0001,1.0,Male,97.9,98.2
train_1_person124_virus_231.jpeg,1,pneumonia_person_124,2.8,Male,99.6,91.6
train_1_person463_bacteria_1971.jpeg,1,pneumonia_person_463,1.6,Female,99.7,88.7
train_1_person1619_bacteria_4270.jpeg,1,pneumonia_person_1619,2.3,Female,103.1,94.8
train_0_IM-0505-0001.jpeg,0,train_NORMAL_IM-0505-0001,1.9,Female,98.4,98.3
test_0_NORMAL2-IM-0328-0001.jpeg,0,test_NORMAL_NORMAL2-IM-0328-0001,2.9,Male,99.1,100.0
train_1_person724_virus_1343.jpeg,1,pneumonia_person_724,1.0,Male,100.7,91.5
train_1_person1322_bacteria_3360.jpeg,1,pneumonia_person_1322,1.1,Male,100.8,95.3
test_0_NORMAL2-IM-0303-0001.jpeg,0,test_NORMAL_NORMAL2-IM-0303-0001,5.0,Female,98.1,98.0
train_1_person1209_bacteria_3161.jpeg,1,pneumonia_person_1209,1.3,Female,102.0,87.0
test_1_person41_virus_88.jpeg,1,pneumonia_person_41,1.6,Male,99.8,94.5
train_1_person1173_virus_1978.jpeg,1,pneumonia_person_1173,5.0,Male,100.7,92.8
train_1_person1409_bacteria_3583.jpeg,1,pneumonia_person_1409,5.0,Male,98.0,97.0
train_1_person743_bacteria_2646.jpeg,1,pneumonia_person_743,1.5,Female,100.5,94.5
train_1_person51_bacteria_245.jpeg,1,pneumonia_person_51,2.5,Male,99.4,95.4
train_0_NORMAL2-IM-1346-0001.jpeg,0,train_NORMAL_NORMAL2-IM-1346-0001,3.4,Female,99.0,98.0
train_1_person623_virus_1197.jpeg,1,pneumonia_person_623,5.0,Male,98.2,91.5
train_1_person1345_bacteria_3428.jpeg,1,pneumonia_person_1345,1.7,Male,100.9,93.4
train_1_person1306_bacteria_3274.jpeg,1,pneumonia_person_1306,2.7,Female,98.2,92.6
train_1_person615_virus_1184.jpeg,1,pneumonia_person_615,4.0,Female,100.6,96.8
train_1_person353_bacteria_1626.jpeg,1,pneumonia_person_353,3.6,Female,98.8,93.1
train_1_person1547_virus_2688.jpeg,1,pneumonia_person_1547,2.5,Male,99.3,90.4
train_1_person1670_bacteria_4428.jpeg,1,pneumonia_person_1670,2.8,Male,101.9,91.4
train_1_person30_bacteria_151.jpeg,1,pneumonia_person_30,1.2,Female,101.2,95.9
train_0_NORMAL2-IM-0877-0001.jpeg,0,train_NORMAL_NORMAL2-IM-0877-0001,2.7,Female,98.6,97.3
train_1_person19_bacteria_61.jpeg,1,pneumonia_person_19,2.7,Male,102.4,92.9
train_1_person1306_virus_2249.jpeg,1,pneumonia_person_1306,3.3,Female,99.4,96.2
train_1_person67_bacteria_331.jpeg,1,pneumonia_person_67,2.3,Female,102.3,91.2
train_1_person1910_bacteria_4814.jpeg,1,pneumonia_person_1910,3.6,Female,98.5,87.9
train_1_person385_bacteria_1766.jpeg,1,pneumonia_person_385,4.3,Male,101.4,91.4
train_1_person940_virus_1605.jpeg,1,pneumonia_person_940,3.2,Female,99.8,94.1
train_0_NORMAL2-IM-1060-0001.jpeg,0,train_NORMAL_NORMAL2-IM-1060-0001,3.5,Female,98.1,96.8
train_1_person278_bacteria_1309.jpeg,1,pneumonia_person_278,3.1,Male,101.2,89.6
train_1_person375_bacteria_1713.jpeg,1,pneumonia_person_375,3.0,Male,101.6,96.0
train_0_NORMAL2-IM-0668-0001.jpeg,0,train_NORMAL_NORMAL2-IM-0668-0001,2.1,Female,98.3,98.7
train_1_person315_bacteria_1464.jpeg,1,pneumonia_person_315,3.4,Male,100.7,94.5
train_1_person1867_bacteria_4741.jpeg,1,pneumonia_person_1867,2.9,Male,100.6,94.5
train_0_NORMAL2-IM-1329-0001.jpeg,0,train_NORMAL_NORMAL2-IM-1329-0001,5.0,Male,98.4,98.4
train_1_person292_virus_602.jpeg,1,pneumonia_person_292,5.0,Female,100.8,94.3
train_0_NORMAL2-IM-0626-0001.jpeg,0,train_NORMAL_NORMAL2-IM-0626-0001,3.5,Female,98.2,98.1
train_1_person955_bacteria_2880.jpeg,1,pneumonia_person_955,2.0,Female,100.7,96.4
train_1_person1125_bacteria_3066.jpeg,1,pneumonia_person_1125,1.6,Female,101.5,95.3
train_1_person1146_bacteria_3091.jpeg,1,pneumonia_person_1146,4.5,Female,98.3,94.8
train_1_person459_bacteria_1957.jpeg,1,pneumonia_person_459,3.3,Male,100.2,89.2
train_1_person1705_bacteria_4515.jpeg,1,pneumonia_person_1705,3.6,Male,98.6,93.5
train_0_IM-0404-0001.jpeg,0,train_NORMAL_IM-0404-0001,1.0,Male,98.5,96.6
train_1_person938_virus_1600.jpeg,1,pneumonia_person_938,4.2,Male,102.5,96.7
train_1_person692_virus_1286.jpeg,1,pneumonia_person_692,3.6,Male,99.8,96.3
train_1_person444_virus_911.jpeg,1,pneumonia_person_444,1.6,Female,100.6,91.1
train_1_person265_virus_548.jpeg,1,pneumonia_person_265,2.4,Male,101.4,93.4
train_1_person539_bacteria_2270.jpeg,1,pneumonia_person_539,3.3,Male,97.7,94.1
train_1_person1508_bacteria_3949.jpeg,1,pneumonia_person_1508,3.1,Female,99.7,95.8
test_1_person1644_virus_2844.jpeg,1,pneumonia_person_1644,2.6,Male,100.9,89.3
train_1_person1071_bacteria_3005.jpeg,1,pneumonia_person_1071,2.9,Female,96.6,88.0
train_1_person423_virus_869.jpeg,1,pneumonia_person_423,2.7,Female,99.1,93.6
test_1_person85_bacteria_422.jpeg,1,pneumonia_person_85,3.2,Female,101.8,87.2
train_1_person67_bacteria_329.jpeg,1,pneumonia_person_67,4.9,Female,101.7,93.9
train_0_NORMAL2-IM-0730-0001.jpeg,0,train_NORMAL_NORMAL2-IM-0730-0001,1.0,Male,97.6,99.5
train_0_IM-0499-0001-0001.jpeg,0,train_NORMAL_IM-0499-0001-0001,2.7,Female,98.6,96.7
train_1_person326_virus_672.jpeg,1,pneumonia_person_326,3.2,Male,100.7,91.9
train_0_NORMAL2-IM-0962-0001.jpeg,0,train_NORMAL_NORMAL2-IM-0962-0001,3.4,Female,98.4,97.7
train_0_NORMAL2-IM-1164-0001.jpeg,0,train_NORMAL_NORMAL2-IM-1164-0001,2.5,Female,98.4,99.9
train_1_person1507_bacteria_3947.jpeg,1,pneumonia_person_1507,1.0,Female,100.6,90.6
train_1_person486_bacteria_2052.jpeg,1,pneumonia_person_486,3.4,Male,99.6,95.8
train_1_person534_virus_1061.jpeg,1,pneumonia_person_534,5.0,Female,102.0,94.2
train_1_person841_bacteria_2761.jpeg,1,pneumonia_person_841,1.0,Female,102.4,92.0
test_1_person1672_virus_2888.jpeg,1,pneumonia_person_1672,4.1,Female,102.2,93.9
train_1_person124_virus_246.jpeg,1,pneumonia_person_124,2.6,Male,99.9,93.2
train_1_person1351_virus_2330.jpeg,1,pneumonia_person_1351,2.9,Female,99.2,95.5
train_1_person1085_virus_1797.jpeg,1,pneumonia_person_1085,1.6,Male,102.1,92.6
train_1_person107_virus_197.jpeg,1,pneumonia_person_107,2.6,Male,101.1,94.1
train_1_person1868_bacteria_4743.jpeg,1,pneumonia_person_1868,4.7,Female,100.8,91.9
train_1_person489_bacteria_2065.jpeg,1,pneumonia_person_489,3.8,Male,99.6,91.2
train_0_NORMAL2-IM-0599-0001.jpeg,0,train_NORMAL_NORMAL2-IM-0599-0001,5.0,Male,97.7,99.3
train_0_IM-0250-0001.jpeg,0,train_NORMAL_IM-0250-0001,4.5,Female,98.5,96.2
train_1_person997_bacteria_2926.jpeg,1,pneumonia_person_997,3.6,Female,101.2,95.5
train_1_person23_bacteria_90.jpeg,1,pneumonia_person_23,5.0,Male,102.2,95.0
train_1_person1679_bacteria_4449.jpeg,1,pneumonia_person_1679,3.6,Male,102.5,91.6
train_1_person23_bacteria_106.jpeg,1,pneumonia_person_23,4.1,Male,101.3,94.0
train_1_person280_bacteria_1318.jpeg,1,pneumonia_person_280,2.6,Male,98.6,91.6
train_1_person344_bacteria_1585.jpeg,1,pneumonia_person_344,3.1,Female,100.7,89.5
train_0_NORMAL2-IM-1176-0001.jpeg,0,train_NORMAL_NORMAL2-IM-1176-0001,2.1,Male,97.3,98.9
train_1_person719_bacteria_2621.jpeg,1,pneumonia_person_719,4.3,Female,99.3,93.4
train_1_person567_bacteria_2354.jpeg,1,pneumonia_person_567,1.5,Male,100.3,94.8
train_1_person1453_virus_2485.jpeg,1,pneumonia_person_1453,4.0,Female,102.2,93.9
train_0_NORMAL2-IM-0939-0001.jpeg,0,train_NORMAL_NORMAL2-IM-0939-0001,2.8,Female,99.2,98.2
train_0_NORMAL2-IM-1144-0001.jpeg,0,train_NORMAL_NORMAL2-IM-1144-0001,4.5,Female,98.2,98.2
train_1_person97_virus_180.jpeg,1,pneumonia_person_97,4.0,Male,99.4,92.6
train_1_person316_bacteria_1469.jpeg,1,pneumonia_person_316,5.0,Male,99.1,97.6
train_0_NORMAL2-IM-0988-0001.jpeg,0,train_NORMAL_NORMAL2-IM-0988-0001,4.0,Female,98.7,100.0
train_1_person1582_bacteria_4140.jpeg,1,pneumonia_person_1582,1.0,Male,98.8,92.4
train_1_person629_bacteria_2510.jpeg,1,pneumonia_person_629,2.9,Female,100.1,90.8
train_1_person717_bacteria_2618.jpeg,1,pneumonia_person_717,1.5,Female,100.3,93.0
test_1_person1661_virus_2872.jpeg,1,pneumonia_person_1661,2.3,Male,101.7,92.4
train_0_IM-0268-0001.jpeg,0,train_NORMAL_IM-0268-0001,5.0,Male,98.7,98.7
train_1_person1057_bacteria_2991.jpeg,1,pneumonia_person_1057,3.8,Male,101.0,94.1
train_0_NORMAL2-IM-1048-0001.jpeg,0,train_NORMAL_NORMAL2-IM-1048-0001,2.1,Male,98.4,97.1
train_1_person55_bacteria_265.jpeg,1,pneumonia_person_55,1.7,Male,102.0,92.0
train_1_person1376_bacteria_3511.jpeg,1,pneumonia_person_1376,3.0,Female,105.0,93.5
train_0_NORMAL2-IM-1196-0001.jpeg,0,train_NORMAL_NORMAL2-IM-1196-0001,1.4,Female,98.7,99.7
train_0_IM-0301-0001.jpeg,0,train_NORMAL_IM-0301-0001,2.1,Male,98.7,98.4
train_1_person728_bacteria_2630.jpeg,1,pneumonia_person_728,3.4,Female,98.7,95.3
test_0_IM-0001-0001.jpeg,0,test_NORMAL_IM-0001-0001,4.5,Male,98.3,98.3
test_1_person1610_virus_2793.jpeg,1,pneumonia_person_1610,3.8,Male,100.1,93.3
train_1_person834_bacteria_2747.jpeg,1,pneumonia_person_834,1.0,Female,99.7,94.0
train_1_person375_virus_758.jpeg,1,pneumonia_person_375,3.4,Female,100.4,92.2
train_0_NORMAL2-IM-0451-0001.jpeg,0,train_NORMAL_NORMAL2-IM-0451-0001,3.1,Male,97.4,97.2
train_1_person466_bacteria_1986.jpeg,1,pneumonia_person_466,3.5,Male,102.0,87.8
test_1_person89_bacteria_440.jpeg,1,pneumonia_person_89,5.0,Female,100.2,94.9
test_1_person1655_virus_2861.jpeg,1,pneumonia_person_1655,1.0,Male,98.8,92.3
train_1_person293_bacteria_1379.jpeg,1,pneumonia_person_293,2.2,Male,102.1,93.2
train_1_person958_virus_1630.jpeg,1,pneumonia_person_958,3.8,Male,100.3,97.2
train_1_person832_virus_1468.jpeg,1,pneumonia_person_832,1.0,Male,98.2,90.3
train_0_NORMAL2-IM-0906-0001.jpeg,0,train_NORMAL_NORMAL2-IM-0906-0001,4.9,Female,98.4,97.4
train_1_person1071_virus_1774.jpeg,1,pneumonia_person_1071,3.5,Female,101.7,95.5
train_1_person476_virus_973.jpeg,1,pneumonia_person_476,4.1,Male,97.2,93.9
train_0_IM-0286-0001.jpeg,0,train_NORMAL_IM-0286-0001,2.3,Male,97.4,98.0
test_1_person1659_virus_2867.jpeg,1,pneumonia_person_1659,4.1,Male,100.3,96.9
train_1_person1080_bacteria_3020.jpeg,1,pneumonia_person_1080,4.4,Male,101.4,93.0
train_1_person418_bacteria_1843.jpeg,1,pneumonia_person_418,3.3,Male,99.7,92.2
train_1_person1321_bacteria_3359.jpeg,1,pneumonia_person_1321,3.3,Female,99.3,92.7
train_0_NORMAL2-IM-1243-0001.jpeg,0,train_NORMAL_NORMAL2-IM-1243-0001,3.4,Female,98.3,97.4
train_0_NORMAL2-IM-1128-0001.jpeg,0,train_NORMAL_NORMAL2-IM-1128-0001,1.9,Female,98.8,98.3
train_0_IM-0539-0001.jpeg,0,train_NORMAL_IM-0539-0001,2.8,Male,98.8,100.0
train_1_person629_virus_1207.jpeg,1,pneumonia_person_629,2.8,Male,99.0,92.0
train_1_person549_bacteria_2307.jpeg,1,pneumonia_person_549,3.5,Male,98.6,95.2
train_0_NORMAL2-IM-1084-0001.jpeg,0,train_NORMAL_NORMAL2-IM-1084-0001,4.3,Male,97.3,97.4
train_1_person490_virus_996.jpeg,1,pneumonia_person_490,1.6,Male,100.7,97.6
train_0_NORMAL2-IM-0804-0001.jpeg,0,train_NORMAL_NORMAL2-IM-0804-0001,2.8,Male,97.4,98.2
train_0_IM-0672-0001.jpeg,0,train_NORMAL_IM-0672-0001,4.9,Female,98.6,99.0
train_1_person25_bacteria_119.jpeg,1,pneumonia_person_25,2.0,Male,99.4,89.8
train_1_person1353_bacteria_3446.jpeg,1,pneumonia_person_1353,1.9,Male,102.2,99.0
train_1_person55_bacteria_260.jpeg,1,pneumonia_person_55,3.3,Female,98.4,95.2
train_0_NORMAL2-IM-0567-0001.jpeg,0,train_NORMAL_NORMAL2-IM-0567-0001,4.1,Female,98.5,98.5
train_0_NORMAL2-IM-1280-0001.jpeg,0,train_NORMAL_NORMAL2-IM-1280-0001,3.0,Female,97.6,96.2
train_1_person581_virus_1125.jpeg,1,pneumonia_person_581,4.7,Male,101.5,96.9
train_0_IM-0323-0001.jpeg,0,train_NORMAL_IM-0323-0001,4.1,Male,98.3,98.9
train_0_NORMAL2-IM-0596-0001.jpeg,0,train_NORMAL_NORMAL2-IM-0596-0001,4.1,Male,98.9,98.3
train_1_person1459_bacteria_3796.jpeg,1,pneumonia_person_1459,3.7,Male,100.1,93.2
train_1_person836_virus_1473.jpeg,1,pneumonia_person_836,5.0,Female,98.7,90.8
train_0_NORMAL2-IM-0952-0001.jpeg,0,train_NORMAL_NORMAL2-IM-0952-0001,2.7,Female,97.2,98.3
train_1_person684_bacteria_2580.jpeg,1,pneumonia_person_684,1.0,Female,101.2,95.3
train_1_person1101_bacteria_3042.jpeg,1,pneumonia_person_1101,5.0,Female,101.2,90.1
train_1_person773_virus_1402.jpeg,1,pneumonia_person_773,2.4,Male,99.0,94.2
train_0_IM-0115-0001.jpeg,0,train_NORMAL_IM-0115-0001,3.1,Male,97.4,98.9
train_0_NORMAL2-IM-0875-0001.jpeg,0,train_NORMAL_NORMAL2-IM-0875-0001,4.7,Female,97.6,98.3
train_1_person1537_bacteria_4019.jpeg,1,pneumonia_person_1537,1.0,Female,102.4,93.3
train_1_person64_bacteria_318.jpeg,1,pneumonia_person_64,1.4,Female,101.1,91.8
test_1_person1619_virus_2806.jpeg,1,pneumonia_person_1619,1.0,Female,101.8,95.6
train_1_person477_bacteria_2029.jpeg,1,pneumonia_person_477,2.0,Male,101.0,90.6
train_1_person1007_virus_1690.jpeg,1,pneumonia_person_1007,3.6,Male,101.7,94.1
train_1_person461_bacteria_1960.jpeg,1,pneumonia_person_461,3.7,Female,98.7,93.6
train_1_person582_bacteria_2405.jpeg,1,pneumonia_person_582,3.4,Male,100.2,96.3
test_1_person134_bacteria_642.jpeg,1,pneumonia_person_134,1.2,Female,100.3,92.0
train_0_NORMAL2-IM-1223-0001.jpeg,0,train_NORMAL_NORMAL2-IM-1223-0001,1.0,Male,98.4,95.3
train_0_NORMAL2-IM-0821-0001.jpeg,0,train_NORMAL_NORMAL2-IM-0821-0001,3.1,Male,97.8,98.3
train_1_person1600_virus_2777.jpeg,1,pneumonia_person_1600,2.4,Male,101.2,94.6
train_1_person48_bacteria_233.jpeg,1,pneumonia_person_48,3.6,Female,100.9,92.4
train_1_person574_bacteria_2371.jpeg,1,pneumonia_person_574,3.9,Male,100.2,91.3
train_1_person299_bacteria_1418.jpeg,1,pneumonia_person_299,3.2,Male,99.4,91.6
train_0_IM-0487-0001.jpeg,0,train_NORMAL_IM-0487-0001,4.0,Female,97.2,99.4
train_0_NORMAL2-IM-1203-0001.jpeg,0,train_NORMAL_NORMAL2-IM-1203-0001,3.3,Male,97.9,97.7
train_1_person1315_virus_2270.jpeg,1,pneumonia_person_1315,3.7,Male,99.1,91.0
train_1_person451_bacteria_1942.jpeg,1,pneumonia_person_451,2.1,Female,100.1,95.7
train_1_person1551_bacteria_4054.jpeg,1,pneumonia_person_1551,2.8,Female,98.1,93.1
train_1_person1933_bacteria_4844.jpeg,1,pneumonia_person_1933,3.3,Female,100.4,95.9
train_1_person644_bacteria_2536.jpeg,1,pneumonia_person_644,4.1,Male,100.1,92.6
test_1_person113_bacteria_541.jpeg,1,pneumonia_person_113,2.5,Female,99.7,93.5
train_0_NORMAL2-IM-1047-0001.jpeg,0,train_NORMAL_NORMAL2-IM-1047-0001,3.7,Male,98.8,99.3
train_1_person462_bacteria_1961.jpeg,1,pneumonia_person_462,2.7,Female,98.9,97.0
train_1_person1408_bacteria_3581.jpeg,1,pneumonia_person_1408,2.8,Male,101.3,96.8
test_0_NORMAL2-IM-0331-0001.jpeg,0,test_NORMAL_NORMAL2-IM-0331-0001,4.1,Female,98.4,98.9
train_1_person1194_bacteria_3143.jpeg,1,pneumonia_person_1194,1.0,Female,101.8,91.9
train_1_person313_bacteria_1460.jpeg,1,pneumonia_person_313,1.3,Male,100.4,91.0
train_0_IM-0590-0001.jpeg,0,train_NORMAL_IM-0590-0001,1.1,Male,97.9,98.2
train_1_person1453_bacteria_3770.jpeg,1,pneumonia_person_1453,1.0,Female,98.6,96.9
train_1_person1331_virus_2299.jpeg,1,pneumonia_person_1331,2.1,Female,99.9,96.4
train_1_person1351_bacteria_3441.jpeg,1,pneumonia_person_1351,4.0,Female,99.5,93.5
train_1_person1630_bacteria_4303.jpeg,1,pneumonia_person_1630,2.6,Female,99.5,95.3
train_1_person1454_bacteria_3780.jpeg,1,pneumonia_person_1454,3.3,Female,100.0,95.4
train_1_person35_bacteria_178.jpeg,1,pneumonia_person_35,4.4,Male,100.3,93.9
train_1_person1343_bacteria_3409.jpeg,1,pneumonia_person_1343,4.7,Male,101.0,94.0
train_1_person810_bacteria_2719.jpeg,1,pneumonia_person_810,2.9,Female,98.8,93.7
train_1_person813_virus_1449.jpeg,1,pneumonia_person_813,4.8,Male,99.5,91.5
train_0_IM-0145-0001.jpeg,0,train_NORMAL_IM-0145-0001,3.1,Female,98.1,98.2
train_0_NORMAL2-IM-0918-0001.jpeg,0,train_NORMAL_NORMAL2-IM-0918-0001,1.9,Male,98.3,100.0
train_1_person1215_bacteria_3167.jpeg,1,pneumonia_person_1215,2.2,Male,102.8,89.5
train_0_IM-0374-0001.jpeg,0,train_NORMAL_IM-0374-0001,1.1,Male,97.2,99.5
train_1_person155_virus_307.jpeg,1,pneumonia_person_155,1.8,Female,98.3,93.4
train_1_person581_bacteria_2395.jpeg,1,pneumonia_person_581,2.5,Male,100.9,95.4
train_1_person891_virus_1541.jpeg,1,pneumonia_person_891,4.0,Male,101.1,96.7
train_1_person379_bacteria_1722.jpeg,1,pneumonia_person_379,5.0,Female,100.2,96.8
train_1_person496_bacteria_2095.jpeg,1,pneumonia_person_496,1.2,Male,98.8,97.0
test_1_person1641_virus_2840.jpeg,1,pneumonia_person_1641,3.5,Female,102.7,91.6
train_1_person1615_bacteria_4249.jpeg,1,pneumonia_person_1615,1.6,Female,99.0,89.9
train_0_NORMAL2-IM-0662-0001.jpeg,0,train_NORMAL_NORMAL2-IM-0662-0001,3.6,Male,98.2,97.8
train_0_NORMAL2-IM-0975-0001.jpeg,0,train_NORMAL_NORMAL2-IM-0975-0001,2.8,Female,97.6,97.7
val_0_NORMAL2-IM-1431-0001.jpeg,0,val_NORMAL_NORMAL2-IM-1431-0001,1.0,Male,98.0,96.3
test_1_person51_virus_105.jpeg,1,pneumonia_person_51,4.2,Male,102.6,94.7
train_1_person559_virus_1099.jpeg,1,pneumonia_person_559,2.2,Female,101.1,88.5
test_1_person158_bacteria_744.jpeg,1,pneumonia_person_158,2.3,Male,99.7,94.4
train_0_NORMAL2-IM-1053-0001.jpeg,0,train_NORMAL_NORMAL2-IM-1053-0001,1.6,Male,98.8,99.0
train_1_person141_virus_287.jpeg,1,pneumonia_person_141,2.1,Male,99.6,96.6
train_1_person1204_bacteria_3156.jpeg,1,pneumonia_person_1204,3.6,Female,100.6,97.1
test_0_NORMAL2-IM-0326-0001.jpeg,0,test_NORMAL_NORMAL2-IM-0326-0001,2.8,Male,97.9,97.9
train_1_person43_bacteria_216.jpeg,1,pneumonia_person_43,3.4,Male,99.1,92.0
train_0_NORMAL2-IM-0826-0001.jpeg,0,train_NORMAL_NORMAL2-IM-0826-0001,3.5,Female,97.9,98.1
test_1_person134_bacteria_644.jpeg,1,pneumonia_person_134,4.7,Male,100.9,94.8
train_1_person1019_virus_1707.jpeg,1,pneumonia_person_1019,2.6,Male,98.2,91.5
train_1_person1667_bacteria_4418.jpeg,1,pneumonia_person_1667,1.1,Male,101.0,97.2
train_1_person1574_bacteria_4118.jpeg,1,pneumonia_person_1574,4.4,Female,99.3,89.2
train_1_person1239_bacteria_3195.jpeg,1,pneumonia_person_1239,2.6,Female,102.1,94.9
train_1_person63_bacteria_306.jpeg,1,pneumonia_person_63,4.4,Female,99.9,94.3
train_1_person306_bacteria_1440.jpeg,1,pneumonia_person_306,3.5,Male,98.9,93.0
train_1_person319_virus_645.jpeg,1,pneumonia_person_319,2.8,Female,100.5,91.2
train_0_NORMAL2-IM-0478-0001.jpeg,0,train_NORMAL_NORMAL2-IM-0478-0001,3.5,Female,98.7,98.6
train_1_person1478_bacteria_3848.jpeg,1,pneumonia_person_1478,5.0,Female,102.0,92.2
train_1_person1552_bacteria_4055.jpeg,1,pneumonia_person_1552,5.0,Male,100.4,92.2
train_1_person1068_bacteria_3002.jpeg,1,pneumonia_person_1068,3.1,Female,100.2,96.3
train_1_person588_virus_1134.jpeg,1,pneumonia_person_588,3.2,Male,101.2,91.5
train_1_person985_bacteria_2912.jpeg,1,pneumonia_person_985,4.4,Female,99.1,94.6
train_1_person531_bacteria_2236.jpeg,1,pneumonia_person_531,1.9,Female,98.7,90.3
train_0_NORMAL2-IM-0536-0001.jpeg,0,train_NORMAL_NORMAL2-IM-0536-0001,3.4,Male,98.5,97.4
train_0_IM-0329-0001.jpeg,0,train_NORMAL_IM-0329-0001,3.0,Male,98.0,98.6
train_1_person1860_bacteria_4732.jpeg,1,pneumonia_person_1860,3.4,Female,99.0,98.7
train_1_person1927_bacteria_4836.jpeg,1,pneumonia_person_1927,1.9,Male,101.5,93.1
train_1_person1643_bacteria_4354.jpeg,1,pneumonia_person_1643,1.0,Female,101.1,86.5
train_1_person400_bacteria_1807.jpeg,1,pneumonia_person_400,1.0,Female,98.8,91.7
train_1_person257_bacteria_1193.jpeg,1,pneumonia_person_257,1.5,Male,99.6,91.3
train_1_person905_bacteria_2830.jpeg,1,pneumonia_person_905,2.4,Female,99.2,91.9
train_0_NORMAL2-IM-1116-0001.jpeg,0,train_NORMAL_NORMAL2-IM-1116-0001,2.6,Female,98.6,97.1
train_1_person597_bacteria_2451.jpeg,1,pneumonia_person_597,5.0,Male,101.6,91.8
train_1_person1024_virus_1716.jpeg,1,pneumonia_person_1024,4.4,Male,99.9,91.5
train_0_NORMAL2-IM-0753-0001.jpeg,0,train_NORMAL_NORMAL2-IM-0753-0001,1.7,Male,98.3,97.3
test_0_NORMAL2-IM-0301-0001.jpeg,0,test_NORMAL_NORMAL2-IM-0301-0001,3.5,Male,98.9,98.3
train_1_person74_bacteria_361.jpeg,1,pneumonia_person_74,2.5,Female,99.5,96.5
train_1_person294_virus_610.jpeg,1,pneumonia_person_294,2.6,Female,100.5,92.9
train_1_person500_bacteria_2111.jpeg,1,pneumonia_person_500,3.2,Female,101.0,93.5
test_0_NORMAL2-IM-0313-0001.jpeg,0,test_NORMAL_NORMAL2-IM-0313-0001,3.8,Male,98.5,97.0
train_0_NORMAL2-IM-0391-0001.jpeg,0,train_NORMAL_NORMAL2-IM-0391-0001,2.6,Female,98.4,99.9
train_1_person368_bacteria_1667.jpeg,1,pneumonia_person_368,4.4,Female,100.5,94.1
train_1_person846_virus_1491.jpeg,1,pneumonia_person_846,1.5,Female,100.2,93.0
train_1_person257_bacteria_1195.jpeg,1,pneumonia_person_257,3.0,Male,100.0,94.5
train_0_IM-0612-0001.jpeg,0,train_NORMAL_IM-0612-0001,5.0,Female,98.9,97.8
train_1_person1287_virus_2210.jpeg,1,pneumonia_person_1287,3.3,Female,100.7,90.9
train_1_person585_virus_1129.jpeg,1,pneumonia_person_585,4.9,Male,100.9,96.5
train_1_person1279_bacteria_3242.jpeg,1,pneumonia_person_1279,3.1,Female,100.7,93.0
train_1_person1908_bacteria_4811.jpeg,1,pneumonia_person_1908,3.8,Male,98.9,97.7
train_0_NORMAL2-IM-0871-0001.jpeg,0,train_NORMAL_NORMAL2-IM-0871-0001,2.9,Female,98.6,98.7
train_1_person789_bacteria_2694.jpeg,1,pneumonia_person_789,2.8,Female,100.9,98.4
test_1_person122_bacteria_586.jpeg,1,pneumonia_person_122,2.0,Female,102.3,96.4
train_1_person49_bacteria_237.jpeg,1,pneumonia_person_49,3.6,Female,100.6,94.1
train_1_person292_virus_600.jpeg,1,pneumonia_person_292,1.9,Male,99.9,91.7
train_1_person1576_bacteria_4122.jpeg,1,pneumonia_person_1576,3.9,Female,100.7,91.7
train_0_NORMAL2-IM-0879-0001.jpeg,0,train_NORMAL_NORMAL2-IM-0879-0001,4.4,Male,98.4,98.2
test_1_person171_bacteria_826.jpeg,1,pneumonia_person_171,3.5,Female,102.1,93.9
train_0_NORMAL2-IM-0960-0001.jpeg,0,train_NORMAL_NORMAL2-IM-0960-0001,2.6,Male,98.7,96.9
train_1_person1088_virus_1800.jpeg,1,pneumonia_person_1088,3.6,Male,99.5,95.6
train_1_person267_bacteria_1252.jpeg,1,pneumonia_person_267,2.6,Female,100.2,93.6
train_1_person103_virus_190.jpeg,1,pneumonia_person_103,4.2,Male,99.7,95.6
train_0_IM-0642-0001.jpeg,0,train_NORMAL_IM-0642-0001,1.0,Female,97.6,97.2
train_1_person652_bacteria_2544.jpeg,1,pneumonia_person_652,2.6,Female,100.1,96.0
train_0_IM-0463-0001.jpeg,0,train_NORMAL_IM-0463-0001,1.0,Male,98.1,98.5
train_1_person258_bacteria_1212.jpeg,1,pneumonia_person_258,1.1,Male,101.1,96.5
test_1_person83_bacteria_407.jpeg,1,pneumonia_person_83,4.8,Female,99.4,95.9
train_1_person321_bacteria_1487.jpeg,1,pneumonia_person_321,4.2,Female,100.7,93.3
train_0_NORMAL2-IM-0814-0001.jpeg,0,train_NORMAL_NORMAL2-IM-0814-0001,2.1,Male,97.9,99.4
test_0_IM-0009-0001.jpeg,0,test_NORMAL_IM-0009-0001,1.0,Female,98.1,98.3
train_0_NORMAL2-IM-0812-0001.jpeg,0,train_NORMAL_NORMAL2-IM-0812-0001,1.0,Female,97.9,98.3
train_1_person334_bacteria_1542.jpeg,1,pneumonia_person_334,2.3,Male,100.3,95.4
test_1_person122_bacteria_583.jpeg,1,pneumonia_person_122,5.0,Female,100.6,92.5
train_1_person353_bacteria_1628.jpeg,1,pneumonia_person_353,3.6,Female,100.4,88.8
train_1_person1236_virus_2096.jpeg,1,pneumonia_person_1236,2.3,Male,100.7,90.4
train_1_person1273_bacteria_3234.jpeg,1,pneumonia_person_1273,3.6,Female,102.1,94.5
train_0_IM-0644-0001.jpeg,0,train_NORMAL_IM-0644-0001,1.0,Female,97.8,97.4
train_1_person1896_bacteria_4788.jpeg,1,pneumonia_person_1896,2.6,Female,100.0,94.5
test_0_NORMAL2-IM-0198-0001.jpeg,0,test_NORMAL_NORMAL2-IM-0198-0001,3.1,Male,98.8,97.8
train_1_person61_bacteria_290.jpeg,1,pneumonia_person_61,2.9,Male,101.0,94.5
train_1_person1544_bacteria_4038.jpeg,1,pneumonia_person_1544,4.0,Male,101.0,91.6
train_0_IM-0231-0001.jpeg,0,train_NORMAL_IM-0231-0001,3.4,Female,98.5,99.6
train_0_NORMAL2-IM-1279-0001.jpeg,0,train_NORMAL_NORMAL2-IM-1279-0001,3.9,Female,98.2,96.9
train_1_person456_virus_943.jpeg,1,pneumonia_person_456,2.1,Male,101.9,92.1
train_1_person537_bacteria_2266.jpeg,1,pneumonia_person_537,4.2,Female,100.0,94.7
train_1_person1491_bacteria_3892.jpeg,1,pneumonia_person_1491,5.0,Female,99.1,93.7
train_1_person778_virus_1408.jpeg,1,pneumonia_person_778,1.7,Male,100.0,92.0
test_0_NORMAL2-IM-0335-0001.jpeg,0,test_NORMAL_NORMAL2-IM-0335-0001,1.8,Male,98.1,96.9
train_1_person296_bacteria_1394.jpeg,1,pneumonia_person_296,4.7,Male,100.9,97.0
train_0_IM-0275-0001.jpeg,0,train_NORMAL_IM-0275-0001,2.8,Female,98.6,98.1
train_1_person1940_bacteria_4859.jpeg,1,pneumonia_person_1940,4.8,Male,100.1,94.0
train_1_person537_bacteria_2264.jpeg,1,pneumonia_person_537,2.4,Female,99.9,93.6
train_1_person337_bacteria_1565.jpeg,1,pneumonia_person_337,4.9,Female,100.2,89.9
train_1_person445_virus_916.jpeg,1,pneumonia_person_445,3.2,Female,101.3,97.8
train_1_person359_virus_738.jpeg,1,pneumonia_person_359,3.3,Male,101.5,96.1
train_0_IM-0598-0001.jpeg,0,train_NORMAL_IM-0598-0001,5.0,Female,98.4,100.0
test_1_person1628_virus_2821.jpeg,1,pneumonia_person_1628,2.5,Male,101.4,87.8
test_0_NORMAL2-IM-0280-0001.jpeg,0,test_NORMAL_NORMAL2-IM-0280-0001,1.8,Male,98.2,98.4
train_1_person1261_virus_2147.jpeg,1,pneumonia_person_1261,2.4,Male,101.0,93.2
train_1_person574_bacteria_2373.jpeg,1,pneumonia_person_574,3.6,Female,100.2,95.2
train_1_person1036_bacteria_2970.jpeg,1,pneumonia_person_1036,1.0,Female,102.4,92.4
train_1_person335_virus_690.jpeg,1,pneumonia_person_335,3.8,Male,99.9,92.9
train_1_person1175_bacteria_3122.jpeg,1,pneumonia_person_1175,2.3,Male,100.6,95.0
train_1_person1320_bacteria_3347.jpeg,1,pneumonia_person_1320,4.5,Female,101.2,91.6
train_0_NORMAL2-IM-1269-0001-0001.jpeg,0,train_NORMAL_NORMAL2-IM-1269-0001-0001,1.0,Female,98.1,97.3
train_0_NORMAL2-IM-0971-0001-0002.jpeg,0,train_NORMAL_NORMAL2-IM-0971-0001-0002,2.0,Male,98.0,97.0
test_1_person1663_virus_2876.jpeg,1,pneumonia_person_1663,1.0,Male,100.1,96.8
train_0_NORMAL2-IM-0399-0001.jpeg,0,train_NORMAL_NORMAL2-IM-0399-0001,1.9,Female,97.7,97.1
test_1_person65_virus_123.jpeg,1,pneumonia_person_65,3.3,Female,99.8,96.2
train_1_person41_bacteria_210.jpeg,1,pneumonia_person_41,2.8,Male,101.8,93.7
train_1_person1872_bacteria_4751.jpeg,1,pneumonia_person_1872,2.7,Female,99.6,97.2
train_0_IM-0217-0001.jpeg,0,train_NORMAL_IM-0217-0001,2.8,Female,98.7,97.1
train_1_person1202_virus_2045.jpeg,1,pneumonia_person_1202,3.3,Male,100.8,98.6
train_1_person468_bacteria_1991.jpeg,1,pneumonia_person_468,1.7,Female,98.6,98.9
train_1_person997_virus_1678.jpeg,1,pneumonia_person_997,3.9,Female,101.1,94.6
train_1_person1092_bacteria_3032.jpeg,1,pneumonia_person_1092,3.9,Male,98.6,95.6
train_1_person275_bacteria_1291.jpeg,1,pneumonia_person_275,3.5,Male,101.2,93.4
train_1_person529_bacteria_2230.jpeg,1,pneumonia_person_529,3.7,Male,99.7,93.0
train_0_IM-0497-0001.jpeg,0,train_NORMAL_IM-0497-0001,3.4,Male,97.1,99.0
train_1_person1691_bacteria_4481.jpeg,1,pneumonia_person_1691,5.0,Female,98.7,93.4
train_1_person509_bacteria_2146.jpeg,1,pneumonia_person_509,2.9,Female,100.6,94.9
test_1_person104_bacteria_491.jpeg,1,pneumonia_person_104,2.6,Female,101.6,94.5
train_1_person779_virus_1409.jpeg,1,pneumonia_person_779,2.0,Female,99.4,98.5
test_1_person173_bacteria_829.jpeg,1,pneumonia_person_173,1.7,Male,99.6,93.8
train_1_person441_bacteria_1907.jpeg,1,pneumonia_person_441,1.4,Female,101.0,89.8
train_1_person502_bacteria_2120.jpeg,1,pneumonia_person_502,1.8,Male,101.0,97.6
train_0_IM-0444-0001.jpeg,0,train_NORMAL_IM-0444-0001,2.9,Male,99.6,99.0
train_1_person531_bacteria_2239.jpeg,1,pneumonia_person_531,3.4,Male,103.0,92.1
train_1_person1156_virus_1936.jpeg,1,pneumonia_person_1156,3.1,Female,101.1,94.2
train_1_person1449_bacteria_3743.jpeg,1,pneumonia_person_1449,2.0,Female,101.3,94.5
test_0_IM-0073-0001.jpeg,0,test_NORMAL_IM-0073-0001,4.2,Male,98.0,96.9
train_1_person942_virus_1611.jpeg,1,pneumonia_person_942,4.0,Female,98.0,91.6
train_0_IM-0365-0001.jpeg,0,train_NORMAL_IM-0365-0001,2.8,Female,98.8,98.0
train_1_person402_bacteria_1811.jpeg,1,pneumonia_person_402,2.2,Male,99.7,95.1
train_0_IM-0701-0001.jpeg,0,train_NORMAL_IM-0701-0001,3.7,Female,98.5,97.1
train_1_person1368_virus_2352.jpeg,1,pneumonia_person_1368,3.2,Female,100.1,90.4
train_0_NORMAL2-IM-0412-0001.jpeg,0,train_NORMAL_NORMAL2-IM-0412-0001,1.1,Male,98.6,97.7
train_1_person307_bacteria_1441.jpeg,1,pneumonia_person_307,2.9,Female,99.4,95.8
train_1_person1175_virus_1981.jpeg,1,pneumonia_person_1175,3.3,Female,101.5,91.9
train_1_person1300_virus_2240.jpeg,1,pneumonia_person_1300,1.8,Female,98.9,88.5
train_1_person1555_bacteria_4060.jpeg,1,pneumonia_person_1555,3.2,Male,103.3,90.8
train_1_person1182_virus_2017.jpeg,1,pneumonia_person_1182,1.1,Male,103.3,92.0
train_1_person40_bacteria_203.jpeg,1,pneumonia_person_40,4.7,Female,102.5,97.4
train_1_person1454_bacteria_3782.jpeg,1,pneumonia_person_1454,4.6,Male,102.1,93.2
train_0_NORMAL2-IM-1158-0001.jpeg,0,train_NORMAL_NORMAL2-IM-1158-0001,2.7,Male,99.4,98.3
train_1_person317_bacteria_1471.jpeg,1,pneumonia_person_317,3.5,Male,101.9,93.9
train_0_IM-0620-0001-0001.jpeg,0,train_NORMAL_IM-0620-0001-0001,1.0,Female,97.8,98.3
train_1_person277_bacteria_1307.jpeg,1,pneumonia_person_277,1.5,Male,98.4,94.8
train_1_person1460_bacteria_3805.jpeg,1,pneumonia_person_1460,2.6,Female,102.4,91.1
train_1_person49_bacteria_235.jpeg,1,pneumonia_person_49,1.6,Male,101.9,91.4
train_1_person504_bacteria_2129.jpeg,1,pneumonia_person_504,3.9,Male,100.4,94.4
train_1_person1639_bacteria_4347.jpeg,1,pneumonia_person_1639,5.0,Male,98.8,97.9
train_1_person939_bacteria_2864.jpeg,1,pneumonia_person_939,1.5,Female,99.6,99.0
test_0_IM-0015-0001.jpeg,0,test_NORMAL_IM-0015-0001,1.9,Male,98.0,97.6
train_0_NORMAL2-IM-1250-0001.jpeg,0,train_NORMAL_NORMAL2-IM-1250-0001,3.3,Male,98.4,97.1
train_0_NORMAL2-IM-0496-0001.jpeg,0,train_NORMAL_NORMAL2-IM-0496-0001,5.0,Female,98.5,97.9
train_1_person489_bacteria_2066.jpeg,1,pneumonia_person_489,1.4,Female,100.8,96.4
train_1_person441_virus_897.jpeg,1,pneumonia_person_441,3.3,Male,99.3,88.1
train_1_person1460_virus_2509.jpeg,1,pneumonia_person_1460,5.0,Male,98.5,93.7
train_1_person1488_virus_2587.jpeg,1,pneumonia_person_1488,1.0,Female,100.7,92.3
train_1_person1345_bacteria_3425.jpeg,1,pneumonia_person_1345,1.3,Male,100.0,88.7
train_0_IM-0509-0001.jpeg,0,train_NORMAL_IM-0509-0001,2.4,Male,98.4,97.6
train_0_NORMAL2-IM-0793-0001.jpeg,0,train_NORMAL_NORMAL2-IM-0793-0001,2.3,Male,99.2,99.0
train_1_person889_bacteria_2813.jpeg,1,pneumonia_person_889,4.1,Female,99.4,93.6
train_0_NORMAL2-IM-0481-0001.jpeg,0,train_NORMAL_NORMAL2-IM-0481-0001,3.3,Male,98.0,98.4
train_1_person27_bacteria_135.jpeg,1,pneumonia_person_27,1.0,Male,97.6,94.4
train_1_person506_bacteria_2136.jpeg,1,pneumonia_person_506,3.7,Male,102.7,95.9
train_0_IM-0213-0001.jpeg,0,train_NORMAL_IM-0213-0001,2.2,Female,98.1,98.1
train_0_IM-0343-0001.jpeg,0,train_NORMAL_IM-0343-0001,4.7,Female,98.2,97.6
train_1_person439_bacteria_1895.jpeg,1,pneumonia_person_439,2.2,Female,99.3,93.0
train_1_person461_virus_950.jpeg,1,pneumonia_person_461,2.2,Male,100.0,95.2
test_0_NORMAL2-IM-0315-0001.jpeg,0,test_NORMAL_NORMAL2-IM-0315-0001,3.7,Male,98.0,99.6
train_1_person424_bacteria_1859.jpeg,1,pneumonia_person_424,4.0,Male,99.7,93.1
train_1_person782_bacteria_2686.jpeg,1,pneumonia_person_782,3.6,Female,100.7,91.2
train_1_person581_bacteria_2393.jpeg,1,pneumonia_person_581,1.0,Female,100.4,94.3
train_1_person1663_bacteria_4412.jpeg,1,pneumonia_person_1663,3.7,Male,99.7,94.7
train_1_person348_virus_711.jpeg,1,pneumonia_person_348,1.7,Female,99.7,96.6
test_1_person81_bacteria_398.jpeg,1,pneumonia_person_81,3.3,Female,100.8,91.8
train_0_NORMAL2-IM-0881-0001.jpeg,0,train_NORMAL_NORMAL2-IM-0881-0001,1.1,Female,97.6,97.0
train_0_IM-0657-0001.jpeg,0,train_NORMAL_IM-0657-0001,3.6,Male,98.0,96.5
train_1_person1164_virus_1952.jpeg,1,pneumonia_person_1164,2.0,Female,99.8,92.5
train_1_person306_virus_628.jpeg,1,pneumonia_person_306,1.3,Male,100.6,92.4
train_0_NORMAL2-IM-0396-0001.jpeg,0,train_NORMAL_NORMAL2-IM-0396-0001,3.9,Male,97.9,97.9
train_1_person104_virus_191.jpeg,1,pneumonia_person_104,3.3,Male,100.2,90.1
train_1_person714_bacteria_2615.jpeg,1,pneumonia_person_714,2.2,Female,101.6,98.6
train_1_person1116_virus_1841.jpeg,1,pneumonia_person_1116,4.9,Female,98.1,92.0
train_1_person1702_bacteria_4508.jpeg,1,pneumonia_person_1702,2.4,Male,99.8,95.7
train_1_person1598_bacteria_4195.jpeg,1,pneumonia_person_1598,3.0,Male,100.4,93.2
train_1_person1866_bacteria_4740.jpeg,1,pneumonia_person_1866,3.3,Female,102.9,94.2
test_1_person130_bacteria_628.jpeg,1,pneumonia_person_130,2.2,Female,97.9,92.8
train_1_person1145_virus_1906.jpeg,1,pneumonia_person_1145,3.6,Male,100.3,95.6
train_1_person68_bacteria_335.jpeg,1,pneumonia_person_68,2.3,Male,102.3,92.6
train_0_NORMAL2-IM-0853-0001.jpeg,0,train_NORMAL_NORMAL2-IM-0853-0001,2.5,Male,99.1,99.4
train_1_person1670_bacteria_4429.jpeg,1,pneumonia_person_1670,4.8,Male,100.1,98.0
train_1_person465_bacteria_1981.jpeg,1,pneumonia_person_465,1.6,Female,100.8,93.6
train_0_NORMAL2-IM-1189-0001.jpeg,0,train_NORMAL_NORMAL2-IM-1189-0001,1.0,Male,98.6,96.2
train_1_person460_bacteria_1958.jpeg,1,pneumonia_person_460,5.0,Female,102.4,89.8
train_1_person36_bacteria_183.jpeg,1,pneumonia_person_36,5.0,Female,101.0,98.2
train_1_person1617_bacteria_4255.jpeg,1,pneumonia_person_1617,2.5,Female,102.1,92.1
train_1_person1381_virus_2375.jpeg,1,pneumonia_person_1381,1.0,Female,99.9,98.7
train_1_person1582_bacteria_4143.jpeg,1,pneumonia_person_1582,2.6,Male,99.4,94.5
train_1_person1147_virus_1917.jpeg,1,pneumonia_person_1147,2.6,Male,100.1,93.9
test_1_person22_virus_54.jpeg,1,pneumonia_person_22,2.8,Female,98.9,93.9
train_0_NORMAL2-IM-1327-0001.jpeg,0,train_NORMAL_NORMAL2-IM-1327-0001,1.6,Female,98.2,97.7
train_1_person475_bacteria_2020.jpeg,1,pneumonia_person_475,3.8,Female,99.9,88.0
train_1_person453_virus_935.jpeg,1,pneumonia_person_453,3.7,Male,99.5,94.0
train_1_person1050_bacteria_2984.jpeg,1,pneumonia_person_1050,1.1,Female,101.0,92.8
test_0_NORMAL2-IM-0199-0001.jpeg,0,test_NORMAL_NORMAL2-IM-0199-0001,3.9,Male,97.7,98.4
train_0_IM-0460-0001.jpeg,0,train_NORMAL_IM-0460-0001,5.0,Male,98.7,100.0
train_1_person893_bacteria_2818.jpeg,1,pneumonia_person_893,3.2,Female,99.8,92.8
train_1_person681_virus_1272.jpeg,1,pneumonia_person_681,2.6,Male,101.9,94.0
train_1_person1026_virus_1718.jpeg,1,pneumonia_person_1026,2.8,Male,99.9,93.4
train_0_IM-0624-0001-0002.jpeg,0,train_NORMAL_IM-0624-0001-0002,3.8,Male,98.9,97.6
train_1_person1418_bacteria_3638.jpeg,1,pneumonia_person_1418,1.0,Male,100.6,94.5
train_1_person1649_bacteria_4377.jpeg,1,pneumonia_person_1649,3.2,Female,101.4,95.3
train_1_person1945_bacteria_4872.jpeg,1,pneumonia_person_1945,2.5,Female,100.5,92.1
test_0_NORMAL2-IM-0354-0001.jpeg,0,test_NORMAL_NORMAL2-IM-0354-0001,5.0,Female,98.8,95.7
train_1_person1344_bacteria_3421.jpeg,1,pneumonia_person_1344,2.8,Male,101.7,96.8
train_0_NORMAL2-IM-1202-0001.jpeg,0,train_NORMAL_NORMAL2-IM-1202-0001,5.0,Female,98.3,100.0
train_1_person1519_virus_2646.jpeg,1,pneumonia_person_1519,1.6,Female,101.4,95.6
train_1_person296_bacteria_1392.jpeg,1,pneumonia_person_296,3.8,Male,101.3,93.6
train_1_person321_virus_648.jpeg,1,pneumonia_person_321,3.4,Female,99.4,96.4
test_1_person1_virus_7.jpeg,1,pneumonia_person_1,1.9,Female,99.2,97.4
train_1_person1147_virus_1920.jpeg,1,pneumonia_person_1147,3.2,Female,101.3,95.5
train_1_person1041_bacteria_2975.jpeg,1,pneumonia_person_1041,4.6,Female,100.0,92.1
train_0_NORMAL2-IM-0684-0001-0001.jpeg,0,train_NORMAL_NORMAL2-IM-0684-0001-0001,2.6,Female,98.3,97.2
train_0_IM-0256-0001.jpeg,0,train_NORMAL_IM-0256-0001,1.0,Female,97.8,97.6
train_0_NORMAL2-IM-1400-0001.jpeg,0,train_NORMAL_NORMAL2-IM-1400-0001,3.0,Female,98.1,99.1
train_0_IM-0162-0001.jpeg,0,train_NORMAL_IM-0162-0001,1.8,Female,99.3,98.5
train_1_person488_bacteria_2061.jpeg,1,pneumonia_person_488,2.6,Male,100.8,92.1
val_0_NORMAL2-IM-1440-0001.jpeg,0,val_NORMAL_NORMAL2-IM-1440-0001,2.9,Female,98.8,98.0
test_1_person151_bacteria_718.jpeg,1,pneumonia_person_151,1.0,Female,100.7,90.8
test_1_person1_virus_6.jpeg,1,pneumonia_person_1,1.0,Male,102.0,91.1
train_1_person471_bacteria_2005.jpeg,1,pneumonia_person_471,3.6,Female,100.3,90.2
train_1_person1680_bacteria_4455.jpeg,1,pneumonia_person_1680,2.3,Female,101.1,91.1
train_1_person1135_bacteria_3077.jpeg,1,pneumonia_person_1135,1.0,Female,100.5,96.6
train_1_person367_virus_747.jpeg,1,pneumonia_person_367,4.0,Female,100.6,96.7
train_1_person88_virus_166.jpeg,1,pneumonia_person_88,3.4,Male,102.6,93.3
train_0_NORMAL2-IM-1253-0001.jpeg,0,train_NORMAL_NORMAL2-IM-1253-0001,2.1,Female,97.9,99.3
train_1_person1080_virus_1791.jpeg,1,pneumonia_person_1080,1.3,Female,100.5,93.5
train_1_person1283_bacteria_3246.jpeg,1,pneumonia_person_1283,4.1,Male,100.7,90.5
train_1_person61_bacteria_292.jpeg,1,pneumonia_person_61,3.5,Female,99.5,99.0
train_1_person1567_virus_2722.jpeg,1,pneumonia_person_1567,5.0,Male,100.2,96.9
train_1_person1810_bacteria_4664.jpeg,1,pneumonia_person_1810,3.5,Male,100.8,94.4
train_1_person1600_bacteria_4202.jpeg,1,pneumonia_person_1600,3.5,Female,101.5,91.4
train_0_IM-0503-0001.jpeg,0,train_NORMAL_IM-0503-0001,2.8,Female,98.0,98.9
train_1_person1818_bacteria_4676.jpeg,1,pneumonia_person_1818,4.1,Female,99.0,91.8
train_1_person382_bacteria_1745.jpeg,1,pneumonia_person_382,3.8,Male,101.7,93.7
train_1_person635_bacteria_2526.jpeg,1,pneumonia_person_635,4.6,Female,100.3,94.3
train_1_person257_bacteria_1200.jpeg,1,pneumonia_person_257,2.3,Male,99.1,92.6
train_1_person25_bacteria_118.jpeg,1,pneumonia_person_25,2.4,Female,102.1,89.9
train_1_person1389_bacteria_3531.jpeg,1,pneumonia_person_1389,2.4,Female,102.3,98.8
train_0_NORMAL2-IM-1116-0001-0001.jpeg,0,train_NORMAL_NORMAL2-IM-1116-0001-0001,4.0,Female,97.7,98.5
train_1_person1254_virus_2130.jpeg,1,pneumonia_person_1254,4.9,Male,101.3,94.6
train_0_IM-0599-0001.jpeg,0,train_NORMAL_IM-0599-0001,2.4,Female,98.9,96.5
train_1_person19_bacteria_63.jpeg,1,pneumonia_person_19,2.4,Male,102.2,89.6
train_1_person704_bacteria_2603.jpeg,1,pneumonia_person_704,3.4,Female,101.3,93.3
train_1_person146_virus_296.jpeg,1,pneumonia_person_146,2.7,Male,98.7,92.7
train_1_person45_bacteria_222.jpeg,1,pneumonia_person_45,4.2,Female,103.0,95.3
val_1_person1954_bacteria_4886.jpeg,1,pneumonia_person_1954,1.0,Male,101.8,95.8
train_1_person731_bacteria_2633.jpeg,1,pneumonia_person_731,1.9,Female,99.7,95.4
train_1_person1216_bacteria_3168.jpeg,1,pneumonia_person_1216,2.0,Female,99.1,96.0
train_1_person1850_bacteria_4721.jpeg,1,pneumonia_person_1850,1.0,Male,101.1,98.0
train_1_person399_virus_793.jpeg,1,pneumonia_person_399,1.7,Female,100.0,94.5
train_1_person66_bacteria_323.jpeg,1,pneumonia_person_66,1.8,Male,100.8,96.2
test_0_IM-0016-0001.jpeg,0,test_NORMAL_IM-0016-0001,2.7,Female,97.8,96.7
train_1_person1563_bacteria_4092.jpeg,1,pneumonia_person_1563,4.4,Male,99.7,88.7
train_0_NORMAL2-IM-0929-0001.jpeg,0,train_NORMAL_NORMAL2-IM-0929-0001,2.7,Male,99.4,97.4
test_1_person78_virus_140.jpeg,1,pneumonia_person_78,1.7,Male,100.9,91.3
train_1_person659_virus_1243.jpeg,1,pneumonia_person_659,2.9,Female,99.7,94.1
train_1_person124_virus_250.jpeg,1,pneumonia_person_124,4.4,Female,100.6,91.5
train_1_person1696_bacteria_4495.jpeg,1,pneumonia_person_1696,1.7,Female,98.7,95.0
train_1_person448_bacteria_1935.jpeg,1,pneumonia_person_448,1.8,Male,100.1,96.0
train_0_IM-0742-0001.jpeg,0,train_NORMAL_IM-0742-0001,3.7,Female,98.9,97.0
train_1_person480_bacteria_2040.jpeg,1,pneumonia_person_480,2.7,Male,101.2,97.5
test_1_person147_bacteria_706.jpeg,1,pneumonia_person_147,3.8,Male,99.4,89.3
train_0_IM-0702-0001.jpeg,0,train_NORMAL_IM-0702-0001,3.0,Male,98.5,99.2
test_1_person122_bacteria_585.jpeg,1,pneumonia_person_122,3.9,Male,100.4,100.0
train_1_person1679_bacteria_4448.jpeg,1,pneumonia_person_1679,1.7,Female,101.1,96.0
train_1_person843_virus_1485.jpeg,1,pneumonia_person_843,3.0,Female,100.9,94.1
train_0_IM-0274-0001.jpeg,0,train_NORMAL_IM-0274-0001,2.7,Female,98.9,98.2
train_1_person328_bacteria_1512.jpeg,1,pneumonia_person_328,1.4,Female,100.8,93.4
train_1_person1333_bacteria_3383.jpeg,1,pneumonia_person_1333,1.0,Female,102.4,88.7
train_1_person1453_bacteria_3772.jpeg,1,pneumonia_person_1453,3.9,Male,100.7,91.6
train_1_person1748_bacteria_4588.jpeg,1,pneumonia_person_1748,2.5,Male,98.3,93.2
train_1_person494_bacteria_2090.jpeg,1,pneumonia_person_494,1.7,Female,100.7,91.7
train_0_IM-0575-0001.jpeg,0,train_NORMAL_IM-0575-0001,2.9,Male,98.2,95.4
train_0_IM-0637-0001.jpeg,0,train_NORMAL_IM-0637-0001,4.5,Male,99.2,98.2
train_1_person531_bacteria_2240.jpeg,1,pneumonia_person_531,1.0,Female,100.4,92.9
train_1_person1083_virus_1795.jpeg,1,pneumonia_person_1083,1.1,Male,100.1,94.2
train_1_person74_bacteria_362.jpeg,1,pneumonia_person_74,1.8,Female,100.5,94.1
test_1_person140_bacteria_668.jpeg,1,pneumonia_person_140,4.9,Female,100.7,95.0
train_1_person669_bacteria_2562.jpeg,1,pneumonia_person_669,3.4,Female,101.9,92.3
train_0_NORMAL2-IM-0899-0001.jpeg,0,train_NORMAL_NORMAL2-IM-0899-0001,4.0,Female,97.6,100.0
train_0_NORMAL2-IM-1005-0001.jpeg,0,train_NORMAL_NORMAL2-IM-1005-0001,1.5,Male,97.6,98.1
train_1_person1628_bacteria_4293.jpeg,1,pneumonia_person_1628,1.5,Male,100.2,90.3
train_1_person1168_bacteria_3115.jpeg,1,pneumonia_person_1168,3.6,Female,99.9,93.2
train_1_person1207_bacteria_3159.jpeg,1,pneumonia_person_1207,3.1,Female,99.5,93.1
test_0_NORMAL2-IM-0145-0001.jpeg,0,test_NORMAL_NORMAL2-IM-0145-0001,3.7,Male,99.4,98.2
train_0_IM-0739-0001.jpeg,0,train_NORMAL_IM-0739-0001,2.8,Female,97.9,98.3
train_0_NORMAL2-IM-0463-0001.jpeg,0,train_NORMAL_NORMAL2-IM-0463-0001,3.4,Female,98.5,98.3
train_1_person543_bacteria_2282.jpeg,1,pneumonia_person_543,3.2,Male,101.0,94.8
train_1_person23_bacteria_98.jpeg,1,pneumonia_person_23,4.0,Female,101.3,94.3
train_0_IM-0508-0001.jpeg,0,train_NORMAL_IM-0508-0001,4.0,Female,97.6,97.2
train_0_IM-0243-0001.jpeg,0,train_NORMAL_IM-0243-0001,1.0,Female,97.9,97.4
train_1_person1582_bacteria_4136.jpeg,1,pneumonia_person_1582,1.0,Female,101.7,95.4
train_1_person459_virus_947.jpeg,1,pneumonia_person_459,4.3,Female,103.0,94.7
train_0_NORMAL2-IM-1096-0001-0003.jpeg,0,train_NORMAL_NORMAL2-IM-1096-0001-0003,4.5,Female,97.9,96.5
train_1_person1510_virus_2629.jpeg,1,pneumonia_person_1510,1.7,Male,101.4,94.2
train_1_person1458_virus_2502.jpeg,1,pneumonia_person_1458,1.0,Female,100.4,95.1
train_0_NORMAL2-IM-1094-0001-0001.jpeg,0,train_NORMAL_NORMAL2-IM-1094-0001-0001,3.1,Female,98.6,98.4
test_1_person10_virus_35.jpeg,1,pneumonia_person_10,4.2,Female,99.4,94.8
train_1_person1186_bacteria_3135.jpeg,1,pneumonia_person_1186,5.0,Female,98.5,94.3
train_0_IM-0678-0001.jpeg,0,train_NORMAL_IM-0678-0001,3.7,Male,98.0,97.5
train_0_IM-0359-0001.jpeg,0,train_NORMAL_IM-0359-0001,2.5,Male,98.4,99.5
train_1_person5_bacteria_19.jpeg,1,pneumonia_person_5,1.8,Male,100.0,94.5
train_1_person542_virus_1072.jpeg,1,pneumonia_person_542,3.0,Female,98.5,91.9
train_1_person1438_virus_2452.jpeg,1,pneumonia_person_1438,2.6,Female,100.4,96.3
test_1_person138_bacteria_658.jpeg,1,pneumonia_person_138,1.7,Male,100.0,89.5
train_1_person1237_bacteria_3193.jpeg,1,pneumonia_person_1237,5.0,Female,98.9,95.5
train_1_person294_bacteria_1382.jpeg,1,pneumonia_person_294,5.0,Male,99.9,93.5
train_1_person312_bacteria_1454.jpeg,1,pneumonia_person_312,4.5,Male,100.0,95.9
train_1_person487_bacteria_2060.jpeg,1,pneumonia_person_487,1.8,Female,99.6,91.5
train_1_person1268_bacteria_3227.jpeg,1,pneumonia_person_1268,4.1,Male,101.6,93.7
train_0_NORMAL2-IM-1014-0001.jpeg,0,train_NORMAL_NORMAL2-IM-1014-0001,3.8,Female,97.5,98.5
train_0_NORMAL2-IM-0806-0001.jpeg,0,train_NORMAL_NORMAL2-IM-0806-0001,3.6,Female,97.2,98.7
train_1_person1161_virus_1948.jpeg,1,pneumonia_person_1161,4.6,Male,100.4,90.9
train_1_person1561_bacteria_4077.jpeg,1,pneumonia_person_1561,3.8,Male,100.5,95.1
train_1_person51_bacteria_241.jpeg,1,pneumonia_person_51,4.0,Male,100.9,88.9
val_0_NORMAL2-IM-1437-0001.jpeg,0,val_NORMAL_NORMAL2-IM-1437-0001,3.8,Male,97.7,97.6
train_1_person1320_virus_2277.jpeg,1,pneumonia_person_1320,3.4,Female,99.2,89.6
train_0_NORMAL2-IM-1247-0001.jpeg,0,train_NORMAL_NORMAL2-IM-1247-0001,1.0,Female,98.8,97.9
train_1_person1097_virus_1817.jpeg,1,pneumonia_person_1097,3.1,Female,99.8,94.5
train_0_IM-0640-0001.jpeg,0,train_NORMAL_IM-0640-0001,2.3,Female,98.0,98.2
test_1_person1_virus_11.jpeg,1,pneumonia_person_1,1.3,Female,100.0,97.2
train_1_person663_bacteria_2555.jpeg,1,pneumonia_person_663,5.0,Female,100.3,92.7
train_0_NORMAL2-IM-0669-0001.jpeg,0,train_NORMAL_NORMAL2-IM-0669-0001,5.0,Female,98.2,97.2
train_1_person1455_virus_2488.jpeg,1,pneumonia_person_1455,4.8,Female,100.1,93.7
train_1_person1648_bacteria_4373.jpeg,1,pneumonia_person_1648,3.3,Female,101.1,93.3
train_1_person438_bacteria_1890.jpeg,1,pneumonia_person_438,4.8,Male,101.2,96.8
train_1_person1855_bacteria_4727.jpeg,1,pneumonia_person_1855,3.0,Male,101.4,98.7
test_1_person142_bacteria_684.jpeg,1,pneumonia_person_142,3.3,Female,100.8,92.4
train_1_person153_virus_304.jpeg,1,pneumonia_person_153,1.6,Male,100.7,95.6
train_0_NORMAL2-IM-1134-0001.jpeg,0,train_NORMAL_NORMAL2-IM-1134-0001,3.5,Male,98.4,98.3
train_1_person971_bacteria_2896.jpeg,1,pneumonia_person_971,3.1,Male,99.7,94.3
train_1_person1476_virus_2560.jpeg,1,pneumonia_person_1476,1.3,Male,100.8,94.1
test_1_person121_bacteria_578.jpeg,1,pneumonia_person_121,2.9,Female,103.0,92.7
train_1_person1932_bacteria_4843.jpeg,1,pneumonia_person_1932,2.9,Female,102.0,84.5
train_1_person873_bacteria_2796.jpeg,1,pneumonia_person_873,5.0,Male,100.8,97.3
train_0_IM-0235-0001.jpeg,0,train_NORMAL_IM-0235-0001,4.2,Female,98.5,97.9
train_0_NORMAL2-IM-0657-0001.jpeg,0,train_NORMAL_NORMAL2-IM-0657-0001,3.0,Female,98.4,98.7
train_1_person381_bacteria_1730.jpeg,1,pneumonia_person_381,3.3,Female,100.1,92.9
train_0_NORMAL2-IM-0486-0001.jpeg,0,train_NORMAL_NORMAL2-IM-0486-0001,3.1,Female,98.6,97.6
train_1_person537_bacteria_2262.jpeg,1,pneumonia_person_537,2.7,Male,102.3,94.1
train_1_person1115_virus_1840.jpeg,1,pneumonia_person_1115,1.6,Male,99.4,93.4
train_1_person1267_virus_2160.jpeg,1,pneumonia_person_1267,2.8,Female,99.8,91.7
train_0_NORMAL2-IM-1059-0001.jpeg,0,train_NORMAL_NORMAL2-IM-1059-0001,2.0,Female,99.0,95.8
train_1_person1520_virus_2647.jpeg,1,pneumonia_person_1520,1.4,Female,100.5,93.4
train_1_person16_bacteria_54.jpeg,1,pneumonia_person_16,3.7,Female,102.8,95.8
train_1_person586_bacteria_2418.jpeg,1,pneumonia_person_586,3.5,Female,100.7,90.1
train_1_person70_bacteria_345.jpeg,1,pneumonia_person_70,1.0,Male,100.7,91.5
train_0_NORMAL2-IM-0531-0001.jpeg,0,train_NORMAL_NORMAL2-IM-0531-0001,2.8,Female,98.8,97.7
train_0_NORMAL2-IM-0839-0001.jpeg,0,train_NORMAL_NORMAL2-IM-0839-0001,4.3,Male,98.2,97.1
train_0_IM-0363-0001.jpeg,0,train_NORMAL_IM-0363-0001,4.4,Male,98.8,96.8
train_0_NORMAL2-IM-0476-0001.jpeg,0,train_NORMAL_NORMAL2-IM-0476-0001,4.3,Male,98.4,97.9
train_1_person487_bacteria_2059.jpeg,1,pneumonia_person_487,3.1,Female,99.9,93.2
test_1_person147_bacteria_707.jpeg,1,pneumonia_person_147,1.9,Male,101.6,93.3
train_1_person1121_virus_1846.jpeg,1,pneumonia_person_1121,1.6,Female,100.2,93.0
train_0_NORMAL2-IM-1308-0001.jpeg,0,train_NORMAL_NORMAL2-IM-1308-0001,3.4,Female,99.5,98.3
train_1_person51_bacteria_239.jpeg,1,pneumonia_person_51,3.5,Female,101.7,95.4
train_1_person502_bacteria_2123.jpeg,1,pneumonia_person_502,4.7,Male,101.8,96.8
test_1_person1682_virus_2899.jpeg,1,pneumonia_person_1682,4.4,Female,99.8,88.7
train_1_person1595_bacteria_4183.jpeg,1,pneumonia_person_1595,2.8,Male,100.7,89.6
train_1_person1110_virus_1835.jpeg,1,pneumonia_person_1110,1.4,Female,98.8,96.0
train_1_person1243_virus_2110.jpeg,1,pneumonia_person_1243,2.6,Female,99.2,97.4
train_1_person548_bacteria_2300.jpeg,1,pneumonia_person_548,3.3,Male,100.6,88.2
test_0_IM-0023-0001.jpeg,0,test_NORMAL_IM-0023-0001,2.7,Male,97.9,98.6
train_1_person437_virus_888.jpeg,1,pneumonia_person_437,2.2,Male,99.1,97.6
train_1_person59_bacteria_280.jpeg,1,pneumonia_person_59,3.3,Female,99.5,91.3
train_1_person515_bacteria_2187.jpeg,1,pneumonia_person_515,2.3,Female,99.0,97.4
train_1_person270_virus_555.jpeg,1,pneumonia_person_270,2.2,Male,101.0,93.1
train_0_NORMAL2-IM-0582-0001.jpeg,0,train_NORMAL_NORMAL2-IM-0582-0001,3.4,Female,98.5,97.6
train_1_person1619_bacteria_4269.jpeg,1,pneumonia_person_1619,2.5,Male,99.1,91.7
train_1_person326_bacteria_1507.jpeg,1,pneumonia_person_326,3.3,Female,98.0,96.0
train_0_NORMAL2-IM-0894-0001.jpeg,0,train_NORMAL_NORMAL2-IM-0894-0001,3.4,Male,98.5,98.8
train_1_person1048_virus_1744.jpeg,1,pneumonia_person_1048,1.5,Male,98.1,97.8
train_0_IM-0540-0001.jpeg,0,train_NORMAL_IM-0540-0001,2.4,Female,98.7,97.4
train_0_NORMAL2-IM-1219-0001.jpeg,0,train_NORMAL_NORMAL2-IM-1219-0001,4.9,Male,98.6,99.6
train_1_person630_virus_1209.jpeg,1,pneumonia_person_630,1.5,Male,102.6,100.0
train_1_person568_bacteria_2359.jpeg,1,pneumonia_person_568,1.0,Female,98.1,96.9
train_1_person1229_virus_2080.jpeg,1,pneumonia_person_1229,1.0,Male,100.8,94.9
train_1_person429_bacteria_1870.jpeg,1,pneumonia_person_429,3.0,Female,99.1,91.0
train_1_person1387_virus_2382.jpeg,1,pneumonia_person_1387,3.0,Male,98.8,89.7
train_1_person25_bacteria_116.jpeg,1,pneumonia_person_25,2.8,Male,100.3,89.9
train_0_NORMAL2-IM-0808-0001.jpeg,0,train_NORMAL_NORMAL2-IM-0808-0001,4.6,Male,98.3,99.1
train_1_person643_bacteria_2534.jpeg,1,pneumonia_person_643,1.0,Female,101.2,96.9
train_1_person23_bacteria_83.jpeg,1,pneumonia_person_23,3.5,Male,99.5,94.7
train_1_person4_bacteria_14.jpeg,1,pneumonia_person_4,5.0,Male,101.3,92.0
train_1_person51_bacteria_240.jpeg,1,pneumonia_person_51,1.5,Female,97.5,93.2
train_1_person1218_bacteria_3171.jpeg,1,pneumonia_person_1218,2.5,Male,99.4,92.9
train_1_person747_bacteria_2650.jpeg,1,pneumonia_person_747,2.0,Male,99.3,95.5
train_0_NORMAL2-IM-0404-0001.jpeg,0,train_NORMAL_NORMAL2-IM-0404-0001,1.8,Male,98.2,98.0
train_1_person1924_bacteria_4832.jpeg,1,pneumonia_person_1924,2.6,Male,100.1,94.4
train_1_person1200_virus_2042.jpeg,1,pneumonia_person_1200,4.9,Male,100.2,94.3
train_0_IM-0523-0001.jpeg,0,train_NORMAL_IM-0523-0001,5.0,Female,98.2,96.1
train_1_person336_bacteria_1548.jpeg,1,pneumonia_person_336,2.6,Male,100.4,97.5
train_1_person253_bacteria_1155.jpeg,1,pneumonia_person_253,5.0,Male,101.1,92.8
train_1_person1172_virus_1977.jpeg,1,pneumonia_person_1172,3.0,Female,100.6,91.0
train_1_person366_bacteria_1664.jpeg,1,pneumonia_person_366,5.0,Male,100.0,95.6
train_1_person1320_bacteria_3340.jpeg,1,pneumonia_person_1320,2.9,Female,100.9,93.6
train_1_person371_bacteria_1696.jpeg,1,pneumonia_person_371,3.2,Male,101.5,94.5
train_1_person1468_virus_2546.jpeg,1,pneumonia_person_1468,3.5,Female,99.7,90.5
test_1_person133_bacteria_633.jpeg,1,pneumonia_person_133,5.0,Female,100.3,95.5
train_1_person1886_bacteria_4773.jpeg,1,pneumonia_person_1886,4.1,Male,101.9,98.9
train_1_person457_virus_944.jpeg,1,pneumonia_person_457,2.1,Female,99.0,90.3
train_0_NORMAL2-IM-0663-0001.jpeg,0,train_NORMAL_NORMAL2-IM-0663-0001,4.3,Male,98.0,98.0
train_1_person384_bacteria_1755.jpeg,1,pneumonia_person_384,2.5,Female,98.7,91.5
train_0_IM-0473-0001.jpeg,0,train_NORMAL_IM-0473-0001,2.4,Male,97.1,97.4
train_0_IM-0622-0001.jpeg,0,train_NORMAL_IM-0622-0001,4.2,Female,98.8,97.5
train_0_NORMAL2-IM-0512-0001.jpeg,0,train_NORMAL_NORMAL2-IM-0512-0001,3.0,Female,97.9,99.3
train_1_person319_bacteria_1477.jpeg,1,pneumonia_person_319,3.4,Female,99.7,90.4
train_1_person595_bacteria_2438.jpeg,1,pneumonia_person_595,3.0,Male,99.7,91.0
train_1_person1599_bacteria_4200.jpeg,1,pneumonia_person_1599,3.4,Female,99.9,95.4
train_1_person1141_virus_1886.jpeg,1,pneumonia_person_1141,3.6,Female,100.5,90.1
train_1_person55_bacteria_263.jpeg,1,pneumonia_person_55,1.0,Female,100.0,90.2
train_1_person494_bacteria_2089.jpeg,1,pneumonia_person_494,3.9,Female,100.2,93.5
train_1_person1010_bacteria_2941.jpeg,1,pneumonia_person_1010,1.7,Male,96.0,93.8
train_1_person637_bacteria_2528.jpeg,1,pneumonia_person_637,1.1,Female,100.5,94.5
train_1_person399_bacteria_1805.jpeg,1,pneumonia_person_399,2.9,Female,100.4,92.4
train_1_person626_virus_1202.jpeg,1,pneumonia_person_626,3.1,Male,101.8,95.8
train_0_NORMAL2-IM-1020-0001.jpeg,0,train_NORMAL_NORMAL2-IM-1020-0001,2.1,Female,97.5,99.0
train_1_person152_virus_303.jpeg,1,pneumonia_person_152,4.1,Female,100.2,95.1
train_1_person1491_virus_2597.jpeg,1,pneumonia_person_1491,1.3,Male,101.5,94.0
test_1_person1_virus_9.jpeg,1,pneumonia_person_1,2.5,Male,99.0,95.0
train_0_NORMAL2-IM-0383-0001.jpeg,0,train_NORMAL_NORMAL2-IM-0383-0001,2.2,Male,98.4,97.8
train_1_person1941_bacteria_4863.jpeg,1,pneumonia_person_1941,2.9,Male,99.7,92.4
train_0_IM-0542-0001.jpeg,0,train_NORMAL_IM-0542-0001,3.4,Female,97.6,99.4
train_0_NORMAL2-IM-0500-0001.jpeg,0,train_NORMAL_NORMAL2-IM-0500-0001,1.7,Female,97.8,98.1
train_1_person75_bacteria_369.jpeg,1,pneumonia_person_75,3.9,Female,102.2,88.5
train_1_person850_bacteria_2771.jpeg,1,pneumonia_person_850,3.1,Female,100.6,93.1
train_0_NORMAL2-IM-0482-0001.jpeg,0,train_NORMAL_NORMAL2-IM-0482-0001,1.0,Male,98.1,97.5
train_1_person614_bacteria_2481.jpeg,1,pneumonia_person_614,1.0,Female,99.4,90.8
train_1_person1598_bacteria_4197.jpeg,1,pneumonia_person_1598,3.0,Female,101.8,91.3
train_1_person550_virus_1090.jpeg,1,pneumonia_person_550,2.7,Male,99.6,97.3
train_1_person1497_bacteria_3912.jpeg,1,pneumonia_person_1497,2.9,Male,100.7,95.7
train_1_person583_bacteria_2408.jpeg,1,pneumonia_person_583,3.0,Female,100.7,90.3
train_1_person135_virus_271.jpeg,1,pneumonia_person_135,3.3,Female,101.3,92.4
train_1_person661_bacteria_2553.jpeg,1,pneumonia_person_661,4.2,Female,100.7,94.5
train_0_NORMAL2-IM-0798-0001.jpeg,0,train_NORMAL_NORMAL2-IM-0798-0001,1.6,Male,98.4,99.1
train_1_person1139_virus_1882.jpeg,1,pneumonia_person_1139,1.5,Male,101.5,91.5
train_1_person420_bacteria_1851.jpeg,1,pneumonia_person_420,1.6,Male,102.7,92.7
train_1_person149_virus_299.jpeg,1,pneumonia_person_149,3.4,Female,99.6,96.2
train_1_person972_bacteria_2897.jpeg,1,pneumonia_person_972,4.6,Female,98.0,96.5
train_0_IM-0652-0001.jpeg,0,train_NORMAL_IM-0652-0001,2.4,Male,98.5,98.4
test_1_person121_bacteria_575.jpeg,1,pneumonia_person_121,1.0,Male,100.0,94.7
train_1_person370_bacteria_1689.jpeg,1,pneumonia_person_370,1.0,Female,100.2,93.5
train_1_person355_virus_731.jpeg,1,pneumonia_person_355,1.9,Female,101.1,91.0
train_1_person351_bacteria_1624.jpeg,1,pneumonia_person_351,2.3,Female,99.8,92.8
train_1_person1737_bacteria_4573.jpeg,1,pneumonia_person_1737,2.5,Female,100.1,90.3
train_0_IM-0517-0001-0001.jpeg,0,train_NORMAL_IM-0517-0001-0001,3.1,Female,98.7,99.7
train_1_person902_bacteria_2827.jpeg,1,pneumonia_person_902,2.6,Female,102.3,97.4
train_0_NORMAL2-IM-1337-0001.jpeg,0,train_NORMAL_NORMAL2-IM-1337-0001,4.4,Female,98.4,99.2
train_0_IM-0459-0001.jpeg,0,train_NORMAL_IM-0459-0001,2.1,Female,98.1,98.3
train_0_NORMAL2-IM-0595-0001.jpeg,0,train_NORMAL_NORMAL2-IM-0595-0001,1.9,Male,98.1,99.8
train_0_IM-0512-0001.jpeg,0,train_NORMAL_IM-0512-0001,3.6,Female,98.4,97.2
train_1_person1438_bacteria_3721.jpeg,1,pneumonia_person_1438,1.0,Female,98.9,90.7
train_1_person1399_bacteria_3549.jpeg,1,pneumonia_person_1399,3.5,Male,98.4,93.1
train_0_IM-0766-0001.jpeg,0,train_NORMAL_IM-0766-0001,3.1,Female,98.3,96.9
train_1_person297_bacteria_1400.jpeg,1,pneumonia_person_297,2.8,Male,101.3,91.6
train_0_IM-0646-0001.jpeg,0,train_NORMAL_IM-0646-0001,5.0,Male,99.0,99.5
train_1_person472_virus_969.jpeg,1,pneumonia_person_472,2.2,Male,100.8,91.8
train_1_person942_bacteria_2867.jpeg,1,pneumonia_person_942,5.0,Male,100.6,92.1
train_0_NORMAL2-IM-1167-0001.jpeg,0,train_NORMAL_NORMAL2-IM-1167-0001,2.7,Female,99.0,99.2
train_1_person1180_virus_2015.jpeg,1,pneumonia_person_1180,1.3,Female,101.2,89.8
test_0_IM-0037-0001.jpeg,0,test_NORMAL_IM-0037-0001,3.1,Male,98.6,97.1
train_0_IM-0687-0001.jpeg,0,train_NORMAL_IM-0687-0001,1.6,Female,98.1,97.7
train_0_NORMAL2-IM-0908-0001.jpeg,0,train_NORMAL_NORMAL2-IM-0908-0001,2.0,Female,97.6,97.2
train_1_person957_virus_1629.jpeg,1,pneumonia_person_957,3.5,Female,99.9,98.8
train_0_IM-0266-0001.jpeg,0,train_NORMAL_IM-0266-0001,3.7,Female,98.8,97.7
train_0_NORMAL2-IM-1154-0001-0002.jpeg,0,train_NORMAL_NORMAL2-IM-1154-0001-0002,2.2,Female,98.5,97.5
test_0_NORMAL2-IM-0066-0001.jpeg,0,test_NORMAL_NORMAL2-IM-0066-0001,4.3,Female,96.6,98.5
test_0_NORMAL2-IM-0007-0001.jpeg,0,test_NORMAL_NORMAL2-IM-0007-0001,4.5,Female,98.7,99.6
train_1_person536_bacteria_2260.jpeg,1,pneumonia_person_536,4.9,Female,101.9,91.9
train_0_NORMAL2-IM-0869-0001.jpeg,0,train_NORMAL_NORMAL2-IM-0869-0001,3.7,Male,98.1,99.3
train_1_person1496_bacteria_3910.jpeg,1,pneumonia_person_1496,4.8,Female,100.1,95.2
train_1_person1549_bacteria_4050.jpeg,1,pneumonia_person_1549,1.0,Male,96.7,93.6
train_1_person1571_bacteria_4108.jpeg,1,pneumonia_person_1571,2.6,Female,100.0,94.6
train_1_person23_bacteria_101.jpeg,1,pneumonia_person_23,1.9,Female,98.6,92.9
train_0_NORMAL2-IM-1169-0001.jpeg,0,train_NORMAL_NORMAL2-IM-1169-0001,3.2,Female,97.7,96.5
train_0_NORMAL2-IM-1225-0001.jpeg,0,train_NORMAL_NORMAL2-IM-1225-0001,2.3,Female,98.3,98.4
train_1_person1539_bacteria_4022.jpeg,1,pneumonia_person_1539,2.8,Female,101.3,95.3
train_1_person1062_bacteria_2996.jpeg,1,pneumonia_person_1062,5.0,Female,102.2,92.6
train_1_person20_bacteria_69.jpeg,1,pneumonia_person_20,2.8,Female,100.4,92.6
train_1_person374_bacteria_1711.jpeg,1,pneumonia_person_374,3.5,Female,103.4,89.7
train_1_person1168_virus_1965.jpeg,1,pneumonia_person_1168,2.7,Male,100.7,93.7
train_1_person40_bacteria_202.jpeg,1,pneumonia_person_40,3.1,Female,98.7,90.7
train_1_person483_virus_985.jpeg,1,pneumonia_person_483,3.0,Female,99.7,95.8
train_0_NORMAL2-IM-0746-0001.jpeg,0,train_NORMAL_NORMAL2-IM-0746-0001,3.6,Female,97.6,97.5
train_1_person1320_bacteria_3345.jpeg,1,pneumonia_person_1320,4.5,Female,101.2,92.8
train_0_IM-0715-0001.jpeg,0,train_NORMAL_IM-0715-0001,5.0,Female,98.3,97.7
train_0_NORMAL2-IM-1142-0001-0001.jpeg,0,train_NORMAL_NORMAL2-IM-1142-0001-0001,3.4,Male,98.1,98.1
train_1_person1079_bacteria_3019.jpeg,1,pneumonia_person_1079,3.8,Male,100.2,92.4
train_1_person1099_virus_1819.jpeg,1,pneumonia_person_1099,1.5,Male,99.8,95.0
train_1_person1830_bacteria_4693.jpeg,1,pneumonia_person_1830,2.9,Female,101.5,89.0
train_0_NORMAL2-IM-0957-0001.jpeg,0,train_NORMAL_NORMAL2-IM-0957-0001,4.2,Female,98.8,98.8
train_1_person313_virus_637.jpeg,1,pneumonia_person_313,4.1,Female,101.9,96.0
train_1_person545_bacteria_2287.jpeg,1,pneumonia_person_545,3.3,Female,100.0,94.8
test_0_IM-0050-0001.jpeg,0,test_NORMAL_IM-0050-0001,4.2,Male,97.8,97.1
train_1_person475_bacteria_2021.jpeg,1,pneumonia_person_475,3.6,Female,98.6,92.9
train_0_IM-0541-0001.jpeg,0,train_NORMAL_IM-0541-0001,4.6,Female,97.8,97.9
train_1_person612_bacteria_2478.jpeg,1,pneumonia_person_612,3.4,Female,98.8,96.3
test_0_NORMAL2-IM-0058-0001.jpeg,0,test_NORMAL_NORMAL2-IM-0058-0001,2.5,Female,98.7,96.8
train_1_person1274_bacteria_3236.jpeg,1,pneumonia_person_1274,3.4,Male,102.0,94.5
train_0_IM-0577-0001.jpeg,0,train_NORMAL_IM-0577-0001,1.0,Female,97.9,97.9
train_1_person372_bacteria_1704.jpeg,1,pneumonia_person_372,3.5,Female,99.8,97.2
train_1_person371_bacteria_1694.jpeg,1,pneumonia_person_371,1.0,Female,100.1,92.8
train_1_person1043_bacteria_2977.jpeg,1,pneumonia_person_1043,1.0,Male,101.1,98.0
train_0_IM-0383-0001.jpeg,0,train_NORMAL_IM-0383-0001,3.6,Male,98.3,100.0
train_1_person1481_bacteria_3864.jpeg,1,pneumonia_person_1481,3.6,Male,99.7,94.8
train_1_person293_virus_604.jpeg,1,pneumonia_person_293,1.5,Male,98.7,92.3
train_1_person1556_bacteria_4062.jpeg,1,pneumonia_person_1556,2.1,Male,99.7,97.0
train_1_person1684_bacteria_4461.jpeg,1,pneumonia_person_1684,4.8,Male,101.9,95.0
train_1_person480_virus_981.jpeg,1,pneumonia_person_480,2.4,Male,100.5,97.1
test_1_person78_bacteria_382.jpeg,1,pneumonia_person_78,5.0,Male,99.4,93.9
train_1_person62_bacteria_298.jpeg,1,pneumonia_person_62,3.0,Female,102.0,93.4
train_1_person28_bacteria_141.jpeg,1,pneumonia_person_28,3.5,Female,99.6,95.0
test_1_person128_bacteria_606.jpeg,1,pneumonia_person_128,5.0,Male,102.2,97.1
test_1_person113_bacteria_540.jpeg,1,pneumonia_person_113,3.2,Female,102.2,96.0
train_1_person979_bacteria_2905.jpeg,1,pneumonia_person_979,1.7,Male,100.5,93.8
train_1_person605_virus_1169.jpeg,1,pneumonia_person_605,2.9,Female,98.5,88.9
train_0_NORMAL2-IM-1294-0001-0001.jpeg,0,train_NORMAL_NORMAL2-IM-1294-0001-0001,3.0,Male,99.0,98.5
train_1_person1746_bacteria_4585.jpeg,1,pneumonia_person_1746,1.2,Male,100.9,89.9
train_0_IM-0207-0001.jpeg,0,train_NORMAL_IM-0207-0001,2.7,Male,98.2,99.4
train_1_person1242_bacteria_3198.jpeg,1,pneumonia_person_1242,2.0,Male,101.6,93.2
train_1_person768_virus_1396.jpeg,1,pneumonia_person_768,4.2,Male,101.3,90.0
train_1_person264_bacteria_1233.jpeg,1,pneumonia_person_264,3.0,Male,102.1,94.4
train_1_person574_bacteria_2372.jpeg,1,pneumonia_person_574,2.6,Male,99.5,98.9
train_1_person582_bacteria_2403.jpeg,1,pneumonia_person_582,2.9,Female,100.8,92.7
train_0_NORMAL2-IM-0550-0001.jpeg,0,train_NORMAL_NORMAL2-IM-0550-0001,3.3,Female,98.2,96.1
train_1_person1347_virus_2323.jpeg,1,pneumonia_person_1347,3.8,Male,101.3,99.4
train_1_person862_virus_1507.jpeg,1,pneumonia_person_862,1.7,Male,100.4,95.7
train_1_person278_bacteria_1311.jpeg,1,pneumonia_person_278,1.6,Female,100.8,91.9
val_0_NORMAL2-IM-1438-0001.jpeg,0,val_NORMAL_NORMAL2-IM-1438-0001,4.4,Female,98.3,97.1
train_1_person1041_virus_1736.jpeg,1,pneumonia_person_1041,2.5,Female,100.1,94.7
test_1_person62_virus_119.jpeg,1,pneumonia_person_62,1.2,Male,99.3,97.1
train_0_IM-0339-0001.jpeg,0,train_NORMAL_IM-0339-0001,3.6,Female,98.5,97.5
train_0_NORMAL2-IM-0927-0001.jpeg,0,train_NORMAL_NORMAL2-IM-0927-0001,3.6,Female,98.0,98.1
train_1_person876_bacteria_2799.jpeg,1,pneumonia_person_876,1.0,Male,99.7,91.4
train_1_person1452_virus_2484.jpeg,1,pneumonia_person_1452,3.3,Female,101.1,93.3
train_0_NORMAL2-IM-1043-0001.jpeg,0,train_NORMAL_NORMAL2-IM-1043-0001,4.0,Male,98.2,98.1
train_1_person498_bacteria_2102.jpeg,1,pneumonia_person_498,3.5,Male,100.4,84.2
train_1_person835_bacteria_2750.jpeg,1,pneumonia_person_835,3.8,Female,98.4,91.7
train_1_person531_bacteria_2238.jpeg,1,pneumonia_person_531,1.2,Female,98.7,93.5
train_0_IM-0385-0001.jpeg,0,train_NORMAL_IM-0385-0001,3.4,Female,98.7,97.3
train_1_person1544_bacteria_4035.jpeg,1,pneumonia_person_1544,2.6,Male,97.6,91.0
train_1_person1644_bacteria_4358.jpeg,1,pneumonia_person_1644,2.4,Male,102.2,93.6
train_0_NORMAL2-IM-0413-0001.jpeg,0,train_NORMAL_NORMAL2-IM-0413-0001,4.1,Female,98.6,97.8
train_1_person360_virus_739.jpeg,1,pneumonia_person_360,4.9,Female,100.4,92.3
train_0_NORMAL2-IM-1120-0001.jpeg,0,train_NORMAL_NORMAL2-IM-1120-0001,5.0,Female,98.1,98.8
train_0_NORMAL2-IM-0406-0001.jpeg,0,train_NORMAL_NORMAL2-IM-0406-0001,4.7,Female,97.8,98.9
test_1_person122_bacteria_582.jpeg,1,pneumonia_person_122,2.9,Female,100.4,91.3
train_1_person543_bacteria_2283.jpeg,1,pneumonia_person_543,3.5,Male,103.0,90.7
train_1_person645_bacteria_2537.jpeg,1,pneumonia_person_645,4.0,Male,99.5,93.0
train_1_person1186_virus_2021.jpeg,1,pneumonia_person_1186,3.2,Male,101.5,96.3
train_1_person983_bacteria_2910.jpeg,1,pneumonia_person_983,3.2,Male,99.8,91.4
train_1_person443_bacteria_1923.jpeg,1,pneumonia_person_443,4.1,Male,100.5,95.0
train_1_person592_bacteria_2434.jpeg,1,pneumonia_person_592,2.9,Female,102.0,93.7
train_1_person255_bacteria_1188.jpeg,1,pneumonia_person_255,2.1,Male,100.0,98.5
train_1_person579_bacteria_2384.jpeg,1,pneumonia_person_579,2.5,Female,99.5,94.5
train_1_person332_bacteria_1531.jpeg,1,pneumonia_person_332,3.8,Male,102.2,91.8
train_1_person1033_bacteria_2966.jpeg,1,pneumonia_person_1033,3.0,Female,100.5,95.3
test_1_person150_bacteria_717.jpeg,1,pneumonia_person_150,3.4,Female,101.8,95.4
train_0_NORMAL2-IM-0845-0001.jpeg,0,train_NORMAL_NORMAL2-IM-0845-0001,3.9,Male,97.4,97.3
test_1_person127_bacteria_602.jpeg,1,pneumonia_person_127,2.5,Male,102.2,90.6
test_0_NORMAL2-IM-0309-0001.jpeg,0,test_NORMAL_NORMAL2-IM-0309-0001,4.0,Male,98.9,97.9
test_0_NORMAL2-IM-0233-0001.jpeg,0,test_NORMAL_NORMAL2-IM-0233-0001,3.5,Female,98.4,98.0
train_0_IM-0670-0001.jpeg,0,train_NORMAL_IM-0670-0001,1.4,Female,97.6,97.9
train_1_person461_virus_949.jpeg,1,pneumonia_person_461,4.9,Female,99.7,94.1
test_0_NORMAL2-IM-0096-0001.jpeg,0,test_NORMAL_NORMAL2-IM-0096-0001,2.3,Female,97.7,97.9
train_1_person501_bacteria_2113.jpeg,1,pneumonia_person_501,1.0,Male,99.8,89.7
train_1_person520_bacteria_2203.jpeg,1,pneumonia_person_520,1.6,Female,101.6,92.6
train_1_person459_bacteria_1956.jpeg,1,pneumonia_person_459,1.7,Male,100.1,96.7
train_0_IM-0372-0001.jpeg,0,train_NORMAL_IM-0372-0001,3.1,Female,98.1,98.5
train_1_person1230_virus_2081.jpeg,1,pneumonia_person_1230,2.6,Female,98.2,95.9
train_1_person1172_bacteria_3119.jpeg,1,pneumonia_person_1172,2.6,Female,98.2,94.2
train_1_person1420_bacteria_3647.jpeg,1,pneumonia_person_1420,3.8,Female,101.2,95.0
train_0_NORMAL2-IM-1266-0001.jpeg,0,train_NORMAL_NORMAL2-IM-1266-0001,3.4,Female,97.8,97.8
train_1_person456_bacteria_1948.jpeg,1,pneumonia_person_456,3.4,Female,100.8,90.7
train_1_person441_bacteria_1900.jpeg,1,pneumonia_person_441,3.5,Male,100.6,91.2
train_0_NORMAL2-IM-0851-0001-0001.jpeg,0,train_NORMAL_NORMAL2-IM-0851-0001-0001,3.8,Male,98.4,98.2
train_0_NORMAL2-IM-0890-0001.jpeg,0,train_NORMAL_NORMAL2-IM-0890-0001,1.0,Female,98.4,97.3
train_1_person57_bacteria_270.jpeg,1,pneumonia_person_57,2.5,Male,100.6,96.2
train_1_person326_bacteria_1506.jpeg,1,pneumonia_person_326,1.0,Male,96.9,90.8
train_1_person1240_bacteria_3196.jpeg,1,pneumonia_person_1240,3.0,Male,100.0,93.6
train_1_person1429_bacteria_3688.jpeg,1,pneumonia_person_1429,3.0,Female,101.0,92.5
train_1_person264_virus_547.jpeg,1,pneumonia_person_264,4.4,Female,102.5,93.1
train_1_person1944_bacteria_4869.jpeg,1,pneumonia_person_1944,4.5,Female,102.6,92.2
train_0_NORMAL2-IM-0923-0001.jpeg,0,train_NORMAL_NORMAL2-IM-0923-0001,3.3,Female,98.3,97.5
train_0_NORMAL2-IM-0946-0001.jpeg,0,train_NORMAL_NORMAL2-IM-0946-0001,2.3,Female,98.4,97.1
train_0_NORMAL2-IM-0986-0001.jpeg,0,train_NORMAL_NORMAL2-IM-0986-0001,3.6,Female,98.0,97.0
test_0_NORMAL2-IM-0272-0001.jpeg,0,test_NORMAL_NORMAL2-IM-0272-0001,2.3,Male,98.7,97.9
test_1_person17_virus_48.jpeg,1,pneumonia_person_17,3.0,Female,101.7,90.9
train_1_person1185_bacteria_3133.jpeg,1,pneumonia_person_1185,4.3,Female,100.9,93.8
train_1_person1865_bacteria_4737.jpeg,1,pneumonia_person_1865,2.3,Male,100.6,96.2
train_1_person1679_bacteria_4452.jpeg,1,pneumonia_person_1679,4.0,Male,102.2,97.2
test_1_person124_bacteria_589.jpeg,1,pneumonia_person_124,3.9,Female,102.0,90.6
train_1_person491_bacteria_2073.jpeg,1,pneumonia_person_491,1.8,Female,101.9,89.7
train_1_person1083_bacteria_3023.jpeg,1,pneumonia_person_1083,4.3,Male,101.0,93.7
test_1_person150_bacteria_716.jpeg,1,pneumonia_person_150,3.9,Male,99.9,96.3
train_1_person1760_bacteria_4602.jpeg,1,pneumonia_person_1760,3.1,Female,101.4,94.4
train_0_IM-0693-0001.jpeg,0,train_NORMAL_IM-0693-0001,2.0,Female,98.2,98.3
train_1_person482_bacteria_2045.jpeg,1,pneumonia_person_482,1.9,Female,100.2,90.1
train_0_NORMAL2-IM-1311-0001.jpeg,0,train_NORMAL_NORMAL2-IM-1311-0001,2.3,Female,98.3,98.7
train_1_person26_bacteria_132.jpeg,1,pneumonia_person_26,3.7,Female,101.9,88.0
train_1_person1433_bacteria_3704.jpeg,1,pneumonia_person_1433,1.8,Female,102.6,93.1
train_0_NORMAL2-IM-1262-0001.jpeg,0,train_NORMAL_NORMAL2-IM-1262-0001,3.6,Male,98.5,98.7
train_1_person486_bacteria_2053.jpeg,1,pneumonia_person_486,1.4,Male,100.1,96.8
train_1_person332_bacteria_1533.jpeg,1,pneumonia_person_332,2.7,Female,100.9,97.4
train_1_person636_bacteria_2527.jpeg,1,pneumonia_person_636,3.1,Male,101.0,93.9
train_1_person329_virus_682.jpeg,1,pneumonia_person_329,5.0,Female,99.7,89.7
train_1_person465_bacteria_1982.jpeg,1,pneumonia_person_465,1.2,Male,102.8,94.4
train_1_person1731_bacteria_4563.jpeg,1,pneumonia_person_1731,4.9,Male,100.9,98.1
train_1_person55_bacteria_264.jpeg,1,pneumonia_person_55,3.2,Male,101.1,94.7
train_0_NORMAL2-IM-1240-0001.jpeg,0,train_NORMAL_NORMAL2-IM-1240-0001,3.5,Male,98.7,98.5
train_1_person13_bacteria_50.jpeg,1,pneumonia_person_13,3.2,Female,99.8,92.3
train_1_person1052_virus_1751.jpeg,1,pneumonia_person_1052,3.6,Female,100.3,91.3
train_1_person843_bacteria_2763.jpeg,1,pneumonia_person_843,2.8,Female,98.8,93.3
train_0_NORMAL2-IM-1271-0001.jpeg,0,train_NORMAL_NORMAL2-IM-1271-0001,4.9,Male,98.6,100.0
train_0_IM-0618-0001-0002.jpeg,0,train_NORMAL_IM-0618-0001-0002,2.4,Female,97.4,100.0
test_1_person118_bacteria_559.jpeg,1,pneumonia_person_118,4.5,Male,101.4,93.8
train_1_person490_bacteria_2070.jpeg,1,pneumonia_person_490,2.2,Male,100.9,95.7
train_1_person475_bacteria_2022.jpeg,1,pneumonia_person_475,2.9,Male,100.0,92.3
train_1_person921_bacteria_2846.jpeg,1,pneumonia_person_921,1.6,Male,100.3,89.6
train_1_person1638_bacteria_4340.jpeg,1,pneumonia_person_1638,3.6,Male,101.4,97.1
train_0_IM-0524-0001.jpeg,0,train_NORMAL_IM-0524-0001,4.9,Male,97.6,95.8
train_1_person347_bacteria_1597.jpeg,1,pneumonia_person_347,2.9,Male,100.7,94.4
train_1_person766_bacteria_2670.jpeg,1,pneumonia_person_766,2.7,Female,101.3,94.6
train_1_person299_virus_620.jpeg,1,pneumonia_person_299,1.6,Female,98.1,93.7
train_1_person1249_virus_2118.jpeg,1,pneumonia_person_1249,2.7,Male,101.3,91.5
train_1_person1281_virus_2204.jpeg,1,pneumonia_person_1281,1.0,Male,98.2,93.1
test_0_NORMAL2-IM-0360-0001.jpeg,0,test_NORMAL_NORMAL2-IM-0360-0001,1.8,Male,97.9,97.8
train_0_IM-0624-0001.jpeg,0,train_NORMAL_IM-0624-0001,3.3,Female,97.3,98.5
train_1_person1848_bacteria_4719.jpeg,1,pneumonia_person_1848,4.7,Female,102.3,94.9
train_1_person1223_virus_2073.jpeg,1,pneumonia_person_1223,5.0,Male,98.9,93.4
train_1_person1222_virus_2071.jpeg,1,pneumonia_person_1222,2.2,Male,98.3,92.1
train_1_person1371_virus_2361.jpeg,1,pneumonia_person_1371,4.9,Male,100.6,98.8
train_1_person462_bacteria_1963.jpeg,1,pneumonia_person_462,3.3,Male,99.9,90.2
train_1_person1349_bacteria_3434.jpeg,1,pneumonia_person_1349,2.8,Male,98.4,89.6
test_1_person91_bacteria_447.jpeg,1,pneumonia_person_91,3.6,Male,101.1,93.3
train_1_person1669_bacteria_4423.jpeg,1,pneumonia_person_1669,3.1,Female,97.8,92.9
train_1_person581_bacteria_2394.jpeg,1,pneumonia_person_581,3.1,Female,99.1,96.2
test_1_person146_bacteria_704.jpeg,1,pneumonia_person_146,2.5,Female,99.7,95.1
test_0_NORMAL2-IM-0207-0001.jpeg,0,test_NORMAL_NORMAL2-IM-0207-0001,1.2,Male,98.7,97.1
test_1_person139_bacteria_666.jpeg,1,pneumonia_person_139,1.0,Male,102.1,94.8
train_1_person1418_bacteria_3637.jpeg,1,pneumonia_person_1418,3.8,Male,101.8,94.7
train_1_person1449_virus_2476.jpeg,1,pneumonia_person_1449,2.6,Male,100.2,98.8
train_1_person515_bacteria_2190.jpeg,1,pneumonia_person_515,2.2,Male,97.2,94.1
train_1_person1160_bacteria_3105.jpeg,1,pneumonia_person_1160,3.0,Male,100.9,91.8
train_1_person1244_virus_2111.jpeg,1,pneumonia_person_1244,4.0,Male,102.3,94.0
train_1_person1263_bacteria_3221.jpeg,1,pneumonia_person_1263,3.2,Male,102.0,87.0
train_1_person413_bacteria_1832.jpeg,1,pneumonia_person_413,2.1,Female,101.0,93.4
train_1_person588_bacteria_2423.jpeg,1,pneumonia_person_588,4.6,Female,98.9,96.2
train_1_person1455_virus_2492.jpeg,1,pneumonia_person_1455,5.0,Female,99.7,95.0
train_1_person538_virus_1068.jpeg,1,pneumonia_person_538,3.6,Male,102.9,94.2
train_1_person475_bacteria_2023.jpeg,1,pneumonia_person_475,4.3,Male,98.6,95.1
train_1_person767_bacteria_2671.jpeg,1,pneumonia_person_767,4.6,Female,98.9,96.3
train_1_person346_virus_708.jpeg,1,pneumonia_person_346,4.5,Female,101.6,97.1
train_1_person58_bacteria_274.jpeg,1,pneumonia_person_58,3.8,Female,99.8,94.6
train_1_person441_bacteria_1904.jpeg,1,pneumonia_person_441,3.8,Male,98.9,92.7
train_1_person1350_virus_2329.jpeg,1,pneumonia_person_1350,3.7,Female,102.4,87.7
train_1_person1556_bacteria_4061.jpeg,1,pneumonia_person_1556,1.6,Female,101.0,95.9
train_1_person88_virus_165.jpeg,1,pneumonia_person_88,3.9,Female,99.9,94.8
train_1_person1051_bacteria_2985.jpeg,1,pneumonia_person_1051,1.2,Female,98.9,93.9
train_1_person563_bacteria_2336.jpeg,1,pneumonia_person_563,2.0,Male,103.1,91.8
train_1_person20_bacteria_66.jpeg,1,pneumonia_person_20,4.7,Female,100.4,95.9
train_0_IM-0761-0001.jpeg,0,train_NORMAL_IM-0761-0001,4.1,Female,98.6,98.4
train_1_person547_bacteria_2294.jpeg,1,pneumonia_person_547,4.9,Male,101.6,93.4
train_1_person340_bacteria_1575.jpeg,1,pneumonia_person_340,2.6,Male,99.7,93.4
train_1_person325_virus_661.jpeg,1,pneumonia_person_325,1.5,Male,99.7,94.6
train_0_IM-0545-0001-0001.jpeg,0,train_NORMAL_IM-0545-0001-0001,2.7,Female,98.4,96.4
train_0_IM-0417-0001.jpeg,0,train_NORMAL_IM-0417-0001,3.1,Male,98.1,97.9
train_1_person1093_bacteria_3033.jpeg,1,pneumonia_person_1093,3.1,Female,98.0,91.7
train_1_person1413_bacteria_3617.jpeg,1,pneumonia_person_1413,4.5,Female,101.1,91.8
train_1_person1709_bacteria_4522.jpeg,1,pneumonia_person_1709,2.5,Male,100.2,95.7
train_1_person1091_virus_1810.jpeg,1,pneumonia_person_1091,3.5,Male,99.1,91.0
train_1_person1398_bacteria_3548.jpeg,1,pneumonia_person_1398,1.7,Female,100.7,95.7
test_1_person113_bacteria_542.jpeg,1,pneumonia_person_113,3.6,Female,98.6,93.8
train_1_person382_bacteria_1741.jpeg,1,pneumonia_person_382,3.0,Male,99.8,89.4
train_0_IM-0511-0001-0002.jpeg,0,train_NORMAL_IM-0511-0001-0002,2.0,Female,97.4,98.5
train_0_NORMAL2-IM-1275-0001.jpeg,0,train_NORMAL_NORMAL2-IM-1275-0001,2.7,Male,97.4,97.7
train_1_person786_bacteria_2690.jpeg,1,pneumonia_person_786,2.8,Female,100.3,94.5
train_1_person33_bacteria_174.jpeg,1,pneumonia_person_33,2.6,Female,99.1,96.0
train_0_IM-0474-0001.jpeg,0,train_NORMAL_IM-0474-0001,5.0,Female,97.6,99.3
train_0_IM-0746-0001.jpeg,0,train_NORMAL_IM-0746-0001,2.9,Male,97.7,96.8
train_0_IM-0405-0001.jpeg,0,train_NORMAL_IM-0405-0001,2.7,Male,98.5,96.2
train_1_person257_bacteria_1199.jpeg,1,pneumonia_person_257,1.0,Female,100.2,94.4
train_1_person605_bacteria_2467.jpeg,1,pneumonia_person_605,1.8,Female,99.7,92.6
train_0_IM-0683-0001.jpeg,0,train_NORMAL_IM-0683-0001,2.7,Female,97.8,98.3
train_1_person363_bacteria_1654.jpeg,1,pneumonia_person_363,2.1,Male,99.6,94.0
train_0_NORMAL2-IM-1345-0001-0001.jpeg,0,train_NORMAL_NORMAL2-IM-1345-0001-0001,4.8,Female,99.0,98.5
train_1_person151_virus_302.jpeg,1,pneumonia_person_151,2.8,Female,101.3,95.0
train_1_person1291_virus_2217.jpeg,1,pneumonia_person_1291,4.7,Male,98.8,90.8
train_1_person317_bacteria_1473.jpeg,1,pneumonia_person_317,3.1,Female,101.3,96.2
test_1_person46_virus_96.jpeg,1,pneumonia_person_46,3.0,Male,101.2,92.7
train_1_person610_virus_1177.jpeg,1,pneumonia_person_610,2.9,Female,102.1,88.3
train_1_person563_bacteria_2335.jpeg,1,pneumonia_person_563,3.0,Female,101.6,96.0
train_1_person445_virus_919.jpeg,1,pneumonia_person_445,5.0,Female,102.1,91.1
train_1_person315_bacteria_1465.jpeg,1,pneumonia_person_315,1.0,Male,100.3,98.0
test_1_person78_bacteria_385.jpeg,1,pneumonia_person_78,1.0,Female,99.3,96.4
train_1_person929_virus_1588.jpeg,1,pneumonia_person_929,2.3,Female,103.1,92.9
train_1_person1730_bacteria_4559.jpeg,1,pneumonia_person_1730,3.0,Female,98.4,94.6
train_1_person66_bacteria_326.jpeg,1,pneumonia_person_66,3.9,Male,98.5,99.6
train_1_person24_bacteria_111.jpeg,1,pneumonia_person_24,3.6,Female,101.1,96.0
train_1_person1359_virus_2340.jpeg,1,pneumonia_person_1359,2.5,Male,102.5,94.1
train_1_person1644_bacteria_4356.jpeg,1,pneumonia_person_1644,4.3,Female,100.6,100.0
train_1_person24_bacteria_108.jpeg,1,pneumonia_person_24,4.3,Female,101.7,93.8
train_1_person1420_virus_2431.jpeg,1,pneumonia_person_1420,3.2,Female,97.8,95.0
train_1_person1651_bacteria_4381.jpeg,1,pneumonia_person_1651,4.3,Female,99.8,91.2
train_1_person1073_virus_1776.jpeg,1,pneumonia_person_1073,3.4,Female,98.0,89.3
train_1_person465_bacteria_1977.jpeg,1,pneumonia_person_465,2.3,Female,101.4,92.8
train_1_person501_virus_1010.jpeg,1,pneumonia_person_501,3.9,Female,98.4,93.6
train_1_person648_bacteria_2540.jpeg,1,pneumonia_person_648,3.1,Female,98.7,94.3
train_1_person947_bacteria_2872.jpeg,1,pneumonia_person_947,3.0,Male,101.1,90.0
train_1_person477_bacteria_2030.jpeg,1,pneumonia_person_477,4.9,Male,101.8,95.2
train_1_person1401_bacteria_3555.jpeg,1,pneumonia_person_1401,1.0,Female,100.2,91.4
train_1_person1327_bacteria_3374.jpeg,1,pneumonia_person_1327,1.2,Male,101.1,95.0
train_1_person987_bacteria_2914.jpeg,1,pneumonia_person_987,1.5,Female,101.1,95.8
train_1_person255_bacteria_1161.jpeg,1,pneumonia_person_255,2.5,Male,100.1,92.5
train_0_IM-0521-0001.jpeg,0,train_NORMAL_IM-0521-0001,2.7,Male,98.3,96.9
test_1_person172_bacteria_827.jpeg,1,pneumonia_person_172,1.0,Female,101.1,97.4
train_0_NORMAL2-IM-0822-0001.jpeg,0,train_NORMAL_NORMAL2-IM-0822-0001,1.7,Female,98.7,97.7
train_1_person287_bacteria_1355.jpeg,1,pneumonia_person_287,1.9,Male,101.6,93.9
train_0_IM-0481-0001.jpeg,0,train_NORMAL_IM-0481-0001,5.0,Male,98.0,97.1
train_0_NORMAL2-IM-0589-0001.jpeg,0,train_NORMAL_NORMAL2-IM-0589-0001,5.0,Female,98.7,97.8
test_0_NORMAL2-IM-0340-0001.jpeg,0,test_NORMAL_NORMAL2-IM-0340-0001,2.5,Male,98.5,97.0
train_1_person301_bacteria_1428.jpeg,1,pneumonia_person_301,2.5,Male,100.4,91.0
train_1_person601_bacteria_2459.jpeg,1,pneumonia_person_601,1.5,Female,99.8,93.2
train_1_person1459_bacteria_3797.jpeg,1,pneumonia_person_1459,1.0,Female,100.0,95.4
train_1_person140_virus_285.jpeg,1,pneumonia_person_140,2.8,Female,99.5,97.0
train_1_person776_bacteria_2680.jpeg,1,pneumonia_person_776,1.7,Female,101.6,93.6
train_1_person1365_virus_2348.jpeg,1,pneumonia_person_1365,2.9,Female,98.6,96.5
test_1_person69_virus_129.jpeg,1,pneumonia_person_69,1.0,Female,99.1,93.0
train_0_NORMAL2-IM-1360-0001.jpeg,0,train_NORMAL_NORMAL2-IM-1360-0001,2.0,Male,97.8,97.7
train_1_person23_bacteria_94.jpeg,1,pneumonia_person_23,3.2,Male,102.5,90.2
train_1_person739_virus_1361.jpeg,1,pneumonia_person_739,3.5,Male,101.8,92.2
train_1_person19_bacteria_59.jpeg,1,pneumonia_person_19,3.5,Female,98.3,90.3
train_1_person475_virus_972.jpeg,1,pneumonia_person_475,1.3,Female,102.2,98.5
train_1_person1333_bacteria_3384.jpeg,1,pneumonia_person_1333,4.1,Male,102.2,94.6
train_1_person1426_bacteria_3668.jpeg,1,pneumonia_person_1426,2.0,Female,98.9,93.3
train_1_person1358_bacteria_3465.jpeg,1,pneumonia_person_1358,3.8,Male,97.1,97.8
train_1_person1307_bacteria_3278.jpeg,1,pneumonia_person_1307,3.0,Female,100.3,90.2
test_0_NORMAL2-IM-0286-0001.jpeg,0,test_NORMAL_NORMAL2-IM-0286-0001,1.2,Male,98.7,96.9
train_1_person1584_bacteria_4146.jpeg,1,pneumonia_person_1584,2.6,Male,102.5,98.5
train_0_IM-0728-0001.jpeg,0,train_NORMAL_IM-0728-0001,3.5,Male,98.2,98.7
train_1_person541_bacteria_2274.jpeg,1,pneumonia_person_541,3.8,Male,102.7,99.6
train_1_person1858_bacteria_4730.jpeg,1,pneumonia_person_1858,2.8,Female,97.5,95.5
train_1_person1220_bacteria_3173.jpeg,1,pneumonia_person_1220,5.0,Male,99.9,96.8
train_1_person1550_virus_2691.jpeg,1,pneumonia_person_1550,4.3,Male,99.9,96.8
train_1_person903_bacteria_2828.jpeg,1,pneumonia_person_903,2.7,Female,101.9,93.5
train_0_IM-0729-0001.jpeg,0,train_NORMAL_IM-0729-0001,4.0,Male,98.8,98.2
train_1_person849_virus_1494.jpeg,1,pneumonia_person_849,5.0,Female,101.6,93.2
train_1_person41_bacteria_211.jpeg,1,pneumonia_person_41,5.0,Female,98.6,91.0
train_0_IM-0511-0001.jpeg,0,train_NORMAL_IM-0511-0001,1.4,Female,97.8,98.8
train_1_person438_virus_889.jpeg,1,pneumonia_person_438,1.8,Female,101.1,93.5
train_1_person1343_bacteria_3413.jpeg,1,pneumonia_person_1343,4.9,Male,98.2,97.7
train_1_person1463_virus_2516.jpeg,1,pneumonia_person_1463,1.6,Female,97.7,95.0
train_1_person1369_virus_2355.jpeg,1,pneumonia_person_1369,1.3,Female,101.7,99.4
train_1_person1516_virus_2643.jpeg,1,pneumonia_person_1516,2.4,Female,100.2,88.1
train_1_person653_virus_1235.jpeg,1,pneumonia_person_653,3.5,Female,98.7,90.5
train_1_person1404_bacteria_3561.jpeg,1,pneumonia_person_1404,2.9,Male,100.1,92.6
train_1_person976_bacteria_2901.jpeg,1,pneumonia_person_976,2.2,Male,100.9,97.2
train_1_person402_bacteria_1809.jpeg,1,pneumonia_person_402,2.1,Female,100.3,93.2
train_0_IM-0555-0001-0001.jpeg,0,train_NORMAL_IM-0555-0001-0001,2.1,Female,98.6,96.7
train_1_person1444_bacteria_3732.jpeg,1,pneumonia_person_1444,1.9,Male,102.9,92.9
train_1_person1803_bacteria_4652.jpeg,1,pneumonia_person_1803,5.0,Male,101.7,90.5
train_0_IM-0612-0001-0002.jpeg,0,train_NORMAL_IM-0612-0001-0002,3.4,Male,98.4,97.7
train_1_person41_bacteria_206.jpeg,1,pneumonia_person_41,4.2,Male,100.0,98.5
train_0_NORMAL2-IM-0994-0001.jpeg,0,train_NORMAL_NORMAL2-IM-0994-0001,2.4,Male,98.0,98.3
test_1_person1665_virus_2878.jpeg,1,pneumonia_person_1665,2.8,Female,98.9,93.9
train_0_NORMAL2-IM-0959-0001.jpeg,0,train_NORMAL_NORMAL2-IM-0959-0001,2.1,Female,98.7,97.8
train_1_person30_bacteria_149.jpeg,1,pneumonia_person_30,1.0,Female,98.7,92.9
train_1_person1638_bacteria_4341.jpeg,1,pneumonia_person_1638,1.2,Male,100.3,91.4
train_1_person122_virus_229.jpeg,1,pneumonia_person_122,1.0,Female,98.9,92.7
train_1_person531_virus_1053.jpeg,1,pneumonia_person_531,1.0,Female,98.9,94.3
train_1_person1481_bacteria_3868.jpeg,1,pneumonia_person_1481,1.4,Female,102.5,97.0
train_1_person1640_bacteria_4348.jpeg,1,pneumonia_person_1640,4.7,Male,100.5,95.9
test_1_person103_bacteria_489.jpeg,1,pneumonia_person_103,2.9,Male,100.7,90.5
train_1_person1839_bacteria_4705.jpeg,1,pneumonia_person_1839,4.7,Male,97.8,96.0
train_0_NORMAL2-IM-0458-0001.jpeg,0,train_NORMAL_NORMAL2-IM-0458-0001,3.5,Female,98.7,98.5
train_1_person599_virus_1155.jpeg,1,pneumonia_person_599,4.0,Male,101.0,91.9
train_0_IM-0688-0001.jpeg,0,train_NORMAL_IM-0688-0001,1.8,Female,98.5,98.2
train_1_person9_bacteria_40.jpeg,1,pneumonia_person_9,3.7,Male,97.6,94.9
train_0_NORMAL2-IM-0945-0001.jpeg,0,train_NORMAL_NORMAL2-IM-0945-0001,3.9,Female,98.5,98.2
train_1_person64_bacteria_316.jpeg,1,pneumonia_person_64,2.3,Male,100.9,94.7
train_0_NORMAL2-IM-1141-0001.jpeg,0,train_NORMAL_NORMAL2-IM-1141-0001,3.7,Male,98.0,97.4
train_1_person1192_bacteria_3141.jpeg,1,pneumonia_person_1192,3.7,Female,99.5,98.5
train_0_NORMAL2-IM-1343-0001.jpeg,0,train_NORMAL_NORMAL2-IM-1343-0001,2.3,Female,97.9,97.8
train_0_NORMAL2-IM-0655-0001.jpeg,0,train_NORMAL_NORMAL2-IM-0655-0001,1.5,Female,97.6,99.3
test_1_person173_bacteria_831.jpeg,1,pneumonia_person_173,1.5,Male,99.0,94.4
train_1_person311_bacteria_1452.jpeg,1,pneumonia_person_311,3.1,Male,101.4,95.1
test_1_person37_virus_82.jpeg,1,pneumonia_person_37,3.4,Male,96.9,91.7
train_1_person1180_virus_2013.jpeg,1,pneumonia_person_1180,2.0,Female,99.8,96.4
train_1_person1102_virus_1822.jpeg,1,pneumonia_person_1102,3.0,Male,102.3,93.2
train_1_person302_virus_623.jpeg,1,pneumonia_person_302,3.7,Male,100.4,90.5
train_0_IM-0553-0001-0002.jpeg,0,train_NORMAL_IM-0553-0001-0002,3.8,Female,97.8,95.9
test_1_person36_virus_81.jpeg,1,pneumonia_person_36,5.0,Male,98.3,93.8
train_1_person39_bacteria_200.jpeg,1,pneumonia_person_39,4.7,Male,98.3,89.5
train_1_person1484_virus_2576.jpeg,1,pneumonia_person_1484,1.7,Male,102.3,98.0
test_1_person103_bacteria_488.jpeg,1,pneumonia_person_103,5.0,Female,100.5,96.1
train_1_person76_bacteria_372.jpeg,1,pneumonia_person_76,2.3,Male,100.5,98.1
train_1_person1418_bacteria_3643.jpeg,1,pneumonia_person_1418,4.4,Male,98.9,97.8
train_1_person1022_bacteria_2953.jpeg,1,pneumonia_person_1022,3.1,Male,100.5,92.6
train_1_person423_bacteria_1857.jpeg,1,pneumonia_person_423,2.5,Female,98.9,91.3
train_1_person663_virus_1248.jpeg,1,pneumonia_person_663,1.0,Female,101.9,86.8
train_1_person1411_bacteria_3591.jpeg,1,pneumonia_person_1411,2.8,Male,103.9,92.5
test_1_person112_bacteria_538.jpeg,1,pneumonia_person_112,1.0,Male,101.0,97.9
train_1_person427_bacteria_1867.jpeg,1,pneumonia_person_427,4.3,Male,99.6,91.4
train_1_person72_bacteria_352.jpeg,1,pneumonia_person_72,5.0,Female,97.1,93.0
train_1_person1536_bacteria_4018.jpeg,1,pneumonia_person_1536,2.0,Male,98.2,92.1
test_1_person125_bacteria_594.jpeg,1,pneumonia_person_125,3.4,Male,102.4,94.4
train_0_NORMAL2-IM-0491-0001.jpeg,0,train_NORMAL_NORMAL2-IM-0491-0001,2.1,Male,98.9,97.0
train_0_NORMAL2-IM-1022-0001.jpeg,0,train_NORMAL_NORMAL2-IM-1022-0001,2.2,Female,98.8,97.0
val_1_person1951_bacteria_4882.jpeg,1,pneumonia_person_1951,4.0,Female,101.3,90.1
train_0_NORMAL2-IM-1422-0001.jpeg,0,train_NORMAL_NORMAL2-IM-1422-0001,2.9,Female,98.1,96.0
train_0_IM-0457-0001.jpeg,0,train_NORMAL_IM-0457-0001,5.0,Male,97.9,96.6
train_1_person1718_bacteria_4538.jpeg,1,pneumonia_person_1718,2.4,Male,99.9,92.9
train_1_person348_bacteria_1603.jpeg,1,pneumonia_person_348,4.3,Male,100.5,97.8
train_1_person442_virus_906.jpeg,1,pneumonia_person_442,3.1,Male,99.6,90.1
train_1_person853_virus_1498.jpeg,1,pneumonia_person_853,4.0,Female,99.7,95.8
train_0_NORMAL2-IM-1124-0001.jpeg,0,train_NORMAL_NORMAL2-IM-1124-0001,2.4,Female,97.9,98.6
train_1_person1597_bacteria_4187.jpeg,1,pneumonia_person_1597,2.9,Male,100.6,95.0
train_1_person1354_bacteria_3448.jpeg,1,pneumonia_person_1354,2.8,Female,103.2,87.5
train_1_person1702_bacteria_4509.jpeg,1,pneumonia_person_1702,1.9,Male,101.0,92.8
train_1_person359_bacteria_1645.jpeg,1,pneumonia_person_359,3.9,Female,101.9,95.3
train_1_person1009_virus_1694.jpeg,1,pneumonia_person_1009,3.8,Female,99.0,93.3
train_1_person1129_virus_1857.jpeg,1,pneumonia_person_1129,3.8,Male,101.1,96.6
train_1_person1264_bacteria_3222.jpeg,1,pneumonia_person_1264,5.0,Female,99.5,96.6
train_1_person502_bacteria_2117.jpeg,1,pneumonia_person_502,4.9,Female,100.9,91.1
train_1_person1942_bacteria_4865.jpeg,1,pneumonia_person_1942,2.5,Male,101.3,95.6
train_0_NORMAL2-IM-0503-0001.jpeg,0,train_NORMAL_NORMAL2-IM-0503-0001,3.5,Male,97.8,98.1
train_0_IM-0584-0001.jpeg,0,train_NORMAL_IM-0584-0001,2.2,Female,98.5,96.6
train_1_person551_virus_1091.jpeg,1,pneumonia_person_551,3.0,Male,102.3,95.1
train_1_person553_bacteria_2316.jpeg,1,pneumonia_person_553,2.2,Male,101.9,91.4
train_0_IM-0236-0001.jpeg,0,train_NORMAL_IM-0236-0001,5.0,Female,99.2,98.2
train_0_NORMAL2-IM-0539-0001.jpeg,0,train_NORMAL_NORMAL2-IM-0539-0001,3.5,Female,99.0,98.1
train_1_person1469_bacteria_3824.jpeg,1,pneumonia_person_1469,2.7,Female,98.5,92.0
train_1_person1307_virus_2251.jpeg,1,pneumonia_person_1307,4.6,Male,102.2,95.3
train_1_person1225_bacteria_3180.jpeg,1,pneumonia_person_1225,1.0,Female,99.1,91.4
train_1_person448_bacteria_1936.jpeg,1,pneumonia_person_448,1.0,Male,99.7,91.3
train_1_person1324_virus_2285.jpeg,1,pneumonia_person_1324,4.0,Female,101.1,96.1
train_1_person3_bacteria_11.jpeg,1,pneumonia_person_3,3.1,Female,102.0,93.8
train_1_person1077_virus_1787.jpeg,1,pneumonia_person_1077,3.3,Male,98.9,89.9
train_1_person1725_bacteria_4550.jpeg,1,pneumonia_person_1725,1.3,Female,99.7,95.6
train_1_person454_virus_938.jpeg,1,pneumonia_person_454,3.0,Female,100.5,92.5
train_1_person1372_bacteria_3503.jpeg,1,pneumonia_person_1372,5.0,Female,100.2,90.0
train_0_NORMAL2-IM-1306-0001.jpeg,0,train_NORMAL_NORMAL2-IM-1306-0001,4.1,Male,98.1,96.0
train_1_person487_bacteria_2058.jpeg,1,pneumonia_person_487,3.2,Female,104.9,95.8
train_1_person496_virus_1003.jpeg,1,pneumonia_person_496,2.4,Male,100.9,91.4
train_1_person124_virus_236.jpeg,1,pneumonia_person_124,2.5,Male,99.4,90.4
train_0_NORMAL2-IM-1105-0001.jpeg,0,train_NORMAL_NORMAL2-IM-1105-0001,1.0,Male,97.7,98.3
train_0_NORMAL2-IM-0659-0001.jpeg,0,train_NORMAL_NORMAL2-IM-0659-0001,3.3,Female,97.6,98.4
train_1_person620_bacteria_2492.jpeg,1,pneumonia_person_620,4.1,Female,99.2,91.5
test_1_person1669_virus_2884.jpeg,1,pneumonia_person_1669,1.0,Female,101.0,95.8
train_1_person1318_virus_2274.jpeg,1,pneumonia_person_1318,2.1,Male,101.0,98.6
train_1_person1838_bacteria_4703.jpeg,1,pneumonia_person_1838,1.5,Female,99.8,96.9
train_1_person1559_bacteria_4067.jpeg,1,pneumonia_person_1559,1.7,Male,103.0,96.5
train_0_NORMAL2-IM-0441-0001.jpeg,0,train_NORMAL_NORMAL2-IM-0441-0001,3.1,Male,97.1,99.7
test_1_person80_bacteria_389.jpeg,1,pneumonia_person_80,1.0,Female,100.2,92.4
train_1_person99_virus_183.jpeg,1,pneumonia_person_99,3.8,Female,101.2,93.4
train_0_NORMAL2-IM-1152-0001.jpeg,0,train_NORMAL_NORMAL2-IM-1152-0001,4.0,Female,98.4,99.1
train_1_person854_bacteria_2776.jpeg,1,pneumonia_person_854,2.7,Male,102.1,90.4
train_1_person1368_virus_2353.jpeg,1,pneumonia_person_1368,1.0,Female,101.0,91.6
train_1_person835_bacteria_2749.jpeg,1,pneumonia_person_835,1.7,Female,101.8,89.9
train_1_person1179_virus_2006.jpeg,1,pneumonia_person_1179,4.6,Female,99.5,94.1
train_1_person585_bacteria_2412.jpeg,1,pneumonia_person_585,1.0,Male,101.6,93.7
train_1_person111_virus_212.jpeg,1,pneumonia_person_111,2.5,Male,101.6,91.9
train_1_person67_bacteria_334.jpeg,1,pneumonia_person_67,1.5,Female,102.4,95.6
train_0_NORMAL2-IM-0893-0001.jpeg,0,train_NORMAL_NORMAL2-IM-0893-0001,4.0,Female,98.0,100.0
train_0_NORMAL2-IM-0571-0001.jpeg,0,train_NORMAL_NORMAL2-IM-0571-0001,2.1,Female,98.1,97.5
train_1_person605_bacteria_2465.jpeg,1,pneumonia_person_605,3.5,Female,101.5,95.5
train_1_person328_bacteria_1510.jpeg,1,pneumonia_person_328,3.7,Male,97.0,95.8
train_0_NORMAL2-IM-0462-0001.jpeg,0,train_NORMAL_NORMAL2-IM-0462-0001,5.0,Female,97.7,98.1
test_1_person35_virus_80.jpeg,1,pneumonia_person_35,2.7,Male,101.8,94.1
test_0_NORMAL2-IM-0150-0001.jpeg,0,test_NORMAL_NORMAL2-IM-0150-0001,3.5,Female,98.4,98.7
test_1_person63_virus_121.jpeg,1,pneumonia_person_63,1.1,Female,99.8,93.0
train_1_person1865_bacteria_4739.jpeg,1,pneumonia_person_1865,4.5,Male,99.0,93.9
train_1_person1155_virus_1934.jpeg,1,pneumonia_person_1155,2.0,Male,99.7,94.9
train_1_person592_bacteria_2431.jpeg,1,pneumonia_person_592,2.3,Male,99.8,94.3
train_0_NORMAL2-IM-0727-0001.jpeg,0,train_NORMAL_NORMAL2-IM-0727-0001,3.0,Female,97.9,97.1
train_1_person706_virus_1304.jpeg,1,pneumonia_person_706,1.0,Female,99.4,90.8
train_0_NORMAL2-IM-1314-0001.jpeg,0,train_NORMAL_NORMAL2-IM-1314-0001,3.3,Female,97.5,98.3
train_1_person380_virus_763.jpeg,1,pneumonia_person_380,4.3,Male,100.0,94.9
train_1_person281_bacteria_1323.jpeg,1,pneumonia_person_281,3.4,Female,102.8,95.2
train_0_IM-0355-0001.jpeg,0,train_NORMAL_IM-0355-0001,1.0,Male,97.9,97.5
train_0_NORMAL2-IM-1302-0001.jpeg,0,train_NORMAL_NORMAL2-IM-1302-0001,2.8,Male,99.3,99.4
train_1_person1323_bacteria_3361.jpeg,1,pneumonia_person_1323,4.0,Male,99.7,90.2
train_1_person527_bacteria_2226.jpeg,1,pneumonia_person_527,1.0,Female,99.6,92.4
test_0_IM-0041-0001.jpeg,0,test_NORMAL_IM-0041-0001,1.6,Female,97.4,96.9
train_1_person298_bacteria_1413.jpeg,1,pneumonia_person_298,4.1,Female,98.4,90.3
train_0_IM-0451-0001.jpeg,0,train_NORMAL_IM-0451-0001,3.4,Female,99.1,99.2
train_0_NORMAL2-IM-0694-0001.jpeg,0,train_NORMAL_NORMAL2-IM-0694-0001,3.5,Male,98.7,97.7
train_1_person328_bacteria_1514.jpeg,1,pneumonia_person_328,5.0,Female,101.8,88.9
train_1_person505_bacteria_2135.jpeg,1,pneumonia_person_505,3.6,Male,98.1,92.5
train_1_person506_virus_1018.jpeg,1,pneumonia_person_506,3.9,Female,99.7,89.1
train_1_person1875_bacteria_4756.jpeg,1,pneumonia_person_1875,5.0,Male,98.6,98.6
train_0_IM-0288-0001.jpeg,0,train_NORMAL_IM-0288-0001,2.7,Female,98.5,98.3
train_1_person1706_bacteria_4516.jpeg,1,pneumonia_person_1706,2.0,Female,101.8,93.8
train_1_person395_bacteria_1794.jpeg,1,pneumonia_person_395,3.6,Female,99.8,94.1
train_1_person325_bacteria_1497.jpeg,1,pneumonia_person_325,3.6,Female,100.3,95.0
test_1_person1_virus_8.jpeg,1,pneumonia_person_1,2.3,Male,102.3,95.9
train_1_person970_virus_1644.jpeg,1,pneumonia_person_970,1.7,Male,101.0,89.6
test_1_person1678_virus_2895.jpeg,1,pneumonia_person_1678,5.0,Female,99.4,96.8
train_1_person1455_bacteria_3784.jpeg,1,pneumonia_person_1455,3.4,Female,100.6,96.6
train_0_NORMAL2-IM-0528-0001.jpeg,0,train_NORMAL_NORMAL2-IM-0528-0001,2.0,Male,98.1,97.6
train_1_person1150_bacteria_3095.jpeg,1,pneumonia_person_1150,4.2,Female,100.9,93.2
train_1_person960_virus_1633.jpeg,1,pneumonia_person_960,2.9,Male,101.1,85.7
train_1_person256_bacteria_1189.jpeg,1,pneumonia_person_256,2.7,Female,98.6,90.4
test_1_person109_bacteria_517.jpeg,1,pneumonia_person_109,3.7,Male,100.6,94.8
train_1_person586_bacteria_2417.jpeg,1,pneumonia_person_586,1.3,Male,100.2,96.5
train_1_person310_bacteria_1450.jpeg,1,pneumonia_person_310,3.5,Female,101.1,95.3
train_0_NORMAL2-IM-1258-0001-0001.jpeg,0,train_NORMAL_NORMAL2-IM-1258-0001-0001,5.0,Female,97.9,99.1
train_1_person1310_bacteria_3301.jpeg,1,pneumonia_person_1310,3.6,Female,101.0,98.3
train_0_IM-0356-0001.jpeg,0,train_NORMAL_IM-0356-0001,2.5,Female,98.2,97.8
train_1_person1888_bacteria_4775.jpeg,1,pneumonia_person_1888,2.3,Female,101.6,92.5
train_0_IM-0519-0001-0002.jpeg,0,train_NORMAL_IM-0519-0001-0002,2.5,Male,98.7,98.6
train_1_person445_bacteria_1928.jpeg,1,pneumonia_person_445,2.7,Female,98.7,90.8
train_1_person747_virus_1372.jpeg,1,pneumonia_person_747,2.5,Female,96.2,89.8
train_0_NORMAL2-IM-1224-0001.jpeg,0,train_NORMAL_NORMAL2-IM-1224-0001,4.2,Female,97.3,97.6
train_1_person278_bacteria_1314.jpeg,1,pneumonia_person_278,1.0,Female,99.3,91.6
train_1_person1816_bacteria_4674.jpeg,1,pneumonia_person_1816,4.1,Male,100.9,92.6
test_1_person101_bacteria_483.jpeg,1,pneumonia_person_101,2.5,Female,97.8,95.5
train_1_person281_bacteria_1325.jpeg,1,pneumonia_person_281,3.5,Female,99.6,93.4
train_1_person665_virus_1250.jpeg,1,pneumonia_person_665,1.5,Male,101.0,93.5
train_1_person591_bacteria_2429.jpeg,1,pneumonia_person_591,4.7,Female,99.1,93.6
train_1_person1008_virus_1691.jpeg,1,pneumonia_person_1008,4.6,Male,100.9,87.7
train_0_NORMAL2-IM-0465-0001.jpeg,0,train_NORMAL_NORMAL2-IM-0465-0001,4.2,Female,98.2,96.8
train_1_person1292_virus_2218.jpeg,1,pneumonia_person_1292,1.0,Female,100.4,92.5
train_1_person1843_bacteria_4710.jpeg,1,pneumonia_person_1843,4.1,Male,101.2,91.4
train_1_person1137_virus_1876.jpeg,1,pneumonia_person_1137,3.5,Female,101.6,92.9
train_1_person1710_bacteria_4526.jpeg,1,pneumonia_person_1710,1.0,Male,100.5,97.0
train_0_IM-0717-0001.jpeg,0,train_NORMAL_IM-0717-0001,3.0,Female,98.5,99.5
train_1_person580_bacteria_2389.jpeg,1,pneumonia_person_580,3.5,Female,99.8,90.2
train_1_person437_bacteria_1887.jpeg,1,pneumonia_person_437,3.7,Male,101.2,91.5
test_0_NORMAL2-IM-0285-0001.jpeg,0,test_NORMAL_NORMAL2-IM-0285-0001,3.2,Male,98.0,97.0
train_1_person371_bacteria_1698.jpeg,1,pneumonia_person_371,3.4,Male,100.2,97.3
test_0_NORMAL2-IM-0339-0001.jpeg,0,test_NORMAL_NORMAL2-IM-0339-0001,4.9,Male,98.7,98.0
train_0_NORMAL2-IM-0564-0001.jpeg,0,train_NORMAL_NORMAL2-IM-0564-0001,4.6,Male,98.1,99.2
train_1_person370_bacteria_1688.jpeg,1,pneumonia_person_370,1.0,Male,99.1,94.3
train_1_person579_bacteria_2382.jpeg,1,pneumonia_person_579,2.6,Male,98.0,94.5
test_0_IM-0003-0001.jpeg,0,test_NORMAL_IM-0003-0001,2.8,Male,98.5,98.8
train_1_person1374_virus_2365.jpeg,1,pneumonia_person_1374,1.0,Male,101.7,92.1
train_1_person7_bacteria_28.jpeg,1,pneumonia_person_7,3.1,Male,98.1,92.6
train_1_person946_bacteria_2871.jpeg,1,pneumonia_person_946,4.6,Female,100.9,91.9
test_0_NORMAL2-IM-0206-0001.jpeg,0,test_NORMAL_NORMAL2-IM-0206-0001,1.6,Female,98.9,97.3
train_1_person326_bacteria_1504.jpeg,1,pneumonia_person_326,3.4,Male,101.2,96.9
train_1_person349_virus_724.jpeg,1,pneumonia_person_349,1.8,Female,99.9,95.7
train_0_NORMAL2-IM-0689-0001.jpeg,0,train_NORMAL_NORMAL2-IM-0689-0001,2.1,Male,98.0,99.4
train_1_person387_bacteria_1770.jpeg,1,pneumonia_person_387,4.9,Female,100.5,94.4
train_0_IM-0337-0001.jpeg,0,train_NORMAL_IM-0337-0001,2.3,Male,97.6,97.4
train_1_person1052_bacteria_2986.jpeg,1,pneumonia_person_1052,3.6,Male,100.5,99.4
train_1_person301_bacteria_1424.jpeg,1,pneumonia_person_301,1.0,Female,100.2,95.7
train_0_IM-0658-0001.jpeg,0,train_NORMAL_IM-0658-0001,5.0,Male,98.3,97.4
train_1_person34_bacteria_176.jpeg,1,pneumonia_person_34,3.8,Female,100.9,93.6
train_1_person1349_bacteria_3439.jpeg,1,pneumonia_person_1349,2.8,Male,101.0,92.4
train_1_person1670_bacteria_4426.jpeg,1,pneumonia_person_1670,3.7,Male,100.7,97.0
train_1_person514_virus_1031.jpeg,1,pneumonia_person_514,1.2,Male,100.5,95.1
train_0_IM-0215-0001.jpeg,0,train_NORMAL_IM-0215-0001,4.5,Female,97.9,99.2
train_0_NORMAL2-IM-1041-0001.jpeg,0,train_NORMAL_NORMAL2-IM-1041-0001,2.6,Male,98.5,99.1
train_1_person808_bacteria_2716.jpeg,1,pneumonia_person_808,2.7,Female,102.1,95.6
test_1_person86_bacteria_429.jpeg,1,pneumonia_person_86,2.4,Female,99.4,88.3
train_1_person1323_bacteria_3363.jpeg,1,pneumonia_person_1323,2.2,Female,101.8,91.2
train_1_person290_bacteria_1372.jpeg,1,pneumonia_person_290,3.9,Female,102.0,94.4
train_1_person536_bacteria_2258.jpeg,1,pneumonia_person_536,3.3,Female,100.0,88.7
test_1_person1629_virus_2823.jpeg,1,pneumonia_person_1629,3.8,Female,102.6,89.1
train_0_NORMAL2-IM-1209-0001.jpeg,0,train_NORMAL_NORMAL2-IM-1209-0001,3.0,Male,97.7,96.4
train_1_person23_bacteria_80.jpeg,1,pneumonia_person_23,3.7,Male,99.3,94.7
train_0_NORMAL2-IM-0913-0001.jpeg,0,train_NORMAL_NORMAL2-IM-0913-0001,2.5,Female,98.4,100.0
train_0_NORMAL2-IM-1174-0001.jpeg,0,train_NORMAL_NORMAL2-IM-1174-0001,5.0,Male,97.3,96.0
train_1_person339_bacteria_1574.jpeg,1,pneumonia_person_339,1.0,Female,101.6,93.7
train_1_person604_virus_1165.jpeg,1,pneumonia_person_604,4.6,Male,99.0,92.6
train_1_person1466_virus_2542.jpeg,1,pneumonia_person_1466,4.8,Male,100.2,90.2
train_1_person126_virus_255.jpeg,1,pneumonia_person_126,1.9,Male,100.7,92.5
train_1_person1700_bacteria_4500.jpeg,1,pneumonia_person_1700,5.0,Male,99.7,95.3
train_1_person1411_bacteria_3599.jpeg,1,pneumonia_person_1411,4.3,Female,103.5,95.4
train_1_person770_bacteria_2674.jpeg,1,pneumonia_person_770,4.3,Female,100.7,94.2
train_1_person1525_bacteria_3985.jpeg,1,pneumonia_person_1525,3.0,Male,100.3,94.9
train_1_person51_bacteria_244.jpeg,1,pneumonia_person_51,2.7,Male,101.9,96.7
train_0_IM-0510-0001.jpeg,0,train_NORMAL_IM-0510-0001,2.7,Female,98.6,98.1
train_1_person373_bacteria_1707.jpeg,1,pneumonia_person_373,3.5,Male,101.7,96.9
train_1_person88_virus_161.jpeg,1,pneumonia_person_88,4.8,Female,98.2,91.7
train_1_person1270_bacteria_3230.jpeg,1,pneumonia_person_1270,3.2,Female,99.8,93.3
train_1_person1199_bacteria_3149.jpeg,1,pneumonia_person_1199,1.8,Male,101.8,92.3
train_1_person1544_bacteria_4037.jpeg,1,pneumonia_person_1544,4.1,Male,102.4,95.5
train_1_person12_bacteria_46.jpeg,1,pneumonia_person_12,4.2,Male,99.4,91.0
train_0_IM-0240-0001.jpeg,0,train_NORMAL_IM-0240-0001,3.9,Male,98.3,97.4
train_1_person1138_virus_1879.jpeg,1,pneumonia_person_1138,4.0,Male,101.1,88.9
train_0_NORMAL2-IM-0911-0001.jpeg,0,train_NORMAL_NORMAL2-IM-0911-0001,2.6,Female,98.5,96.8
train_0_NORMAL2-IM-0983-0001.jpeg,0,train_NORMAL_NORMAL2-IM-0983-0001,1.8,Male,98.2,99.1
train_1_person295_bacteria_1389.jpeg,1,pneumonia_person_295,1.9,Female,101.5,95.8
train_1_person441_bacteria_1918.jpeg,1,pneumonia_person_441,1.0,Female,99.7,95.5
train_1_person348_virus_720.jpeg,1,pneumonia_person_348,3.3,Male,97.8,95.6
train_1_person555_bacteria_2325.jpeg,1,pneumonia_person_555,2.9,Female,98.7,95.2
train_1_person604_bacteria_2462.jpeg,1,pneumonia_person_604,2.4,Male,100.4,95.0
train_1_person1790_bacteria_4638.jpeg,1,pneumonia_person_1790,1.0,Female,98.0,95.2
train_0_IM-0330-0001.jpeg,0,train_NORMAL_IM-0330-0001,1.4,Female,98.9,98.5
train_1_person964_virus_1637.jpeg,1,pneumonia_person_964,4.5,Female,98.6,93.0
test_1_person1628_virus_2822.jpeg,1,pneumonia_person_1628,2.1,Female,102.5,93.7
train_1_person501_bacteria_2112.jpeg,1,pneumonia_person_501,3.5,Male,103.2,92.7
train_1_person59_bacteria_281.jpeg,1,pneumonia_person_59,1.2,Male,99.0,89.6
train_0_IM-0504-0001.jpeg,0,train_NORMAL_IM-0504-0001,4.9,Male,98.4,97.9
train_0_NORMAL2-IM-0819-0001.jpeg,0,train_NORMAL_NORMAL2-IM-0819-0001,2.8,Female,98.0,98.3
train_1_person1564_bacteria_4094.jpeg,1,pneumonia_person_1564,3.4,Male,100.0,95.8
train_1_person347_bacteria_1594.jpeg,1,pneumonia_person_347,5.0,Female,102.7,93.5
train_1_person557_virus_1097.jpeg,1,pneumonia_person_557,5.0,Male,99.8,100.0
test_0_NORMAL2-IM-0229-0001.jpeg,0,test_NORMAL_NORMAL2-IM-0229-0001,2.6,Female,98.6,99.7
train_0_IM-0191-0001.jpeg,0,train_NORMAL_IM-0191-0001,2.2,Female,98.4,98.9
train_1_person23_bacteria_88.jpeg,1,pneumonia_person_23,2.6,Male,101.9,96.7
train_1_person630_bacteria_2515.jpeg,1,pneumonia_person_630,3.7,Male,96.2,96.2
train_1_person588_bacteria_2422.jpeg,1,pneumonia_person_588,2.9,Female,99.8,95.1
train_1_person1646_bacteria_4368.jpeg,1,pneumonia_person_1646,2.5,Male,100.3,96.2
test_1_person134_bacteria_643.jpeg,1,pneumonia_person_134,4.9,Male,99.5,93.6
train_1_person677_virus_1268.jpeg,1,pneumonia_person_677,2.9,Male,101.5,97.7
train_1_person1174_virus_1980.jpeg,1,pneumonia_person_1174,5.0,Female,102.0,96.7
train_1_person427_bacteria_1866.jpeg,1,pneumonia_person_427,3.1,Male,98.6,91.4
test_1_person103_bacteria_490.jpeg,1,pneumonia_person_103,5.0,Male,103.1,94.3
train_0_IM-0437-0001-0001.jpeg,0,train_NORMAL_IM-0437-0001-0001,3.5,Female,99.0,98.9
train_1_person968_bacteria_2893.jpeg,1,pneumonia_person_968,4.3,Male,102.1,97.3
train_1_person806_virus_1439.jpeg,1,pneumonia_person_806,2.1,Male,100.6,94.1
train_1_person650_virus_1232.jpeg,1,pneumonia_person_650,1.9,Male,99.7,96.9
train_1_person852_virus_1497.jpeg,1,pneumonia_person_852,3.6,Male,99.9,93.2
train_1_person621_virus_1194.jpeg,1,pneumonia_person_621,4.3,Male,100.4,88.9
train_1_person23_bacteria_89.jpeg,1,pneumonia_person_23,3.1,Male,100.7,100.0
train_0_IM-0531-0001-0001.jpeg,0,train_NORMAL_IM-0531-0001-0001,1.3,Male,97.5,98.0
train_1_person804_bacteria_2711.jpeg,1,pneumonia_person_804,1.2,Female,100.1,91.0
train_1_person68_bacteria_337.jpeg,1,pneumonia_person_68,1.1,Male,99.4,96.4
test_1_person23_virus_56.jpeg,1,pneumonia_person_23,1.0,Female,98.8,98.6
test_0_IM-0091-0001.jpeg,0,test_NORMAL_IM-0091-0001,3.1,Female,99.0,98.7
train_0_IM-0448-0001.jpeg,0,train_NORMAL_IM-0448-0001,4.5,Female,98.5,99.0
train_1_person299_bacteria_1417.jpeg,1,pneumonia_person_299,3.0,Female,99.9,94.1
train_1_person885_bacteria_2809.jpeg,1,pneumonia_person_885,1.0,Male,101.0,90.7
train_1_person1406_bacteria_3574.jpeg,1,pneumonia_person_1406,2.8,Female,100.6,91.8
train_1_person564_bacteria_2342.jpeg,1,pneumonia_person_564,2.8,Male,103.0,98.0
train_1_person1149_bacteria_3094.jpeg,1,pneumonia_person_1149,5.0,Male,97.5,93.2
train_0_IM-0453-0001.jpeg,0,train_NORMAL_IM-0453-0001,1.1,Female,98.4,98.8
test_1_person1620_virus_2807.jpeg,1,pneumonia_person_1620,2.5,Male,100.4,92.4
train_1_person747_virus_1370.jpeg,1,pneumonia_person_747,5.0,Male,101.5,96.2
train_0_IM-0384-0001.jpeg,0,train_NORMAL_IM-0384-0001,3.6,Male,98.0,96.1
train_1_person1046_bacteria_2980.jpeg,1,pneumonia_person_1046,3.7,Male,100.2,94.1
train_1_person333_virus_688.jpeg,1,pneumonia_person_333,3.1,Male,100.6,99.7
train_1_person1477_virus_2561.jpeg,1,pneumonia_person_1477,3.4,Female,99.4,98.6
train_1_person1087_bacteria_3027.jpeg,1,pneumonia_person_1087,4.0,Female,101.2,94.9
train_0_NORMAL2-IM-0480-0001.jpeg,0,train_NORMAL_NORMAL2-IM-0480-0001,1.9,Male,97.6,98.0
test_0_NORMAL2-IM-0288-0001.jpeg,0,test_NORMAL_NORMAL2-IM-0288-0001,4.1,Female,98.4,98.3
train_1_person1715_bacteria_4532.jpeg,1,pneumonia_person_1715,1.2,Male,100.4,93.2
train_1_person974_bacteria_2899.jpeg,1,pneumonia_person_974,3.4,Female,99.8,95.8
train_1_person1409_virus_2413.jpeg,1,pneumonia_person_1409,3.2,Female,100.1,98.0
train_1_person1546_virus_2687.jpeg,1,pneumonia_person_1546,2.2,Female,100.2,90.3
test_1_person101_bacteria_485.jpeg,1,pneumonia_person_101,3.0,Male,102.1,94.9
train_1_person417_bacteria_1841.jpeg,1,pneumonia_person_417,2.2,Male,104.6,94.4
train_1_person1502_virus_2612.jpeg,1,pneumonia_person_1502,1.6,Male,102.0,93.8
train_1_person269_virus_554.jpeg,1,pneumonia_person_269,2.5,Female,99.7,93.5
train_1_person2_bacteria_3.jpeg,1,pneumonia_person_2,1.6,Male,101.2,94.1
train_1_person1609_virus_2791.jpeg,1,pneumonia_person_1609,3.4,Male,101.3,94.3
train_1_person367_bacteria_1665.jpeg,1,pneumonia_person_367,1.5,Female,99.2,96.3
train_0_NORMAL2-IM-1376-0001.jpeg,0,train_NORMAL_NORMAL2-IM-1376-0001,3.9,Female,99.0,97.6
train_1_person991_bacteria_2918.jpeg,1,pneumonia_person_991,1.5,Male,100.3,93.1
train_0_IM-0411-0001.jpeg,0,train_NORMAL_IM-0411-0001,2.3,Male,98.5,97.8
train_0_IM-0595-0001.jpeg,0,train_NORMAL_IM-0595-0001,2.2,Male,98.9,98.2
train_1_person279_virus_576.jpeg,1,pneumonia_person_279,4.7,Male,99.5,94.2
train_1_person480_virus_982.jpeg,1,pneumonia_person_480,3.4,Female,101.1,91.7
train_1_person544_virus_1074.jpeg,1,pneumonia_person_544,2.7,Male,100.5,95.9
train_1_person1669_bacteria_4424.jpeg,1,pneumonia_person_1669,3.6,Female,102.2,94.6
train_1_person61_bacteria_297.jpeg,1,pneumonia_person_61,1.0,Male,98.6,96.4
test_0_NORMAL2-IM-0132-0001.jpeg,0,test_NORMAL_NORMAL2-IM-0132-0001,2.9,Female,99.0,96.0
test_1_person111_bacteria_533.jpeg,1,pneumonia_person_111,5.0,Female,98.4,91.4
train_1_person422_virus_867.jpeg,1,pneumonia_person_422,3.2,Male,97.8,96.3
train_1_person1597_bacteria_4192.jpeg,1,pneumonia_person_1597,3.1,Male,100.3,93.8
train_0_NORMAL2-IM-1300-0001.jpeg,0,train_NORMAL_NORMAL2-IM-1300-0001,3.7,Male,98.7,95.8
train_1_person561_bacteria_2331.jpeg,1,pneumonia_person_561,4.2,Male,100.3,95.2
train_0_IM-0509-0001-0002.jpeg,0,train_NORMAL_IM-0509-0001-0002,1.0,Female,98.7,100.0
train_1_person863_bacteria_2785.jpeg,1,pneumonia_person_863,1.0,Male,100.1,90.4
train_1_person489_bacteria_2063.jpeg,1,pneumonia_person_489,3.3,Female,99.3,97.0
train_1_person1001_bacteria_2932.jpeg,1,pneumonia_person_1001,2.1,Male,101.0,92.5
test_1_person28_virus_62.jpeg,1,pneumonia_person_28,4.7,Male,100.0,97.8
train_0_NORMAL2-IM-1150-0001.jpeg,0,train_NORMAL_NORMAL2-IM-1150-0001,2.6,Female,99.1,97.6
train_0_NORMAL2-IM-0993-0001.jpeg,0,train_NORMAL_NORMAL2-IM-0993-0001,1.0,Female,98.5,97.0
train_1_person749_virus_1374.jpeg,1,pneumonia_person_749,1.4,Female,99.1,93.0
train_0_NORMAL2-IM-0907-0001.jpeg,0,train_NORMAL_NORMAL2-IM-0907-0001,1.0,Male,99.1,96.1
train_1_person466_bacteria_1984.jpeg,1,pneumonia_person_466,2.7,Female,100.2,95.1
train_1_person765_virus_1393.jpeg,1,pneumonia_person_765,2.8,Female,98.8,88.7
train_1_person1352_bacteria_3444.jpeg,1,pneumonia_person_1352,2.4,Male,98.6,92.8
train_0_IM-0618-0001.jpeg,0,train_NORMAL_IM-0618-0001,4.4,Female,97.5,97.5
train_0_NORMAL2-IM-0976-0001.jpeg,0,train_NORMAL_NORMAL2-IM-0976-0001,4.6,Female,99.5,99.4
train_1_person1521_virus_2649.jpeg,1,pneumonia_person_1521,2.8,Male,102.2,91.2
train_1_person544_virus_1075.jpeg,1,pneumonia_person_544,1.0,Female,100.6,95.5
train_1_person685_bacteria_2581.jpeg,1,pneumonia_person_685,3.8,Female,100.3,92.9
train_1_person761_bacteria_2665.jpeg,1,pneumonia_person_761,3.7,Male,99.1,92.5
train_1_person1482_virus_2572.jpeg,1,pneumonia_person_1482,3.4,Female,101.4,96.7
train_0_IM-0420-0001.jpeg,0,train_NORMAL_IM-0420-0001,4.3,Male,98.8,96.7
train_1_person1517_virus_2644.jpeg,1,pneumonia_person_1517,1.5,Male,99.5,92.4
train_1_person1352_bacteria_3442.jpeg,1,pneumonia_person_1352,5.0,Male,100.7,95.7
train_1_person565_bacteria_2348.jpeg,1,pneumonia_person_565,1.8,Male,98.2,90.4
test_0_NORMAL2-IM-0237-0001.jpeg,0,test_NORMAL_NORMAL2-IM-0237-0001,4.0,Female,98.1,98.6
train_1_person1751_bacteria_4592.jpeg,1,pneumonia_person_1751,1.0,Female,98.9,93.0
test_0_IM-0086-0001.jpeg,0,test_NORMAL_IM-0086-0001,1.8,Female,97.9,99.0
test_1_person80_bacteria_390.jpeg,1,pneumonia_person_80,5.0,Male,100.4,95.7
train_1_person148_virus_298.jpeg,1,pneumonia_person_148,2.7,Female,101.8,93.1
train_1_person160_virus_316.jpeg,1,pneumonia_person_160,4.1,Male,99.2,92.3
train_1_person1583_bacteria_4144.jpeg,1,pneumonia_person_1583,3.3,Male,101.1,93.4
train_1_person1461_virus_2510.jpeg,1,pneumonia_person_1461,2.9,Male,100.3,95.3
train_1_person605_bacteria_2468.jpeg,1,pneumonia_person_605,4.8,Male,99.2,91.0
train_0_IM-0664-0001.jpeg,0,train_NORMAL_IM-0664-0001,2.7,Female,97.7,98.5
train_1_person313_bacteria_1458.jpeg,1,pneumonia_person_313,1.0,Female,100.3,97.2
train_1_person124_virus_245.jpeg,1,pneumonia_person_124,2.0,Male,99.6,91.7
train_1_person258_bacteria_1216.jpeg,1,pneumonia_person_258,3.7,Male,100.5,94.4
train_1_person1509_bacteria_3951.jpeg,1,pneumonia_person_1509,3.5,Female,100.2,93.0
test_0_IM-0030-0001.jpeg,0,test_NORMAL_IM-0030-0001,1.0,Male,98.3,97.2
train_1_person500_bacteria_2108.jpeg,1,pneumonia_person_500,2.1,Male,99.9,97.1
test_0_NORMAL2-IM-0249-0001.jpeg,0,test_NORMAL_NORMAL2-IM-0249-0001,2.2,Female,98.1,96.9
test_1_person44_virus_93.jpeg,1,pneumonia_person_44,2.5,Male,100.5,92.6
train_1_person1710_bacteria_4525.jpeg,1,pneumonia_person_1710,1.2,Female,99.4,92.8
train_0_IM-0632-0001.jpeg,0,train_NORMAL_IM-0632-0001,2.2,Female,98.7,98.3
test_0_NORMAL2-IM-0123-0001.jpeg,0,test_NORMAL_NORMAL2-IM-0123-0001,2.1,Male,98.6,97.8
train_1_person349_bacteria_1607.jpeg,1,pneumonia_person_349,4.0,Male,101.4,92.3
train_0_IM-0306-0001.jpeg,0,train_NORMAL_IM-0306-0001,4.1,Male,99.1,98.5
test_0_NORMAL2-IM-0366-0001.jpeg,0,test_NORMAL_NORMAL2-IM-0366-0001,2.8,Male,99.0,98.7
train_1_person1186_bacteria_3134.jpeg,1,pneumonia_person_1186,2.5,Female,99.7,92.6
train_1_person53_bacteria_252.jpeg,1,pneumonia_person_53,3.2,Male,101.2,96.0
test_0_NORMAL2-IM-0352-0001.jpeg,0,test_NORMAL_NORMAL2-IM-0352-0001,1.9,Male,98.0,98.6
train_1_person1535_bacteria_4015.jpeg,1,pneumonia_person_1535,1.5,Female,101.4,96.9
train_1_person321_bacteria_1489.jpeg,1,pneumonia_person_321,1.8,Male,98.0,96.7
train_1_person38_bacteria_190.jpeg,1,pneumonia_person_38,2.2,Male,98.6,99.1
train_1_person406_bacteria_1819.jpeg,1,pneumonia_person_406,1.5,Female,99.7,96.0
train_1_person1331_bacteria_3380.jpeg,1,pneumonia_person_1331,3.2,Male,103.2,94.6
train_1_person95_virus_177.jpeg,1,pneumonia_person_95,3.9,Male,102.6,96.7
train_0_NORMAL2-IM-0831-0001.jpeg,0,train_NORMAL_NORMAL2-IM-0831-0001,1.0,Male,98.6,98.0
train_1_person143_virus_289.jpeg,1,pneumonia_person_143,3.0,Female,100.9,92.5
train_1_person328_bacteria_1513.jpeg,1,pneumonia_person_328,2.7,Male,98.0,93.3
train_1_person1906_bacteria_4803.jpeg,1,pneumonia_person_1906,3.4,Female,100.6,96.9
train_1_person678_bacteria_2572.jpeg,1,pneumonia_person_678,3.0,Male,99.7,91.4
train_1_person1321_bacteria_3358.jpeg,1,pneumonia_person_1321,1.1,Female,99.3,91.1
test_1_person141_bacteria_678.jpeg,1,pneumonia_person_141,1.4,Female,100.6,94.1
train_1_person1369_virus_2356.jpeg,1,pneumonia_person_1369,3.0,Male,99.8,95.3
train_1_person1141_bacteria_3084.jpeg,1,pneumonia_person_1141,4.3,Male,101.5,91.7
test_0_NORMAL2-IM-0319-0001.jpeg,0,test_NORMAL_NORMAL2-IM-0319-0001,1.0,Male,98.5,97.6
train_1_person575_bacteria_2374.jpeg,1,pneumonia_person_575,3.4,Male,100.5,96.9
train_0_NORMAL2-IM-0472-0001.jpeg,0,train_NORMAL_NORMAL2-IM-0472-0001,4.5,Male,98.4,96.4
train_1_person645_virus_1226.jpeg,1,pneumonia_person_645,2.8,Female,99.9,94.4
test_1_person33_virus_72.jpeg,1,pneumonia_person_33,3.7,Male,100.8,93.3
train_1_person919_virus_1576.jpeg,1,pneumonia_person_919,2.1,Female,98.9,97.8
test_1_person70_virus_130.jpeg,1,pneumonia_person_70,2.8,Male,100.6,93.5
train_1_person145_virus_295.jpeg,1,pneumonia_person_145,1.0,Male,100.1,95.9
train_1_person281_bacteria_1329.jpeg,1,pneumonia_person_281,1.0,Male,99.5,98.4
train_1_person336_bacteria_1553.jpeg,1,pneumonia_person_336,4.2,Male,99.8,95.6
train_1_person1203_bacteria_3155.jpeg,1,pneumonia_person_1203,1.7,Female,100.2,91.0
train_1_person513_virus_1030.jpeg,1,pneumonia_person_513,2.4,Male,99.4,90.4
train_1_person361_bacteria_1651.jpeg,1,pneumonia_person_361,1.2,Male,100.4,92.8
train_1_person113_virus_215.jpeg,1,pneumonia_person_113,1.2,Female,100.0,95.3
train_1_person1308_bacteria_3286.jpeg,1,pneumonia_person_1308,2.8,Female,99.6,94.6
train_1_person1074_bacteria_3012.jpeg,1,pneumonia_person_1074,2.1,Male,102.5,99.0
train_0_NORMAL2-IM-1030-0001.jpeg,0,train_NORMAL_NORMAL2-IM-1030-0001,3.5,Female,98.6,99.0
train_1_person803_virus_1436.jpeg,1,pneumonia_person_803,3.6,Male,99.9,92.7
train_0_IM-0239-0001.jpeg,0,train_NORMAL_IM-0239-0001,3.4,Male,98.7,97.2
train_0_NORMAL2-IM-1001-0001.jpeg,0,train_NORMAL_NORMAL2-IM-1001-0001,3.3,Male,99.0,98.0
train_1_person71_bacteria_347.jpeg,1,pneumonia_person_71,5.0,Female,99.8,93.5
train_0_NORMAL2-IM-0772-0001.jpeg,0,train_NORMAL_NORMAL2-IM-0772-0001,1.6,Male,98.5,99.4
train_1_person1841_bacteria_4708.jpeg,1,pneumonia_person_1841,2.9,Female,98.8,93.6
test_1_person112_bacteria_539.jpeg,1,pneumonia_person_112,4.5,Male,100.9,91.0
train_1_person499_virus_1008.jpeg,1,pneumonia_person_499,4.6,Female,99.7,92.4
train_1_person640_virus_1221.jpeg,1,pneumonia_person_640,1.2,Male,99.9,93.5
train_1_person1657_bacteria_4400.jpeg,1,pneumonia_person_1657,2.6,Male,99.7,91.2
train_1_person1912_bacteria_4816.jpeg,1,pneumonia_person_1912,4.8,Female,104.2,92.3
train_1_person319_bacteria_1479.jpeg,1,pneumonia_person_319,3.7,Male,99.5,91.6
train_1_person1176_virus_1996.jpeg,1,pneumonia_person_1176,3.3,Female,97.7,91.7
train_1_person895_virus_1547.jpeg,1,pneumonia_person_895,2.7,Female,98.3,91.0
train_0_IM-0656-0001.jpeg,0,train_NORMAL_IM-0656-0001,2.5,Female,98.4,98.4
train_0_NORMAL2-IM-1318-0001.jpeg,0,train_NORMAL_NORMAL2-IM-1318-0001,3.4,Male,98.8,97.7
train_1_person430_bacteria_1871.jpeg,1,pneumonia_person_430,2.7,Female,99.5,95.0
train_0_IM-0543-0001.jpeg,0,train_NORMAL_IM-0543-0001,2.9,Female,97.9,99.0
train_1_person900_virus_1554.jpeg,1,pneumonia_person_900,3.1,Male,101.4,96.5
train_1_person311_bacteria_1453.jpeg,1,pneumonia_person_311,2.1,Female,100.2,98.2
train_1_person445_virus_912.jpeg,1,pneumonia_person_445,3.7,Female,100.1,95.2
train_1_person486_bacteria_2051.jpeg,1,pneumonia_person_486,5.0,Female,100.6,94.6
train_1_person116_virus_221.jpeg,1,pneumonia_person_116,1.0,Female,101.5,95.4
train_0_IM-0401-0001.jpeg,0,train_NORMAL_IM-0401-0001,3.4,Female,98.7,98.9
test_1_person88_bacteria_439.jpeg,1,pneumonia_person_88,2.0,Female,99.5,93.6
train_1_person1613_bacteria_4247.jpeg,1,pneumonia_person_1613,3.8,Male,100.2,93.4
train_1_person277_bacteria_1302.jpeg,1,pneumonia_person_277,3.1,Female,103.0,90.9
train_0_IM-0640-0001-0001.jpeg,0,train_NORMAL_IM-0640-0001-0001,4.0,Male,97.9,97.8
train_1_person1034_virus_1728.jpeg,1,pneumonia_person_1034,4.5,Male,101.5,93.4
train_1_person1037_bacteria_2971.jpeg,1,pneumonia_person_1037,3.3,Female,101.1,97.1
train_0_NORMAL2-IM-0552-0001.jpeg,0,train_NORMAL_NORMAL2-IM-0552-0001,4.5,Male,98.5,98.5
test_1_person26_virus_60.jpeg,1,pneumonia_person_26,1.0,Female,100.5,91.9
train_1_person1197_bacteria_3147.jpeg,1,pneumonia_person_1197,5.0,Male,101.6,96.6
train_1_person617_virus_1187.jpeg,1,pneumonia_person_617,3.5,Male,101.3,87.1
train_1_person124_virus_237.jpeg,1,pneumonia_person_124,4.4,Male,100.7,98.3
train_1_person420_bacteria_1850.jpeg,1,pneumonia_person_420,1.4,Female,99.5,90.2
train_0_IM-0602-0001.jpeg,0,train_NORMAL_IM-0602-0001,1.9,Male,98.7,98.3
train_1_person1312_bacteria_3318.jpeg,1,pneumonia_person_1312,3.2,Female,100.3,94.6
train_1_person1019_virus_1708.jpeg,1,pneumonia_person_1019,3.0,Male,100.0,96.3
train_0_NORMAL2-IM-1321-0001.jpeg,0,train_NORMAL_NORMAL2-IM-1321-0001,3.4,Male,98.8,99.2
train_1_person527_virus_1048.jpeg,1,pneumonia_person_527,4.4,Male,98.4,88.1
train_1_person1931_bacteria_4842.jpeg,1,pneumonia_person_1931,1.0,Male,101.6,92.7
train_0_NORMAL2-IM-1025-0001.jpeg,0,train_NORMAL_NORMAL2-IM-1025-0001,4.3,Female,98.2,99.9
train_1_person546_virus_1085.jpeg,1,pneumonia_person_546,3.0,Male,100.6,88.4
train_0_IM-0222-0001.jpeg,0,train_NORMAL_IM-0222-0001,2.7,Female,97.8,96.4
train_1_person409_virus_820.jpeg,1,pneumonia_person_409,1.1,Male,99.1,90.8
train_0_NORMAL2-IM-0633-0001.jpeg,0,train_NORMAL_NORMAL2-IM-0633-0001,3.7,Female,98.6,98.8
train_1_person64_bacteria_319.jpeg,1,pneumonia_person_64,1.0,Female,100.4,92.9
train_1_person295_virus_612.jpeg,1,pneumonia_person_295,3.8,Male,99.3,98.4
train_1_person988_virus_1666.jpeg,1,pneumonia_person_988,1.1,Male,101.5,92.9
train_1_person101_virus_188.jpeg,1,pneumonia_person_101,3.1,Female,99.7,94.6
train_1_person69_bacteria_338.jpeg,1,pneumonia_person_69,2.8,Male,101.3,93.0
train_1_person364_bacteria_1659.jpeg,1,pneumonia_person_364,4.5,Female,98.7,89.4
train_0_NORMAL2-IM-1173-0001.jpeg,0,train_NORMAL_NORMAL2-IM-1173-0001,2.8,Female,98.2,98.2
train_1_person1405_bacteria_3567.jpeg,1,pneumonia_person_1405,2.1,Female,100.1,95.4
train_1_person642_virus_1223.jpeg,1,pneumonia_person_642,2.3,Female,98.4,95.0
train_1_person469_bacteria_1995.jpeg,1,pneumonia_person_469,4.7,Female,102.4,92.8
train_0_NORMAL2-IM-0744-0001.jpeg,0,train_NORMAL_NORMAL2-IM-0744-0001,3.7,Female,98.8,97.8
test_0_NORMAL2-IM-0381-0001.jpeg,0,test_NORMAL_NORMAL2-IM-0381-0001,2.5,Male,98.0,97.2
train_1_person1123_virus_1848.jpeg,1,pneumonia_person_1123,2.7,Female,100.9,94.5
train_1_person1363_bacteria_3484.jpeg,1,pneumonia_person_1363,1.0,Male,99.6,95.6
test_0_NORMAL2-IM-0374-0001-0001.jpeg,0,test_NORMAL_NORMAL2-IM-0374-0001-0001,3.5,Male,97.5,97.8
test_0_NORMAL2-IM-0364-0001.jpeg,0,test_NORMAL_NORMAL2-IM-0364-0001,1.0,Female,99.2,99.8
train_1_person392_virus_782.jpeg,1,pneumonia_person_392,4.0,Female,99.1,94.8
train_1_person1046_virus_1742.jpeg,1,pneumonia_person_1046,3.2,Female,100.1,93.5
train_1_person66_bacteria_325.jpeg,1,pneumonia_person_66,5.0,Male,100.1,97.0
train_1_person1072_virus_1775.jpeg,1,pneumonia_person_1072,1.6,Male,101.3,93.6
train_0_IM-0522-0001.jpeg,0,train_NORMAL_IM-0522-0001,2.9,Female,98.4,97.9
train_1_person1316_virus_2271.jpeg,1,pneumonia_person_1316,5.0,Male,99.3,94.5
train_1_person1682_bacteria_4459.jpeg,1,pneumonia_person_1682,4.5,Female,100.0,92.0
train_1_person488_bacteria_2062.jpeg,1,pneumonia_person_488,2.1,Male,100.1,91.9
train_1_person949_bacteria_2874.jpeg,1,pneumonia_person_949,3.3,Female,101.4,93.3
train_1_person443_virus_908.jpeg,1,pneumonia_person_443,3.0,Male,98.9,91.2
train_1_person1383_virus_2377.jpeg,1,pneumonia_person_1383,3.4,Male,103.0,92.9
train_1_person326_virus_673.jpeg,1,pneumonia_person_326,2.1,Female,99.4,98.3
train_0_NORMAL2-IM-0942-0001.jpeg,0,train_NORMAL_NORMAL2-IM-0942-0001,2.9,Female,99.2,97.9
train_1_person630_bacteria_2516.jpeg,1,pneumonia_person_630,1.0,Female,98.9,94.3
train_1_person396_bacteria_1796.jpeg,1,pneumonia_person_396,3.2,Female,98.7,97.4
train_1_person759_virus_1387.jpeg,1,pneumonia_person_759,3.6,Male,99.3,91.4
train_1_person462_bacteria_1967.jpeg,1,pneumonia_person_462,2.7,Female,99.1,99.7
train_0_IM-0245-0001.jpeg,0,train_NORMAL_IM-0245-0001,1.0,Male,98.7,98.3
train_1_person1697_bacteria_4496.jpeg,1,pneumonia_person_1697,4.3,Female,99.1,98.5
train_1_person1177_virus_2002.jpeg,1,pneumonia_person_1177,3.5,Male,101.3,98.5
train_1_person25_bacteria_121.jpeg,1,pneumonia_person_25,2.1,Male,99.4,89.1
train_1_person482_bacteria_2044.jpeg,1,pneumonia_person_482,2.6,Male,99.2,97.2
train_1_person807_virus_1441.jpeg,1,pneumonia_person_807,1.0,Female,99.9,92.8
train_1_person1276_bacteria_3239.jpeg,1,pneumonia_person_1276,1.7,Female,101.7,92.1
train_1_person1598_bacteria_4198.jpeg,1,pneumonia_person_1598,2.3,Male,100.7,94.8
test_0_IM-0045-0001.jpeg,0,test_NORMAL_IM-0045-0001,4.6,Female,99.2,98.8
train_1_person1414_virus_2424.jpeg,1,pneumonia_person_1414,2.2,Female,98.5,94.8
train_1_person1726_bacteria_4552.jpeg,1,pneumonia_person_1726,3.8,Female,98.9,91.1
train_1_person1127_virus_1854.jpeg,1,pneumonia_person_1127,2.3,Female,98.7,93.9
train_0_IM-0579-0001.jpeg,0,train_NORMAL_IM-0579-0001,3.3,Male,98.5,97.4
train_1_person1319_virus_2276.jpeg,1,pneumonia_person_1319,2.8,Male,101.1,94.5
train_1_person918_bacteria_2843.jpeg,1,pneumonia_person_918,4.1,Female,99.3,92.6
train_1_person649_virus_1231.jpeg,1,pneumonia_person_649,2.3,Male,99.7,94.9
test_1_person122_bacteria_584.jpeg,1,pneumonia_person_122,1.0,Female,99.3,90.0
train_0_IM-0714-0001.jpeg,0,train_NORMAL_IM-0714-0001,1.2,Male,98.3,96.9
train_1_person437_bacteria_1886.jpeg,1,pneumonia_person_437,2.3,Male,101.0,92.4
train_1_person1847_bacteria_4716.jpeg,1,pneumonia_person_1847,1.4,Female,100.0,95.5
train_0_IM-0644-0001-0002.jpeg,0,train_NORMAL_IM-0644-0001-0002,3.5,Female,98.9,95.6
train_1_person835_virus_1472.jpeg,1,pneumonia_person_835,2.4,Female,102.0,94.8
train_1_person392_bacteria_1786.jpeg,1,pneumonia_person_392,5.0,Female,102.1,93.4
train_1_person992_virus_1670.jpeg,1,pneumonia_person_992,1.0,Male,101.3,91.5
train_1_person1355_virus_2336.jpeg,1,pneumonia_person_1355,3.3,Female,99.9,97.2
train_1_person610_bacteria_2475.jpeg,1,pneumonia_person_610,1.5,Male,101.2,91.8
train_1_person1303_virus_2243.jpeg,1,pneumonia_person_1303,2.4,Male,99.9,94.5
train_0_IM-0302-0001.jpeg,0,train_NORMAL_IM-0302-0001,3.2,Female,97.5,96.6
train_1_person1719_bacteria_4542.jpeg,1,pneumonia_person_1719,1.0,Male,100.9,94.9
train_1_person434_virus_884.jpeg,1,pneumonia_person_434,3.3,Female,100.7,92.0
train_1_person23_bacteria_105.jpeg,1,pneumonia_person_23,5.0,Male,100.6,96.1
test_0_IM-0013-0001.jpeg,0,test_NORMAL_IM-0013-0001,2.4,Female,97.8,98.9
test_1_person87_bacteria_433.jpeg,1,pneumonia_person_87,3.3,Male,98.5,96.0
train_1_person1593_virus_2767.jpeg,1,pneumonia_person_1593,4.3,Male,102.8,93.9
train_1_person780_bacteria_2684.jpeg,1,pneumonia_person_780,2.8,Male,100.2,92.4
train_1_person710_bacteria_2611.jpeg,1,pneumonia_person_710,2.2,Male,98.6,100.0
train_1_person1544_bacteria_4033.jpeg,1,pneumonia_person_1544,1.0,Female,99.4,91.0
test_1_person120_bacteria_573.jpeg,1,pneumonia_person_120,3.8,Female,98.3,95.7
train_1_person1415_bacteria_3629.jpeg,1,pneumonia_person_1415,2.9,Male,101.2,94.3
train_1_person993_bacteria_2921.jpeg,1,pneumonia_person_993,1.7,Female,99.1,93.3
train_1_person321_bacteria_1488.jpeg,1,pneumonia_person_321,3.2,Male,100.6,94.0
train_1_person1537_virus_2674.jpeg,1,pneumonia_person_1537,2.2,Female,101.9,92.2
train_0_IM-0704-0001.jpeg,0,train_NORMAL_IM-0704-0001,2.3,Female,97.7,98.1
train_1_person569_bacteria_2364.jpeg,1,pneumonia_person_569,3.8,Male,100.1,94.3
train_0_IM-0692-0001.jpeg,0,train_NORMAL_IM-0692-0001,1.3,Female,98.7,98.8
test_0_NORMAL2-IM-0028-0001.jpeg,0,test_NORMAL_NORMAL2-IM-0028-0001,4.4,Male,99.2,97.5
train_1_person1039_bacteria_2973.jpeg,1,pneumonia_person_1039,1.2,Male,103.7,94.8
train_1_person550_bacteria_2309.jpeg,1,pneumonia_person_550,2.1,Male,101.4,94.9
train_1_person774_bacteria_2678.jpeg,1,pneumonia_person_774,5.0,Female,100.1,98.1
train_1_person359_bacteria_1644.jpeg,1,pneumonia_person_359,4.5,Male,99.6,91.1
test_1_person24_virus_58.jpeg,1,pneumonia_person_24,3.1,Male,100.3,93.0
train_1_person1617_bacteria_4254.jpeg,1,pneumonia_person_1617,1.8,Male,100.6,88.7
test_0_NORMAL2-IM-0110-0001.jpeg,0,test_NORMAL_NORMAL2-IM-0110-0001,2.3,Male,97.7,98.7
train_1_person278_bacteria_1313.jpeg,1,pneumonia_person_278,3.1,Female,101.1,95.6
train_0_IM-0497-0001-0002.jpeg,0,train_NORMAL_IM-0497-0001-0002,3.0,Female,98.8,96.1
train_1_person725_bacteria_2627.jpeg,1,pneumonia_person_725,2.9,Male,99.2,97.1
train_1_person438_bacteria_1889.jpeg,1,pneumonia_person_438,3.0,Male,100.9,91.7
val_1_person1947_bacteria_4876.jpeg,1,pneumonia_person_1947,2.7,Male,98.9,92.6
train_1_person382_bacteria_1740.jpeg,1,pneumonia_person_382,1.1,Male,101.3,93.8
train_1_person1253_virus_2129.jpeg,1,pneumonia_person_1253,2.3,Female,100.4,97.5
train_1_person1395_virus_2398.jpeg,1,pneumonia_person_1395,4.2,Male,98.0,91.4
train_1_person564_bacteria_2343.jpeg,1,pneumonia_person_564,1.2,Male,100.5,94.2
train_1_person1242_virus_2108.jpeg,1,pneumonia_person_1242,2.8,Female,98.2,95.4
train_1_person472_bacteria_2007.jpeg,1,pneumonia_person_472,1.9,Female,101.3,94.9
train_1_person677_bacteria_2571.jpeg,1,pneumonia_person_677,3.1,Male,100.1,95.0
train_1_person633_virus_1213.jpeg,1,pneumonia_person_633,2.5,Male,102.8,95.4
train_1_person423_bacteria_1854.jpeg,1,pneumonia_person_423,4.9,Female,101.8,92.1
train_1_person318_virus_644.jpeg,1,pneumonia_person_318,3.7,Male,99.0,97.7
train_1_person981_virus_1657.jpeg,1,pneumonia_person_981,1.3,Male,97.8,93.2
train_1_person525_bacteria_2217.jpeg,1,pneumonia_person_525,3.9,Female,99.4,92.9
train_1_person67_bacteria_333.jpeg,1,pneumonia_person_67,2.0,Female,98.8,96.9
train_0_NORMAL2-IM-0860-0001.jpeg,0,train_NORMAL_NORMAL2-IM-0860-0001,2.2,Female,98.6,98.4
train_1_person1937_bacteria_4853.jpeg,1,pneumonia_person_1937,3.4,Male,100.4,94.3
train_0_NORMAL2-IM-0587-0001.jpeg,0,train_NORMAL_NORMAL2-IM-0587-0001,2.4,Male,98.7,98.1
train_0_NORMAL2-IM-0896-0001.jpeg,0,train_NORMAL_NORMAL2-IM-0896-0001,4.2,Male,98.7,97.7
train_1_person614_virus_1183.jpeg,1,pneumonia_person_614,2.0,Female,100.2,99.3
train_0_NORMAL2-IM-1295-0001.jpeg,0,train_NORMAL_NORMAL2-IM-1295-0001,2.2,Female,98.2,99.3
test_1_person1653_virus_2859.jpeg,1,pneumonia_person_1653,2.1,Male,101.8,94.8
train_1_person349_bacteria_1606.jpeg,1,pneumonia_person_349,2.3,Female,100.8,93.5
train_1_person393_virus_784.jpeg,1,pneumonia_person_393,4.4,Male,99.0,92.6
train_1_person56_bacteria_267.jpeg,1,pneumonia_person_56,3.8,Male,102.5,93.8
test_0_NORMAL2-IM-0302-0001.jpeg,0,test_NORMAL_NORMAL2-IM-0302-0001,5.0,Female,99.0,99.0
train_1_person494_virus_1000.jpeg,1,pneumonia_person_494,5.0,Male,99.8,89.7
train_1_person632_virus_1211.jpeg,1,pneumonia_person_632,1.7,Male,96.7,94.2
train_1_person596_virus_1149.jpeg,1,pneumonia_person_596,3.1,Male,101.2,93.4
train_1_person698_virus_1294.jpeg,1,pneumonia_person_698,1.5,Female,100.5,94.3
test_1_person38_virus_83.jpeg,1,pneumonia_person_38,2.0,Male,100.5,93.3
train_1_person273_virus_561.jpeg,1,pneumonia_person_273,2.2,Male,99.9,92.6
train_0_NORMAL2-IM-0521-0001.jpeg,0,train_NORMAL_NORMAL2-IM-0521-0001,1.6,Female,99.4,98.5
train_0_NORMAL2-IM-0575-0001.jpeg,0,train_NORMAL_NORMAL2-IM-0575-0001,1.6,Male,98.3,98.5
train_0_IM-0300-0001.jpeg,0,train_NORMAL_IM-0300-0001,2.8,Male,98.2,98.0
train_1_person1686_bacteria_4466.jpeg,1,pneumonia_person_1686,1.4,Female,101.2,94.7
train_1_person574_virus_1118.jpeg,1,pneumonia_person_574,4.1,Female,100.1,93.0
train_0_NORMAL2-IM-0718-0001.jpeg,0,train_NORMAL_NORMAL2-IM-0718-0001,1.8,Female,97.8,96.8
train_1_person735_virus_1356.jpeg,1,pneumonia_person_735,5.0,Male,100.3,88.5
train_1_person134_virus_268.jpeg,1,pneumonia_person_134,2.4,Female,99.7,98.8
train_1_person281_bacteria_1328.jpeg,1,pneumonia_person_281,3.1,Male,100.7,94.2
train_1_person1314_virus_2269.jpeg,1,pneumonia_person_1314,1.3,Male,98.6,99.0
test_1_person79_virus_148.jpeg,1,pneumonia_person_79,5.0,Male,100.7,91.3
train_1_person599_bacteria_2455.jpeg,1,pneumonia_person_599,4.5,Male,98.4,90.7
train_0_NORMAL2-IM-0395-0001-0002.jpeg,0,train_NORMAL_NORMAL2-IM-0395-0001-0002,3.4,Male,99.1,98.5
train_1_person619_virus_1190.jpeg,1,pneumonia_person_619,1.2,Male,97.8,94.4
train_0_NORMAL2-IM-1023-0001.jpeg,0,train_NORMAL_NORMAL2-IM-1023-0001,3.3,Male,98.4,97.3
train_0_IM-0269-0001.jpeg,0,train_NORMAL_IM-0269-0001,1.5,Male,98.0,97.7
train_1_person465_virus_957.jpeg,1,pneumonia_person_465,4.9,Female,100.2,91.9
train_1_person370_bacteria_1690.jpeg,1,pneumonia_person_370,4.1,Female,101.2,89.8
test_1_person56_virus_112.jpeg,1,pneumonia_person_56,3.1,Male,103.5,94.2
test_0_IM-0075-0001.jpeg,0,test_NORMAL_IM-0075-0001,1.0,Female,97.7,97.1
train_1_person465_bacteria_1976.jpeg,1,pneumonia_person_465,1.7,Female,99.4,90.1
train_0_NORMAL2-IM-1109-0001.jpeg,0,train_NORMAL_NORMAL2-IM-1109-0001,3.9,Female,98.4,96.3
train_1_person256_virus_537.jpeg,1,pneumonia_person_256,4.6,Male,100.4,94.6
train_1_person851_virus_1496.jpeg,1,pneumonia_person_851,4.4,Male,99.6,98.5
train_0_NORMAL2-IM-0900-0001.jpeg,0,train_NORMAL_NORMAL2-IM-0900-0001,1.0,Male,98.9,97.1
train_1_person326_virus_668.jpeg,1,pneumonia_person_326,3.4,Male,101.7,97.1
train_1_person554_bacteria_2322.jpeg,1,pneumonia_person_554,4.3,Male,101.7,95.1
train_1_person913_virus_1570.jpeg,1,pneumonia_person_913,1.0,Female,98.3,94.4
train_1_person627_virus_1204.jpeg,1,pneumonia_person_627,3.0,Male,99.3,99.8
train_1_person640_bacteria_2532.jpeg,1,pneumonia_person_640,3.4,Female,99.8,90.2
test_1_person152_bacteria_720.jpeg,1,pneumonia_person_152,2.6,Female,101.2,92.5
train_1_person1667_bacteria_4417.jpeg,1,pneumonia_person_1667,1.0,Male,101.9,92.7
train_1_person468_virus_963.jpeg,1,pneumonia_person_468,2.6,Female,103.9,95.7
train_1_person1556_virus_2699.jpeg,1,pneumonia_person_1556,2.6,Male,99.8,91.1
train_0_IM-0393-0001.jpeg,0,train_NORMAL_IM-0393-0001,2.8,Female,98.3,97.9
train_1_person598_virus_1153.jpeg,1,pneumonia_person_598,2.3,Female,101.2,94.9
test_0_NORMAL2-IM-0027-0001.jpeg,0,test_NORMAL_NORMAL2-IM-0027-0001,2.4,Female,98.0,98.6
train_1_person1076_bacteria_3016.jpeg,1,pneumonia_person_1076,2.9,Male,100.2,95.5
train_1_person383_bacteria_1750.jpeg,1,pneumonia_person_383,3.6,Male,99.9,97.3
train_1_person1411_bacteria_3609.jpeg,1,pneumonia_person_1411,2.6,Male,97.0,93.4
train_1_person266_bacteria_1240.jpeg,1,pneumonia_person_266,2.5,Male,100.6,94.8
train_1_person359_bacteria_1642.jpeg,1,pneumonia_person_359,3.1,Male,100.2,91.7
train_0_NORMAL2-IM-0825-0001.jpeg,0,train_NORMAL_NORMAL2-IM-0825-0001,1.0,Female,98.6,98.7
train_1_person904_bacteria_2829.jpeg,1,pneumonia_person_904,3.6,Male,100.4,97.9
train_0_IM-0499-0001.jpeg,0,train_NORMAL_IM-0499-0001,3.0,Male,97.5,95.9
train_0_NORMAL2-IM-0777-0001.jpeg,0,train_NORMAL_NORMAL2-IM-0777-0001,3.1,Female,97.8,97.2
train_0_NORMAL2-IM-0435-0001.jpeg,0,train_NORMAL_NORMAL2-IM-0435-0001,4.2,Male,98.0,97.5
train_1_person25_bacteria_115.jpeg,1,pneumonia_person_25,1.0,Male,98.8,96.4
train_1_person657_bacteria_2549.jpeg,1,pneumonia_person_657,1.0,Female,101.2,89.4
train_1_person525_virus_1046.jpeg,1,pneumonia_person_525,3.4,Female,100.1,95.7
train_1_person1187_bacteria_3136.jpeg,1,pneumonia_person_1187,3.0,Female,101.6,93.4
train_1_person110_virus_208.jpeg,1,pneumonia_person_110,3.2,Male,97.8,92.0
train_1_person616_bacteria_2487.jpeg,1,pneumonia_person_616,2.4,Female,100.1,92.9
train_1_person35_bacteria_181.jpeg,1,pneumonia_person_35,3.9,Male,99.8,96.1
train_1_person299_bacteria_1414.jpeg,1,pneumonia_person_299,4.2,Male,101.6,95.3
train_0_NORMAL2-IM-1206-0001.jpeg,0,train_NORMAL_NORMAL2-IM-1206-0001,3.6,Male,98.5,98.1
train_1_person124_virus_238.jpeg,1,pneumonia_person_124,2.7,Female,101.2,90.7
train_0_NORMAL2-IM-1088-0001.jpeg,0,train_NORMAL_NORMAL2-IM-1088-0001,1.0,Male,98.3,98.0
train_1_person84_virus_157.jpeg,1,pneumonia_person_84,4.0,Male,99.9,95.4
train_0_IM-0651-0001.jpeg,0,train_NORMAL_IM-0651-0001,4.6,Male,98.0,98.5
train_0_NORMAL2-IM-0616-0001.jpeg,0,train_NORMAL_NORMAL2-IM-0616-0001,3.8,Male,97.1,98.2
train_0_NORMAL2-IM-1194-0001.jpeg,0,train_NORMAL_NORMAL2-IM-1194-0001,1.9,Male,98.3,97.4
train_1_person1316_bacteria_3326.jpeg,1,pneumonia_person_1316,3.9,Male,101.4,94.6
train_1_person460_virus_948.jpeg,1,pneumonia_person_460,4.1,Male,98.4,95.4
train_0_NORMAL2-IM-0971-0001-0001.jpeg,0,train_NORMAL_NORMAL2-IM-0971-0001-0001,5.0,Female,98.5,98.8
train_1_person1599_virus_2776.jpeg,1,pneumonia_person_1599,1.9,Female,100.5,90.4
train_1_person1663_bacteria_4411.jpeg,1,pneumonia_person_1663,2.7,Female,101.8,95.5
test_0_NORMAL2-IM-0117-0001.jpeg,0,test_NORMAL_NORMAL2-IM-0117-0001,4.0,Female,98.5,98.2
train_0_NORMAL2-IM-0456-0001.jpeg,0,train_NORMAL_NORMAL2-IM-0456-0001,3.1,Female,98.1,96.1
train_1_person264_bacteria_1229.jpeg,1,pneumonia_person_264,1.5,Female,101.1,93.9
test_0_NORMAL2-IM-0052-0001.jpeg,0,test_NORMAL_NORMAL2-IM-0052-0001,3.5,Male,97.7,97.3
train_0_IM-0438-0001.jpeg,0,train_NORMAL_IM-0438-0001,3.8,Female,98.7,97.4
train_1_person467_bacteria_1989.jpeg,1,pneumonia_person_467,3.1,Male,101.0,94.5
train_1_person934_bacteria_2859.jpeg,1,pneumonia_person_934,3.3,Female,100.4,91.5
train_1_person1278_virus_2201.jpeg,1,pneumonia_person_1278,2.7,Male,99.9,96.3
train_1_person1935_bacteria_4850.jpeg,1,pneumonia_person_1935,4.9,Male,100.3,94.9
train_0_NORMAL2-IM-0820-0001.jpeg,0,train_NORMAL_NORMAL2-IM-0820-0001,1.8,Female,97.5,96.8
train_1_person309_bacteria_1447.jpeg,1,pneumonia_person_309,2.2,Male,99.8,93.0
train_0_NORMAL2-IM-1055-0001.jpeg,0,train_NORMAL_NORMAL2-IM-1055-0001,3.0,Male,98.6,97.6
train_0_IM-0408-0001.jpeg,0,train_NORMAL_IM-0408-0001,4.1,Female,98.0,96.6
train_1_person895_bacteria_2820.jpeg,1,pneumonia_person_895,1.1,Male,100.3,90.2
train_1_person431_bacteria_1872.jpeg,1,pneumonia_person_431,1.3,Male,101.3,92.6
train_1_person563_bacteria_2333.jpeg,1,pneumonia_person_563,1.0,Female,101.5,98.3
train_0_NORMAL2-IM-0397-0001.jpeg,0,train_NORMAL_NORMAL2-IM-0397-0001,3.0,Female,98.0,98.1
train_1_person571_virus_1114.jpeg,1,pneumonia_person_571,1.5,Male,101.6,94.2
train_1_person928_virus_1586.jpeg,1,pneumonia_person_928,2.5,Male,101.4,96.3
train_1_person1320_bacteria_3342.jpeg,1,pneumonia_person_1320,3.9,Female,101.8,90.4
train_0_IM-0229-0001.jpeg,0,train_NORMAL_IM-0229-0001,2.2,Male,99.0,97.3
train_1_person525_bacteria_2218.jpeg,1,pneumonia_person_525,3.3,Male,102.4,92.9
test_1_person25_virus_59.jpeg,1,pneumonia_person_25,2.6,Male,100.2,96.8
train_1_person1531_virus_2666.jpeg,1,pneumonia_person_1531,3.9,Female,98.7,96.3
train_1_person1158_virus_1942.jpeg,1,pneumonia_person_1158,3.6,Male,101.3,95.5
train_1_person950_virus_1621.jpeg,1,pneumonia_person_950,2.1,Male,101.4,93.4
train_1_person341_bacteria_1577.jpeg,1,pneumonia_person_341,2.8,Male,102.4,96.6
train_1_person596_bacteria_2445.jpeg,1,pneumonia_person_596,4.4,Male,102.1,93.4
train_0_IM-0622-0001-0002.jpeg,0,train_NORMAL_IM-0622-0001-0002,3.5,Female,98.2,98.9
train_1_person1142_virus_1892.jpeg,1,pneumonia_person_1142,1.2,Male,101.2,96.0
train_1_person1059_bacteria_2993.jpeg,1,pneumonia_person_1059,3.9,Male,100.7,98.0
train_1_person992_bacteria_2920.jpeg,1,pneumonia_person_992,1.6,Male,98.6,93.6
train_0_NORMAL2-IM-1270-0001.jpeg,0,train_NORMAL_NORMAL2-IM-1270-0001,4.8,Female,99.0,98.5
train_1_person1325_bacteria_3366.jpeg,1,pneumonia_person_1325,4.3,Female,99.7,97.0
train_1_person1086_bacteria_3026.jpeg,1,pneumonia_person_1086,3.4,Female,100.7,97.2
train_1_person531_bacteria_2241.jpeg,1,pneumonia_person_531,3.2,Male,100.5,92.4
train_0_IM-0362-0001.jpeg,0,train_NORMAL_IM-0362-0001,2.7,Male,97.8,97.1
train_0_NORMAL2-IM-1192-0001.jpeg,0,train_NORMAL_NORMAL2-IM-1192-0001,3.9,Male,98.3,98.0
train_1_person1308_bacteria_3285.jpeg,1,pneumonia_person_1308,2.5,Male,101.6,89.6
test_0_NORMAL2-IM-0086-0001.jpeg,0,test_NORMAL_NORMAL2-IM-0086-0001,3.3,Female,97.5,98.0
train_1_person1378_bacteria_3513.jpeg,1,pneumonia_person_1378,4.1,Female,100.6,93.1
train_1_person1040_bacteria_2974.jpeg,1,pneumonia_person_1040,2.3,Male,102.0,93.8
train_1_person1619_bacteria_4271.jpeg,1,pneumonia_person_1619,2.2,Female,102.8,90.9
train_0_NORMAL2-IM-1114-0001.jpeg,0,train_NORMAL_NORMAL2-IM-1114-0001,1.4,Female,98.0,97.8
train_1_person70_bacteria_344.jpeg,1,pneumonia_person_70,1.6,Male,102.6,94.2
train_1_person1012_bacteria_2943.jpeg,1,pneumonia_person_1012,1.0,Female,100.6,92.3
train_1_person418_virus_852.jpeg,1,pneumonia_person_418,3.9,Male,100.4,98.6
train_0_IM-0685-0001.jpeg,0,train_NORMAL_IM-0685-0001,5.0,Male,98.3,96.6
train_1_person940_virus_1602.jpeg,1,pneumonia_person_940,4.9,Male,100.4,96.3
test_1_person124_bacteria_591.jpeg,1,pneumonia_person_124,1.0,Female,99.4,89.9
train_1_person1034_bacteria_2968.jpeg,1,pneumonia_person_1034,3.9,Female,99.7,89.8
train_0_NORMAL2-IM-1058-0001.jpeg,0,train_NORMAL_NORMAL2-IM-1058-0001,4.8,Male,98.3,97.3
train_1_person24_bacteria_109.jpeg,1,pneumonia_person_24,2.4,Female,101.1,98.1
train_1_person593_bacteria_2435.jpeg,1,pneumonia_person_593,3.1,Male,100.4,91.0
train_1_person88_virus_167.jpeg,1,pneumonia_person_88,1.0,Male,99.9,93.9
train_1_person867_virus_1512.jpeg,1,pneumonia_person_867,3.3,Male,99.7,90.4
train_1_person139_virus_283.jpeg,1,pneumonia_person_139,1.6,Female,101.1,91.7
test_0_NORMAL2-IM-0059-0001.jpeg,0,test_NORMAL_NORMAL2-IM-0059-0001,3.3,Female,98.2,98.6
train_1_person1097_bacteria_3038.jpeg,1,pneumonia_person_1097,1.0,Male,98.9,92.3
train_1_person525_bacteria_2220.jpeg,1,pneumonia_person_525,3.7,Female,98.7,90.2
train_1_person878_virus_1526.jpeg,1,pneumonia_person_878,4.3,Female,101.6,90.2
train_1_person419_virus_859.jpeg,1,pneumonia_person_419,2.0,Female,98.6,88.8
train_0_IM-0195-0001.jpeg,0,train_NORMAL_IM-0195-0001,1.5,Male,98.7,97.8
train_1_person294_bacteria_1383.jpeg,1,pneumonia_person_294,1.0,Female,102.5,95.0
train_1_person487_bacteria_2055.jpeg,1,pneumonia_person_487,2.7,Male,102.5,95.0
train_1_person536_bacteria_2257.jpeg,1,pneumonia_person_536,2.2,Male,101.4,91.2
train_0_NORMAL2-IM-0948-0001.jpeg,0,train_NORMAL_NORMAL2-IM-0948-0001,1.0,Male,98.6,100.0
train_1_person529_bacteria_2229.jpeg,1,pneumonia_person_529,3.6,Female,103.3,95.3
train_0_IM-0650-0001-0001.jpeg,0,train_NORMAL_IM-0650-0001-0001,2.4,Female,98.7,95.6
train_1_person731_virus_1352.jpeg,1,pneumonia_person_731,1.6,Female,99.8,93.1
train_1_person45_bacteria_220.jpeg,1,pneumonia_person_45,2.3,Female,101.5,91.9
train_0_NORMAL2-IM-0468-0001.jpeg,0,train_NORMAL_NORMAL2-IM-0468-0001,4.4,Female,98.5,96.9
train_1_person1211_virus_2056.jpeg,1,pneumonia_person_1211,3.8,Female,102.0,97.5
train_1_person471_bacteria_2004.jpeg,1,pneumonia_person_471,2.8,Female,100.3,96.3
train_0_IM-0428-0001.jpeg,0,train_NORMAL_IM-0428-0001,3.8,Female,98.1,96.8
train_1_person1668_bacteria_4420.jpeg,1,pneumonia_person_1668,1.5,Female,100.0,94.8
train_1_person1819_bacteria_4677.jpeg,1,pneumonia_person_1819,3.0,Female,99.7,90.7
train_1_person929_virus_1589.jpeg,1,pneumonia_person_929,3.2,Male,99.7,95.3
train_1_person1413_bacteria_3620.jpeg,1,pneumonia_person_1413,2.4,Male,100.8,91.4
train_1_person441_bacteria_1916.jpeg,1,pneumonia_person_441,3.6,Female,99.4,95.2
test_1_person1662_virus_2875.jpeg,1,pneumonia_person_1662,2.0,Male,101.6,100.0
train_1_person1494_bacteria_3901.jpeg,1,pneumonia_person_1494,3.7,Female,101.2,92.1
train_1_person1372_bacteria_3501.jpeg,1,pneumonia_person_1372,3.7,Female,101.8,100.0
train_0_NORMAL2-IM-1149-0001.jpeg,0,train_NORMAL_NORMAL2-IM-1149-0001,1.0,Female,98.0,97.5
train_1_person1028_bacteria_2959.jpeg,1,pneumonia_person_1028,4.5,Female,98.2,91.6
train_1_person331_bacteria_1530.jpeg,1,pneumonia_person_331,1.0,Male,100.4,91.5
train_0_NORMAL2-IM-0620-0001.jpeg,0,train_NORMAL_NORMAL2-IM-0620-0001,2.2,Male,98.5,97.1
train_1_person480_bacteria_2038.jpeg,1,pneumonia_person_480,4.3,Female,102.0,94.7
train_1_person868_virus_1514.jpeg,1,pneumonia_person_868,2.6,Female,99.7,92.1
test_0_NORMAL2-IM-0210-0001.jpeg,0,test_NORMAL_NORMAL2-IM-0210-0001,1.1,Male,98.1,97.9
train_1_person518_bacteria_2198.jpeg,1,pneumonia_person_518,1.6,Female,101.3,94.6
test_0_NORMAL2-IM-0316-0001.jpeg,0,test_NORMAL_NORMAL2-IM-0316-0001,4.3,Male,97.6,97.6
train_0_NORMAL2-IM-0395-0001-0001.jpeg,0,train_NORMAL_NORMAL2-IM-0395-0001-0001,1.0,Female,99.0,97.6
train_1_person829_bacteria_2740.jpeg,1,pneumonia_person_829,4.5,Female,100.2,97.9
train_1_person1227_bacteria_3182.jpeg,1,pneumonia_person_1227,2.9,Female,100.3,90.7
train_1_person259_bacteria_1219.jpeg,1,pneumonia_person_259,1.4,Male,100.4,95.1
train_1_person1496_bacteria_3906.jpeg,1,pneumonia_person_1496,2.2,Male,101.9,93.3
train_1_person1430_bacteria_3695.jpeg,1,pneumonia_person_1430,1.7,Female,99.4,92.3
train_0_NORMAL2-IM-0518-0001.jpeg,0,train_NORMAL_NORMAL2-IM-0518-0001,4.1,Female,97.7,97.6
train_0_NORMAL2-IM-0636-0001.jpeg,0,train_NORMAL_NORMAL2-IM-0636-0001,4.0,Male,98.9,98.8
train_1_person462_bacteria_1968.jpeg,1,pneumonia_person_462,1.0,Male,97.7,87.6
train_1_person266_bacteria_1242.jpeg,1,pneumonia_person_266,2.5,Female,100.0,94.1
test_1_person78_bacteria_380.jpeg,1,pneumonia_person_78,1.9,Male,101.9,93.2
train_1_person1049_bacteria_2983.jpeg,1,pneumonia_person_1049,4.7,Female,101.2,90.1
train_1_person1028_bacteria_2960.jpeg,1,pneumonia_person_1028,1.2,Male,101.8,89.2
train_1_person1465_virus_2532.jpeg,1,pneumonia_person_1465,5.0,Male,101.2,98.3
train_0_NORMAL2-IM-0781-0001.jpeg,0,train_NORMAL_NORMAL2-IM-0781-0001,3.0,Male,98.8,97.3
train_0_IM-0705-0001.jpeg,0,train_NORMAL_IM-0705-0001,1.5,Female,98.4,98.5
train_0_NORMAL2-IM-1330-0001.jpeg,0,train_NORMAL_NORMAL2-IM-1330-0001,2.1,Female,97.9,98.4
train_1_person937_bacteria_2862.jpeg,1,pneumonia_person_937,2.0,Male,99.8,96.1
test_1_person110_bacteria_531.jpeg,1,pneumonia_person_110,1.3,Male,101.6,97.9
train_1_person452_bacteria_1943.jpeg,1,pneumonia_person_452,3.1,Female,100.3,90.6
train_0_IM-0413-0001.jpeg,0,train_NORMAL_IM-0413-0001,1.4,Male,98.0,100.0
train_1_person1212_bacteria_3164.jpeg,1,pneumonia_person_1212,1.0,Female,99.7,95.0
train_1_person1777_bacteria_4622.jpeg,1,pneumonia_person_1777,2.5,Female,102.2,94.5
test_0_NORMAL2-IM-0081-0001.jpeg,0,test_NORMAL_NORMAL2-IM-0081-0001,1.0,Male,97.6,97.4
train_1_person259_bacteria_1220.jpeg,1,pneumonia_person_259,2.0,Male,100.4,89.4
train_0_IM-0733-0001.jpeg,0,train_NORMAL_IM-0733-0001,1.8,Female,99.2,98.5
test_1_person1675_virus_2891.jpeg,1,pneumonia_person_1675,1.9,Male,100.7,96.0
train_1_person1372_bacteria_3498.jpeg,1,pneumonia_person_1372,5.0,Female,100.9,95.8
train_0_IM-0660-0001.jpeg,0,train_NORMAL_IM-0660-0001,3.1,Male,98.9,99.1
train_1_person981_bacteria_2908.jpeg,1,pneumonia_person_981,3.3,Female,99.5,94.8
train_1_person1717_bacteria_4536.jpeg,1,pneumonia_person_1717,1.0,Male,100.0,91.6
test_1_person1_virus_13.jpeg,1,pneumonia_person_1,2.1,Female,98.2,92.8
train_0_NORMAL2-IM-1351-0001.jpeg,0,train_NORMAL_NORMAL2-IM-1351-0001,3.3,Female,98.1,98.9
train_1_person352_bacteria_1625.jpeg,1,pneumonia_person_352,1.7,Male,98.8,91.6
train_1_person1657_bacteria_4399.jpeg,1,pneumonia_person_1657,4.2,Female,100.1,92.9
train_1_person669_virus_1255.jpeg,1,pneumonia_person_669,1.4,Female,101.2,92.3
train_1_person300_bacteria_1422.jpeg,1,pneumonia_person_300,2.6,Female,101.5,91.6
train_1_person274_virus_563.jpeg,1,pneumonia_person_274,2.2,Male,98.1,90.3
train_1_person1917_bacteria_4823.jpeg,1,pneumonia_person_1917,3.2,Male,100.3,98.4
train_1_person932_virus_1593.jpeg,1,pneumonia_person_932,2.2,Male,101.0,92.2
train_1_person253_bacteria_1154.jpeg,1,pneumonia_person_253,2.6,Female,100.5,94.3
train_1_person138_virus_282.jpeg,1,pneumonia_person_138,2.7,Female,102.1,89.1
train_0_NORMAL2-IM-1147-0001.jpeg,0,train_NORMAL_NORMAL2-IM-1147-0001,2.0,Male,98.8,98.2
train_1_person738_virus_1360.jpeg,1,pneumonia_person_738,3.6,Male,97.7,93.9
train_1_person1450_bacteria_3753.jpeg,1,pneumonia_person_1450,3.3,Female,101.5,92.4
train_1_person978_virus_1653.jpeg,1,pneumonia_person_978,2.9,Female,99.7,92.4
test_1_person174_bacteria_832.jpeg,1,pneumonia_person_174,2.4,Male,98.1,95.7
train_1_person509_virus_1025.jpeg,1,pneumonia_person_509,4.0,Male,100.2,86.1
train_0_NORMAL2-IM-0810-0001.jpeg,0,train_NORMAL_NORMAL2-IM-0810-0001,2.7,Female,98.4,97.3
train_1_person56_bacteria_269.jpeg,1,pneumonia_person_56,2.6,Female,98.8,93.2
train_1_person1323_virus_2283.jpeg,1,pneumonia_person_1323,3.1,Female,103.4,93.2
train_1_person787_bacteria_2691.jpeg,1,pneumonia_person_787,5.0,Female,99.3,99.8
train_0_NORMAL2-IM-1301-0001.jpeg,0,train_NORMAL_NORMAL2-IM-1301-0001,1.3,Male,97.7,97.3
train_0_IM-0357-0001.jpeg,0,train_NORMAL_IM-0357-0001,4.0,Male,98.0,97.8
train_1_person420_bacteria_1847.jpeg,1,pneumonia_person_420,1.0,Male,100.5,98.0
train_0_IM-0257-0001.jpeg,0,train_NORMAL_IM-0257-0001,3.3,Male,98.6,96.6
train_1_person498_bacteria_2101.jpeg,1,pneumonia_person_498,5.0,Male,98.5,91.8
train_1_person1459_virus_2506.jpeg,1,pneumonia_person_1459,3.6,Male,104.1,90.3
train_1_person9_bacteria_38.jpeg,1,pneumonia_person_9,3.2,Male,99.8,95.4
train_0_IM-0727-0001.jpeg,0,train_NORMAL_IM-0727-0001,2.3,Female,98.7,99.9
train_1_person1164_virus_1958.jpeg,1,pneumonia_person_1164,3.0,Male,101.7,94.9
train_1_person395_virus_788.jpeg,1,pneumonia_person_395,2.7,Female,102.8,96.6
train_1_person763_bacteria_2667.jpeg,1,pneumonia_person_763,2.0,Male,101.9,100.0
train_1_person328_virus_681.jpeg,1,pneumonia_person_328,2.6,Male,98.8,95.6
train_1_person339_virus_695.jpeg,1,pneumonia_person_339,3.3,Female,100.7,90.7
train_1_person734_bacteria_2637.jpeg,1,pneumonia_person_734,2.0,Female,98.0,93.6
train_1_person757_bacteria_2661.jpeg,1,pneumonia_person_757,2.0,Female,101.6,96.9
train_0_IM-0748-0001.jpeg,0,train_NORMAL_IM-0748-0001,1.2,Male,99.2,98.1
test_0_NORMAL2-IM-0287-0001.jpeg,0,test_NORMAL_NORMAL2-IM-0287-0001,3.5,Male,97.9,97.3
train_1_person1147_virus_1919.jpeg,1,pneumonia_person_1147,3.7,Male,100.4,93.3
test_1_person119_bacteria_565.jpeg,1,pneumonia_person_119,3.3,Female,101.0,94.3
test_0_NORMAL2-IM-0259-0001.jpeg,0,test_NORMAL_NORMAL2-IM-0259-0001,4.3,Male,97.6,96.5
test_1_person100_bacteria_478.jpeg,1,pneumonia_person_100,3.1,Male,102.4,93.9
train_0_NORMAL2-IM-0660-0001.jpeg,0,train_NORMAL_NORMAL2-IM-0660-0001,3.5,Male,98.1,98.8
train_0_NORMAL2-IM-0868-0001.jpeg,0,train_NORMAL_NORMAL2-IM-0868-0001,3.4,Female,98.1,98.9
train_1_person775_virus_1404.jpeg,1,pneumonia_person_775,2.9,Female,98.8,92.4
train_1_person72_bacteria_354.jpeg,1,pneumonia_person_72,2.3,Female,102.6,90.4
train_1_person1411_bacteria_3607.jpeg,1,pneumonia_person_1411,5.0,Female,99.4,92.5
train_1_person1599_bacteria_4201.jpeg,1,pneumonia_person_1599,2.4,Female,102.7,91.5
test_1_person145_bacteria_696.jpeg,1,pneumonia_person_145,2.1,Female,103.0,96.0
train_1_person28_bacteria_139.jpeg,1,pneumonia_person_28,3.6,Male,101.1,96.1
test_1_person100_bacteria_479.jpeg,1,pneumonia_person_100,3.3,Female,101.7,94.9
train_1_person1885_bacteria_4772.jpeg,1,pneumonia_person_1885,1.2,Male,96.4,90.3
train_1_person306_bacteria_1439.jpeg,1,pneumonia_person_306,4.5,Male,100.1,93.3
train_0_IM-0325-0001.jpeg,0,train_NORMAL_IM-0325-0001,2.9,Male,97.5,98.2
train_1_person1540_virus_2680.jpeg,1,pneumonia_person_1540,1.6,Male,101.6,93.1
train_1_person1453_bacteria_3771.jpeg,1,pneumonia_person_1453,4.5,Female,98.8,95.1
train_0_NORMAL2-IM-0649-0001.jpeg,0,train_NORMAL_NORMAL2-IM-0649-0001,3.8,Female,98.3,99.0
train_1_person1130_virus_1860.jpeg,1,pneumonia_person_1130,1.4,Female,97.1,94.7
train_0_IM-0241-0001.jpeg,0,train_NORMAL_IM-0241-0001,5.0,Female,98.1,98.5
train_0_NORMAL2-IM-0507-0001.jpeg,0,train_NORMAL_NORMAL2-IM-0507-0001,3.9,Male,98.0,97.5
train_1_person305_bacteria_1435.jpeg,1,pneumonia_person_305,3.0,Female,101.9,92.9
train_1_person1753_bacteria_4594.jpeg,1,pneumonia_person_1753,5.0,Female,101.9,95.7
train_0_NORMAL2-IM-1277-0001.jpeg,0,train_NORMAL_NORMAL2-IM-1277-0001,3.2,Male,98.0,98.0
train_1_person1493_bacteria_3898.jpeg,1,pneumonia_person_1493,3.0,Female,101.1,92.2
train_1_person30_bacteria_157.jpeg,1,pneumonia_person_30,2.1,Female,100.1,94.4
train_1_person458_bacteria_1952.jpeg,1,pneumonia_person_458,3.8,Female,100.7,92.8
train_1_person1314_virus_2266.jpeg,1,pneumonia_person_1314,3.6,Female,98.9,88.5
test_1_person22_virus_55.jpeg,1,pneumonia_person_22,3.0,Female,101.2,94.6
train_0_IM-0655-0001.jpeg,0,train_NORMAL_IM-0655-0001,2.0,Female,98.0,98.7
test_1_person3_virus_15.jpeg,1,pneumonia_person_3,3.2,Male,98.0,94.3
train_1_person1562_bacteria_4081.jpeg,1,pneumonia_person_1562,2.9,Female,100.2,89.7
train_1_person531_bacteria_2235.jpeg,1,pneumonia_person_531,1.3,Male,100.1,91.7
train_0_IM-0679-0001.jpeg,0,train_NORMAL_IM-0679-0001,1.1,Male,97.8,97.0
train_1_person30_bacteria_148.jpeg,1,pneumonia_person_30,3.7,Female,99.6,96.5
train_0_NORMAL2-IM-1289-0001.jpeg,0,train_NORMAL_NORMAL2-IM-1289-0001,1.0,Male,98.8,97.7
test_1_person138_bacteria_657.jpeg,1,pneumonia_person_138,3.3,Female,100.6,90.8
train_1_person1880_bacteria_4765.jpeg,1,pneumonia_person_1880,2.4,Male,100.7,94.4
train_1_person263_virus_546.jpeg,1,pneumonia_person_263,4.7,Male,100.7,93.0
train_1_person466_virus_960.jpeg,1,pneumonia_person_466,2.4,Male,101.7,95.5
train_1_person435_bacteria_1879.jpeg,1,pneumonia_person_435,3.9,Male,101.1,91.0
test_0_NORMAL2-IM-0281-0001.jpeg,0,test_NORMAL_NORMAL2-IM-0281-0001,2.5,Female,98.5,97.7
train_1_person373_virus_756.jpeg,1,pneumonia_person_373,3.1,Male,101.4,99.7
train_1_person491_bacteria_2080.jpeg,1,pneumonia_person_491,4.0,Female,98.0,92.9
train_0_IM-0583-0001.jpeg,0,train_NORMAL_IM-0583-0001,2.4,Female,97.9,97.4
train_1_person569_bacteria_2362.jpeg,1,pneumonia_person_569,4.3,Male,100.3,89.3
test_0_IM-0071-0001.jpeg,0,test_NORMAL_IM-0071-0001,1.7,Female,98.9,97.7
train_1_person480_bacteria_2039.jpeg,1,pneumonia_person_480,3.4,Male,101.2,94.6
train_1_person1237_virus_2097.jpeg,1,pneumonia_person_1237,4.2,Male,100.4,92.7
train_1_person1426_virus_2439.jpeg,1,pneumonia_person_1426,3.9,Female,101.2,95.0
train_1_person1253_bacteria_3211.jpeg,1,pneumonia_person_1253,5.0,Female,98.8,94.6
val_1_person1950_bacteria_4881.jpeg,1,pneumonia_person_1950,2.0,Female,100.4,90.2
train_1_person376_virus_759.jpeg,1,pneumonia_person_376,1.2,Male,98.7,96.0
test_1_person119_bacteria_568.jpeg,1,pneumonia_person_119,1.7,Male,100.9,90.4
train_1_person427_bacteria_1865.jpeg,1,pneumonia_person_427,3.9,Female,98.0,91.6
train_1_person440_bacteria_1898.jpeg,1,pneumonia_person_440,3.6,Female,100.9,94.1
test_0_NORMAL2-IM-0173-0001-0001.jpeg,0,test_NORMAL_NORMAL2-IM-0173-0001-0001,3.1,Female,98.2,97.3
test_0_NORMAL2-IM-0035-0001.jpeg,0,test_NORMAL_NORMAL2-IM-0035-0001,1.5,Male,98.6,98.9
train_1_person30_bacteria_158.jpeg,1,pneumonia_person_30,4.0,Female,101.6,93.9
train_1_person357_virus_734.jpeg,1,pneumonia_person_357,1.4,Male,100.7,93.9
train_1_person407_virus_811.jpeg,1,pneumonia_person_407,4.5,Male,98.3,95.1
train_0_NORMAL2-IM-0799-0001.jpeg,0,train_NORMAL_NORMAL2-IM-0799-0001,5.0,Male,98.0,98.3
train_1_person1602_bacteria_4218.jpeg,1,pneumonia_person_1602,3.5,Male,98.4,92.5
train_0_IM-0547-0001.jpeg,0,train_NORMAL_IM-0547-0001,3.8,Female,98.1,98.5
train_0_IM-0248-0001.jpeg,0,train_NORMAL_IM-0248-0001,2.4,Male,98.4,96.5
train_1_person762_virus_1390.jpeg,1,pneumonia_person_762,1.0,Female,101.1,98.0
train_1_person12_bacteria_48.jpeg,1,pneumonia_person_12,2.2,Male,101.0,94.8
train_1_person1799_bacteria_4647.jpeg,1,pneumonia_person_1799,1.6,Female,101.2,93.9
train_1_person1507_bacteria_3945.jpeg,1,pneumonia_person_1507,1.1,Male,100.4,92.3
train_0_IM-0491-0001-0001.jpeg,0,train_NORMAL_IM-0491-0001-0001,5.0,Male,98.9,99.9
train_0_NORMAL2-IM-1171-0001.jpeg,0,train_NORMAL_NORMAL2-IM-1171-0001,3.4,Male,97.7,97.1
train_1_person1104_virus_1826.jpeg,1,pneumonia_person_1104,3.5,Female,99.8,93.8
train_1_person276_bacteria_1299.jpeg,1,pneumonia_person_276,2.6,Male,98.7,93.2
train_1_person1392_bacteria_3538.jpeg,1,pneumonia_person_1392,2.8,Female,99.3,95.0
train_1_person365_virus_745.jpeg,1,pneumonia_person_365,4.3,Female,100.5,89.9
train_1_person745_virus_1368.jpeg,1,pneumonia_person_745,3.0,Male,100.2,93.0
train_0_IM-0425-0001.jpeg,0,train_NORMAL_IM-0425-0001,3.7,Female,97.6,97.7
train_1_person394_bacteria_1792.jpeg,1,pneumonia_person_394,2.7,Male,98.7,96.0
train_0_IM-0741-0001.jpeg,0,train_NORMAL_IM-0741-0001,2.6,Male,98.3,97.5
train_1_person266_bacteria_1238.jpeg,1,pneumonia_person_266,1.2,Male,98.5,94.5
test_1_person152_bacteria_721.jpeg,1,pneumonia_person_152,1.0,Female,99.9,92.6
train_1_person1433_bacteria_3701.jpeg,1,pneumonia_person_1433,2.7,Female,99.9,89.1
train_1_person291_bacteria_1377.jpeg,1,pneumonia_person_291,3.1,Male,101.5,94.6
test_0_IM-0069-0001.jpeg,0,test_NORMAL_IM-0069-0001,1.3,Male,98.4,98.9
test_1_person19_virus_50.jpeg,1,pneumonia_person_19,3.0,Female,100.2,92.7
train_0_NORMAL2-IM-1293-0001.jpeg,0,train_NORMAL_NORMAL2-IM-1293-0001,3.1,Male,98.3,96.4
test_0_IM-0006-0001.jpeg,0,test_NORMAL_IM-0006-0001,1.0,Female,97.9,98.6
train_1_person518_bacteria_2197.jpeg,1,pneumonia_person_518,1.8,Female,99.6,98.9
train_1_person1545_bacteria_4041.jpeg,1,pneumonia_person_1545,3.5,Male,99.9,98.1
train_1_person1897_bacteria_4789.jpeg,1,pneumonia_person_1897,3.5,Female,100.5,96.1
train_1_person1081_bacteria_3021.jpeg,1,pneumonia_person_1081,1.5,Male,101.1,91.2
train_1_person1446_bacteria_3740.jpeg,1,pneumonia_person_1446,3.2,Female,100.1,98.3
train_1_person301_virus_622.jpeg,1,pneumonia_person_301,4.3,Male,100.1,95.0
train_1_person993_virus_1671.jpeg,1,pneumonia_person_993,4.0,Female,98.2,91.1
train_0_NORMAL2-IM-0479-0001.jpeg,0,train_NORMAL_NORMAL2-IM-0479-0001,2.9,Female,98.3,97.4
train_1_person23_bacteria_86.jpeg,1,pneumonia_person_23,2.4,Male,99.5,95.9
train_1_person1440_bacteria_3723.jpeg,1,pneumonia_person_1440,2.2,Male,101.4,92.0
test_0_NORMAL2-IM-0327-0001.jpeg,0,test_NORMAL_NORMAL2-IM-0327-0001,3.6,Female,97.8,99.6
train_1_person1430_virus_2444.jpeg,1,pneumonia_person_1430,3.3,Female,100.2,94.3
train_1_person113_virus_216.jpeg,1,pneumonia_person_113,3.8,Male,99.1,90.7
test_0_NORMAL2-IM-0246-0001-0001.jpeg,0,test_NORMAL_NORMAL2-IM-0246-0001-0001,3.2,Male,98.9,96.5
train_1_person458_virus_945.jpeg,1,pneumonia_person_458,4.1,Male,100.9,90.9
val_1_person1949_bacteria_4880.jpeg,1,pneumonia_person_1949,3.1,Female,100.0,95.7
train_1_person75_bacteria_367.jpeg,1,pneumonia_person_75,4.0,Female,99.7,91.2
train_0_NORMAL2-IM-0924-0001.jpeg,0,train_NORMAL_NORMAL2-IM-0924-0001,4.1,Male,99.2,99.4
train_1_person26_bacteria_131.jpeg,1,pneumonia_person_26,2.0,Male,101.0,90.0
train_1_person1338_virus_2308.jpeg,1,pneumonia_person_1338,1.0,Male,99.9,90.7
test_1_person90_bacteria_442.jpeg,1,pneumonia_person_90,5.0,Male,98.2,90.5
train_1_person1628_bacteria_4295.jpeg,1,pneumonia_person_1628,3.3,Female,101.0,92.8
train_1_person1085_bacteria_3025.jpeg,1,pneumonia_person_1085,1.0,Female,99.4,94.0
train_1_person617_bacteria_2488.jpeg,1,pneumonia_person_617,2.1,Female,100.7,94.4
train_1_person83_virus_156.jpeg,1,pneumonia_person_83,4.0,Male,100.6,89.1
train_1_person287_bacteria_1354.jpeg,1,pneumonia_person_287,2.6,Male,97.9,93.1
train_1_person276_bacteria_1296.jpeg,1,pneumonia_person_276,2.3,Male,100.5,91.6
train_1_person1423_bacteria_3650.jpeg,1,pneumonia_person_1423,4.8,Male,101.1,94.8
train_1_person500_bacteria_2109.jpeg,1,pneumonia_person_500,1.6,Female,101.2,92.8
train_0_IM-0629-0001-0003.jpeg,0,train_NORMAL_IM-0629-0001-0003,2.0,Male,97.2,99.5
test_0_NORMAL2-IM-0129-0001.jpeg,0,test_NORMAL_NORMAL2-IM-0129-0001,3.3,Female,98.7,98.5
train_0_IM-0533-0001.jpeg,0,train_NORMAL_IM-0533-0001,3.5,Male,98.0,99.4
train_0_NORMAL2-IM-0634-0001.jpeg,0,train_NORMAL_NORMAL2-IM-0634-0001,3.6,Female,98.8,97.1
train_0_NORMAL2-IM-1108-0001.jpeg,0,train_NORMAL_NORMAL2-IM-1108-0001,4.2,Male,98.5,97.8
train_1_person70_bacteria_341.jpeg,1,pneumonia_person_70,3.3,Male,99.4,93.8
train_1_person3_bacteria_10.jpeg,1,pneumonia_person_3,3.6,Male,100.7,92.9
train_1_person683_bacteria_2578.jpeg,1,pneumonia_person_683,2.7,Female,101.3,91.6
train_1_person1073_bacteria_3011.jpeg,1,pneumonia_person_1073,3.1,Female,99.8,89.0
train_0_NORMAL2-IM-0898-0001.jpeg,0,train_NORMAL_NORMAL2-IM-0898-0001,3.1,Female,98.8,98.1
train_1_person422_virus_868.jpeg,1,pneumonia_person_422,3.3,Female,98.1,91.1
train_1_person793_virus_1424.jpeg,1,pneumonia_person_793,4.0,Male,99.0,97.7
train_0_NORMAL2-IM-1242-0001.jpeg,0,train_NORMAL_NORMAL2-IM-1242-0001,3.7,Male,97.7,99.8
train_1_person1385_virus_2380.jpeg,1,pneumonia_person_1385,3.1,Male,99.2,93.4
train_1_person711_bacteria_2612.jpeg,1,pneumonia_person_711,1.9,Male,102.4,90.0
train_0_NORMAL2-IM-0702-0001.jpeg,0,train_NORMAL_NORMAL2-IM-0702-0001,3.1,Male,98.3,98.6
test_0_IM-0083-0001.jpeg,0,test_NORMAL_IM-0083-0001,3.0,Male,98.2,98.0
train_1_person267_bacteria_1253.jpeg,1,pneumonia_person_267,3.3,Female,99.6,92.1
train_1_person308_virus_630.jpeg,1,pneumonia_person_308,5.0,Male,100.1,91.9
train_1_person1289_bacteria_3252.jpeg,1,pneumonia_person_1289,2.3,Male,101.0,92.2
train_1_person440_bacteria_1897.jpeg,1,pneumonia_person_440,3.5,Male,98.4,92.6
train_1_person701_virus_1297.jpeg,1,pneumonia_person_701,4.4,Female,99.7,90.2
train_1_person990_bacteria_2917.jpeg,1,pneumonia_person_990,3.1,Female,102.3,91.7
test_0_NORMAL2-IM-0338-0001.jpeg,0,test_NORMAL_NORMAL2-IM-0338-0001,5.0,Female,97.9,98.2
train_1_person1045_virus_1741.jpeg,1,pneumonia_person_1045,2.5,Male,99.4,93.4
train_1_person296_virus_613.jpeg,1,pneumonia_person_296,3.4,Male,100.4,93.8
train_1_person931_bacteria_2856.jpeg,1,pneumonia_person_931,2.0,Male,100.8,87.9
train_0_IM-0461-0001.jpeg,0,train_NORMAL_IM-0461-0001,2.5,Female,98.7,98.7
train_1_person520_bacteria_2204.jpeg,1,pneumonia_person_520,3.3,Male,100.5,91.8
train_1_person1073_bacteria_3008.jpeg,1,pneumonia_person_1073,4.1,Male,101.2,96.3
train_1_person81_virus_153.jpeg,1,pneumonia_person_81,3.4,Male,102.9,93.9
train_1_person684_virus_1275.jpeg,1,pneumonia_person_684,4.6,Male,100.2,92.1
train_1_person1414_bacteria_3628.jpeg,1,pneumonia_person_1414,2.9,Male,100.3,89.3
test_0_IM-0081-0001.jpeg,0,test_NORMAL_IM-0081-0001,2.6,Female,98.7,99.0
train_0_NORMAL2-IM-0934-0001.jpeg,0,train_NORMAL_NORMAL2-IM-0934-0001,5.0,Female,98.4,98.8
test_1_person136_bacteria_650.jpeg,1,pneumonia_person_136,3.5,Male,98.7,95.7
train_1_person917_bacteria_2842.jpeg,1,pneumonia_person_917,2.1,Male,100.7,98.0
train_1_person470_bacteria_1998.jpeg,1,pneumonia_person_470,2.1,Female,101.8,94.1
train_1_person27_bacteria_138.jpeg,1,pneumonia_person_27,1.8,Female,100.9,96.9
train_1_person1486_bacteria_3885.jpeg,1,pneumonia_person_1486,4.2,Female,100.3,92.3
train_0_IM-0318-0001.jpeg,0,train_NORMAL_IM-0318-0001,2.5,Female,97.5,99.0
train_1_person1089_virus_1808.jpeg,1,pneumonia_person_1089,3.2,Male,100.3,91.9
train_1_person372_bacteria_1705.jpeg,1,pneumonia_person_372,2.9,Male,102.0,92.2
test_1_person101_bacteria_484.jpeg,1,pneumonia_person_101,4.0,Male,98.8,93.7
train_1_person585_bacteria_2416.jpeg,1,pneumonia_person_585,1.9,Male,100.1,90.3
train_0_IM-0534-0001.jpeg,0,train_NORMAL_IM-0534-0001,1.6,Male,97.9,98.0
train_1_person733_bacteria_2635.jpeg,1,pneumonia_person_733,3.3,Male,99.5,92.7
test_1_person99_bacteria_473.jpeg,1,pneumonia_person_99,3.8,Female,100.7,88.5
train_1_person334_bacteria_1545.jpeg,1,pneumonia_person_334,3.4,Female,101.0,92.4
train_0_NORMAL2-IM-1401-0001.jpeg,0,train_NORMAL_NORMAL2-IM-1401-0001,1.9,Female,98.6,100.0
train_1_person316_virus_641.jpeg,1,pneumonia_person_316,3.9,Male,99.1,95.6
train_1_person954_virus_1626.jpeg,1,pneumonia_person_954,2.0,Male,98.3,94.2
train_1_person1333_bacteria_3386.jpeg,1,pneumonia_person_1333,2.3,Female,100.7,97.1
train_1_person1441_virus_2457.jpeg,1,pneumonia_person_1441,1.8,Female,99.7,94.8
train_1_person1340_bacteria_3405.jpeg,1,pneumonia_person_1340,4.7,Female,102.8,92.1
train_0_IM-0364-0001.jpeg,0,train_NORMAL_IM-0364-0001,3.8,Female,99.1,97.7
train_1_person356_virus_733.jpeg,1,pneumonia_person_356,3.8,Male,103.0,92.6
train_1_person266_bacteria_1248.jpeg,1,pneumonia_person_266,4.6,Female,99.2,94.7
train_1_person576_bacteria_2375.jpeg,1,pneumonia_person_576,5.0,Male,101.1,93.6
train_0_IM-0265-0001.jpeg,0,train_NORMAL_IM-0265-0001,1.0,Male,97.7,98.6
train_0_NORMAL2-IM-0497-0001.jpeg,0,train_NORMAL_NORMAL2-IM-0497-0001,2.0,Female,98.3,97.6
train_1_person383_bacteria_1747.jpeg,1,pneumonia_person_383,2.2,Male,99.9,94.7
train_1_person563_virus_1103.jpeg,1,pneumonia_person_563,1.9,Male,102.1,91.0
train_1_person1486_bacteria_3883.jpeg,1,pneumonia_person_1486,1.6,Male,100.4,94.3
train_0_IM-0160-0001.jpeg,0,train_NORMAL_IM-0160-0001,2.6,Male,98.3,98.5
train_1_person944_bacteria_2869.jpeg,1,pneumonia_person_944,1.4,Male,98.4,96.3
train_1_person1031_bacteria_2963.jpeg,1,pneumonia_person_1031,3.4,Male,101.2,94.8
train_1_person502_bacteria_2122.jpeg,1,pneumonia_person_502,3.1,Male,100.1,97.6
train_1_person1905_bacteria_4801.jpeg,1,pneumonia_person_1905,3.6,Female,101.0,90.7
train_1_person394_virus_786.jpeg,1,pneumonia_person_394,3.7,Male,100.7,96.3
test_0_NORMAL2-IM-0374-0001-0002.jpeg,0,test_NORMAL_NORMAL2-IM-0374-0001-0002,3.8,Female,98.5,99.8
train_0_NORMAL2-IM-0854-0001.jpeg,0,train_NORMAL_NORMAL2-IM-0854-0001,2.5,Male,98.6,100.0
train_1_person266_bacteria_1237.jpeg,1,pneumonia_person_266,5.0,Female,101.4,92.6
train_1_person1732_bacteria_4564.jpeg,1,pneumonia_person_1732,3.3,Male,100.1,90.8
train_0_NORMAL2-IM-1218-0001.jpeg,0,train_NORMAL_NORMAL2-IM-1218-0001,1.0,Male,98.7,99.0
train_1_person32_bacteria_165.jpeg,1,pneumonia_person_32,1.7,Male,101.1,91.6
train_1_person516_bacteria_2192.jpeg,1,pneumonia_person_516,1.0,Female,99.3,90.4
train_1_person1203_bacteria_3154.jpeg,1,pneumonia_person_1203,3.0,Female,98.7,97.5
train_1_person23_bacteria_93.jpeg,1,pneumonia_person_23,2.8,Female,99.1,89.7
train_1_person579_virus_1123.jpeg,1,pneumonia_person_579,2.4,Female,100.8,93.9
train_1_person1641_bacteria_4350.jpeg,1,pneumonia_person_1641,5.0,Female,100.3,94.6
train_1_person969_virus_1643.jpeg,1,pneumonia_person_969,3.7,Male,97.6,94.4
train_1_person1190_virus_2031.jpeg,1,pneumonia_person_1190,3.9,Male,99.9,94.6
train_0_IM-0592-0001.jpeg,0,train_NORMAL_IM-0592-0001,1.8,Female,98.0,97.6
train_1_person1286_bacteria_3249.jpeg,1,pneumonia_person_1286,1.7,Female,99.8,92.4
train_0_NORMAL2-IM-1237-0001.jpeg,0,train_NORMAL_NORMAL2-IM-1237-0001,3.0,Male,97.8,99.2
train_0_NORMAL2-IM-1127-0001.jpeg,0,train_NORMAL_NORMAL2-IM-1127-0001,3.2,Female,97.4,98.2
train_1_person1113_virus_1838.jpeg,1,pneumonia_person_1113,1.0,Female,101.4,96.8
train_0_NORMAL2-IM-0466-0001.jpeg,0,train_NORMAL_NORMAL2-IM-0466-0001,2.8,Male,99.3,96.3
train_1_person1907_bacteria_4806.jpeg,1,pneumonia_person_1907,3.0,Female,96.8,90.5
train_0_IM-0505-0001-0001.jpeg,0,train_NORMAL_IM-0505-0001-0001,2.7,Female,97.8,97.6
test_1_person1623_virus_2813.jpeg,1,pneumonia_person_1623,1.9,Male,101.2,94.9
train_1_person1295_bacteria_3258.jpeg,1,pneumonia_person_1295,2.3,Female,103.6,96.2
train_1_person1089_bacteria_3029.jpeg,1,pneumonia_person_1089,2.8,Female,99.4,98.4
train_0_IM-0135-0001.jpeg,0,train_NORMAL_IM-0135-0001,3.1,Female,98.2,99.0
train_1_person1195_bacteria_3144.jpeg,1,pneumonia_person_1195,3.8,Female,100.4,97.0
train_1_person531_bacteria_2242.jpeg,1,pneumonia_person_531,4.4,Female,100.0,97.7
train_0_IM-0499-0001-0002.jpeg,0,train_NORMAL_IM-0499-0001-0002,2.6,Female,97.1,98.3
train_0_IM-0199-0001.jpeg,0,train_NORMAL_IM-0199-0001,2.4,Female,97.7,96.9
train_1_person508_bacteria_2144.jpeg,1,pneumonia_person_508,3.6,Male,100.3,90.3
train_1_person1107_virus_1831.jpeg,1,pneumonia_person_1107,3.8,Male,100.1,93.5
train_1_person794_bacteria_2700.jpeg,1,pneumonia_person_794,2.4,Male,101.1,94.3
train_1_person970_bacteria_2895.jpeg,1,pneumonia_person_970,4.0,Male,100.1,93.3
train_1_person1072_bacteria_3006.jpeg,1,pneumonia_person_1072,4.3,Female,100.0,93.4
train_1_person1070_virus_1773.jpeg,1,pneumonia_person_1070,4.7,Female,101.7,97.4
train_1_person511_bacteria_2153.jpeg,1,pneumonia_person_511,5.0,Male,102.0,91.6
train_1_person966_virus_1639.jpeg,1,pneumonia_person_966,1.9,Male,101.8,95.5
train_1_person1763_bacteria_4606.jpeg,1,pneumonia_person_1763,3.0,Female,100.2,94.3
train_1_person783_bacteria_2687.jpeg,1,pneumonia_person_783,3.0,Male,97.6,91.4
train_1_person897_bacteria_2822.jpeg,1,pneumonia_person_897,2.9,Female,100.2,90.8
train_1_person705_virus_1302.jpeg,1,pneumonia_person_705,2.2,Male,99.4,89.2
train_1_person1128_bacteria_3069.jpeg,1,pneumonia_person_1128,1.1,Male,100.2,94.7
train_1_person1787_bacteria_4634.jpeg,1,pneumonia_person_1787,3.1,Male,99.5,93.3
test_0_IM-0093-0001.jpeg,0,test_NORMAL_IM-0093-0001,2.0,Male,98.4,97.9
train_1_person1496_bacteria_3905.jpeg,1,pneumonia_person_1496,3.1,Female,99.0,88.8
train_1_person10_bacteria_43.jpeg,1,pneumonia_person_10,2.0,Male,98.7,94.6
train_1_person449_bacteria_1939.jpeg,1,pneumonia_person_449,1.6,Male,102.0,93.1
train_1_person613_virus_1181.jpeg,1,pneumonia_person_613,3.3,Male,99.1,91.7
test_0_NORMAL2-IM-0131-0001.jpeg,0,test_NORMAL_NORMAL2-IM-0131-0001,3.2,Male,97.9,98.7
train_1_person567_virus_1107.jpeg,1,pneumonia_person_567,3.8,Female,101.6,92.9
train_0_NORMAL2-IM-0587-0001-0002.jpeg,0,train_NORMAL_NORMAL2-IM-0587-0001-0002,5.0,Female,99.0,98.6
train_1_person1921_bacteria_4828.jpeg,1,pneumonia_person_1921,3.4,Female,101.4,92.7
train_1_person393_bacteria_1789.jpeg,1,pneumonia_person_393,3.6,Female,100.8,90.5
train_1_person492_bacteria_2083.jpeg,1,pneumonia_person_492,1.6,Male,101.3,93.4
train_1_person518_bacteria_2199.jpeg,1,pneumonia_person_518,1.3,Male,102.2,96.1
train_0_IM-0636-0001.jpeg,0,train_NORMAL_IM-0636-0001,5.0,Female,98.8,97.2
train_1_person370_virus_753.jpeg,1,pneumonia_person_370,1.8,Female,98.0,93.7
train_1_person1312_bacteria_3313.jpeg,1,pneumonia_person_1312,1.6,Female,99.7,92.7
train_1_person440_virus_893.jpeg,1,pneumonia_person_440,2.9,Male,101.3,91.3
train_1_person333_bacteria_1539.jpeg,1,pneumonia_person_333,2.9,Female,99.6,91.2
train_1_person359_bacteria_1643.jpeg,1,pneumonia_person_359,1.8,Female,102.5,89.3
train_0_NORMAL2-IM-0665-0001.jpeg,0,train_NORMAL_NORMAL2-IM-0665-0001,2.6,Male,98.0,96.5
train_1_person1935_bacteria_4848.jpeg,1,pneumonia_person_1935,4.6,Male,100.5,94.7
train_1_person1320_bacteria_3351.jpeg,1,pneumonia_person_1320,2.0,Female,101.9,93.7
val_0_NORMAL2-IM-1436-0001.jpeg,0,val_NORMAL_NORMAL2-IM-1436-0001,1.2,Male,99.5,97.6
train_0_NORMAL2-IM-0592-0001.jpeg,0,train_NORMAL_NORMAL2-IM-0592-0001,4.2,Female,98.2,99.4
train_0_NORMAL2-IM-1156-0001.jpeg,0,train_NORMAL_NORMAL2-IM-1156-0001,3.6,Female,98.1,97.8
train_1_person548_bacteria_2301.jpeg,1,pneumonia_person_548,2.2,Male,98.5,92.7
train_1_person966_bacteria_2891.jpeg,1,pneumonia_person_966,1.0,Male,100.0,92.3
train_1_person563_bacteria_2337.jpeg,1,pneumonia_person_563,2.0,Female,101.5,99.8
train_0_IM-0458-0001.jpeg,0,train_NORMAL_IM-0458-0001,2.9,Male,98.5,97.4
test_0_NORMAL2-IM-0130-0001.jpeg,0,test_NORMAL_NORMAL2-IM-0130-0001,4.5,Female,98.2,96.9
train_1_person110_virus_205.jpeg,1,pneumonia_person_110,1.7,Male,98.4,96.9
train_1_person1169_virus_1968.jpeg,1,pneumonia_person_1169,2.9,Male,98.2,96.6
train_1_person502_bacteria_2121.jpeg,1,pneumonia_person_502,3.9,Female,101.4,90.0
train_0_NORMAL2-IM-1049-0001.jpeg,0,train_NORMAL_NORMAL2-IM-1049-0001,1.0,Female,97.9,97.0
train_1_person13_bacteria_49.jpeg,1,pneumonia_person_13,4.3,Female,100.1,93.5
train_1_person1542_bacteria_4029.jpeg,1,pneumonia_person_1542,1.5,Female,100.9,95.0
train_1_person1617_bacteria_4256.jpeg,1,pneumonia_person_1617,3.4,Female,101.4,92.9
train_1_person388_virus_777.jpeg,1,pneumonia_person_388,3.3,Female,99.3,93.3
train_1_person445_virus_915.jpeg,1,pneumonia_person_445,4.4,Female,99.5,92.3
train_1_person581_bacteria_2400.jpeg,1,pneumonia_person_581,3.7,Male,100.6,96.1
train_0_NORMAL2-IM-1102-0001.jpeg,0,train_NORMAL_NORMAL2-IM-1102-0001,1.0,Male,98.1,99.5
train_0_IM-0205-0001.jpeg,0,train_NORMAL_IM-0205-0001,2.0,Female,98.4,97.9
train_1_person336_bacteria_1549.jpeg,1,pneumonia_person_336,3.2,Female,100.1,88.9
train_0_IM-0303-0001.jpeg,0,train_NORMAL_IM-0303-0001,2.7,Female,99.2,97.5
train_1_person585_bacteria_2413.jpeg,1,pneumonia_person_585,3.6,Female,100.9,94.3
train_1_person39_bacteria_198.jpeg,1,pneumonia_person_39,4.0,Female,100.4,94.3
train_0_NORMAL2-IM-0384-0001.jpeg,0,train_NORMAL_NORMAL2-IM-0384-0001,3.8,Female,98.9,97.2
train_1_person37_bacteria_188.jpeg,1,pneumonia_person_37,2.7,Male,102.0,96.3
test_0_NORMAL2-IM-0311-0001.jpeg,0,test_NORMAL_NORMAL2-IM-0311-0001,1.0,Male,98.4,96.7
train_0_NORMAL2-IM-0700-0001.jpeg,0,train_NORMAL_NORMAL2-IM-0700-0001,2.4,Male,98.2,98.2
train_1_person1294_bacteria_3257.jpeg,1,pneumonia_person_1294,3.5,Female,98.3,94.1
test_0_IM-0033-0001-0002.jpeg,0,test_NORMAL_IM-0033-0001-0002,1.6,Female,98.2,98.2
train_1_person348_virus_714.jpeg,1,pneumonia_person_348,3.8,Male,101.1,95.1
train_1_person536_virus_1064.jpeg,1,pneumonia_person_536,4.2,Male,100.8,90.5
train_1_person1228_bacteria_3183.jpeg,1,pneumonia_person_1228,3.2,Male,101.2,98.0
train_1_person385_bacteria_1765.jpeg,1,pneumonia_person_385,1.0,Male,101.1,96.3
train_0_NORMAL2-IM-1181-0001.jpeg,0,train_NORMAL_NORMAL2-IM-1181-0001,1.3,Male,97.9,99.9
train_0_NORMAL2-IM-0493-0001.jpeg,0,train_NORMAL_NORMAL2-IM-0493-0001,5.0,Male,98.4,98.0
train_0_IM-0475-0001.jpeg,0,train_NORMAL_IM-0475-0001,2.3,Female,98.4,97.6
train_1_person1023_virus_1714.jpeg,1,pneumonia_person_1023,1.0,Female,99.0,92.7
train_0_NORMAL2-IM-1093-0001.jpeg,0,train_NORMAL_NORMAL2-IM-1093-0001,4.6,Male,98.4,97.8
train_1_person1466_virus_2541.jpeg,1,pneumonia_person_1466,3.0,Male,99.1,92.6
train_1_person1031_bacteria_2964.jpeg,1,pneumonia_person_1031,4.4,Female,100.5,97.3
test_1_person85_bacteria_423.jpeg,1,pneumonia_person_85,3.4,Female,102.0,93.5
train_0_NORMAL2-IM-0680-0001.jpeg,0,train_NORMAL_NORMAL2-IM-0680-0001,3.6,Female,98.9,96.5
train_1_person1411_bacteria_3603.jpeg,1,pneumonia_person_1411,3.5,Female,101.1,95.0
train_1_person1375_bacteria_3510.jpeg,1,pneumonia_person_1375,3.9,Male,103.2,90.1
train_0_NORMAL2-IM-0956-0001.jpeg,0,train_NORMAL_NORMAL2-IM-0956-0001,5.0,Female,98.1,98.0
train_1_person1265_bacteria_3223.jpeg,1,pneumonia_person_1265,4.3,Female,98.3,96.2
train_1_person1078_bacteria_3018.jpeg,1,pneumonia_person_1078,1.0,Female,101.8,94.5
train_1_person1589_bacteria_4171.jpeg,1,pneumonia_person_1589,3.6,Female,98.0,95.1
train_1_person667_virus_1253.jpeg,1,pneumonia_person_667,4.5,Male,99.4,90.5
train_1_person1178_virus_2004.jpeg,1,pneumonia_person_1178,4.6,Male,101.1,89.0
train_1_person1927_bacteria_4837.jpeg,1,pneumonia_person_1927,2.4,Female,100.3,93.4
train_1_person279_bacteria_1315.jpeg,1,pneumonia_person_279,4.5,Male,100.2,96.9
train_1_person925_virus_1582.jpeg,1,pneumonia_person_925,4.2,Male,98.9,94.5
train_1_person1429_virus_2443.jpeg,1,pneumonia_person_1429,5.0,Male,100.4,97.8
train_1_person1476_bacteria_3842.jpeg,1,pneumonia_person_1476,2.0,Female,101.7,96.8
train_1_person1576_bacteria_4126.jpeg,1,pneumonia_person_1576,2.3,Male,100.4,93.6
train_0_NORMAL2-IM-1336-0001.jpeg,0,train_NORMAL_NORMAL2-IM-1336-0001,2.6,Male,99.2,96.4
train_1_person399_bacteria_1806.jpeg,1,pneumonia_person_399,2.4,Female,98.8,97.3
train_0_IM-0601-0001.jpeg,0,train_NORMAL_IM-0601-0001,1.8,Female,98.6,98.3
train_1_person1418_bacteria_3636.jpeg,1,pneumonia_person_1418,1.0,Male,100.9,93.0
train_1_person746_bacteria_2649.jpeg,1,pneumonia_person_746,2.4,Female,100.8,93.9
train_1_person1562_bacteria_4089.jpeg,1,pneumonia_person_1562,3.5,Female,99.4,87.5
train_1_person482_bacteria_2043.jpeg,1,pneumonia_person_482,2.4,Male,97.5,94.2
train_1_person1645_bacteria_4363.jpeg,1,pneumonia_person_1645,5.0,Male,100.9,95.3
test_1_person57_virus_113.jpeg,1,pneumonia_person_57,3.0,Female,99.2,93.9
train_1_person266_bacteria_1244.jpeg,1,pneumonia_person_266,4.7,Male,101.3,94.4
train_1_person331_bacteria_1527.jpeg,1,pneumonia_person_331,3.3,Male,99.4,93.4
train_0_NORMAL2-IM-0832-0001-0001.jpeg,0,train_NORMAL_NORMAL2-IM-0832-0001-0001,4.1,Female,98.1,96.4
train_1_person96_virus_179.jpeg,1,pneumonia_person_96,3.4,Male,100.6,97.7
train_1_person374_virus_757.jpeg,1,pneumonia_person_374,4.8,Male,103.5,92.6
train_1_person385_virus_770.jpeg,1,pneumonia_person_385,3.1,Male,101.4,92.0
train_1_person518_bacteria_2200.jpeg,1,pneumonia_person_518,3.6,Male,100.6,96.9
train_1_person377_bacteria_1718.jpeg,1,pneumonia_person_377,3.5,Male,100.9,95.9
train_0_IM-0634-0001.jpeg,0,train_NORMAL_IM-0634-0001,2.6,Male,98.9,96.5
train_1_person941_virus_1610.jpeg,1,pneumonia_person_941,3.5,Female,98.9,95.4
train_1_person1432_bacteria_3699.jpeg,1,pneumonia_person_1432,5.0,Female,97.1,90.6
train_1_person672_virus_1261.jpeg,1,pneumonia_person_672,2.6,Female,102.6,93.3
train_0_IM-0264-0001.jpeg,0,train_NORMAL_IM-0264-0001,3.5,Male,98.4,100.0
test_0_NORMAL2-IM-0267-0001.jpeg,0,test_NORMAL_NORMAL2-IM-0267-0001,4.6,Male,98.0,99.1
train_1_person896_bacteria_2821.jpeg,1,pneumonia_person_896,4.5,Male,100.6,91.0
train_1_person1406_virus_2409.jpeg,1,pneumonia_person_1406,3.0,Female,98.4,93.7
train_1_person1585_bacteria_4151.jpeg,1,pneumonia_person_1585,1.0,Female,100.1,93.8
train_1_person1670_bacteria_4431.jpeg,1,pneumonia_person_1670,3.7,Female,102.7,95.1
train_1_person1930_bacteria_4841.jpeg,1,pneumonia_person_1930,1.0,Female,100.6,90.1
train_0_NORMAL2-IM-0886-0001.jpeg,0,train_NORMAL_NORMAL2-IM-0886-0001,4.9,Female,98.2,96.2
train_1_person764_bacteria_2668.jpeg,1,pneumonia_person_764,3.2,Male,98.1,95.8
test_1_person108_bacteria_511.jpeg,1,pneumonia_person_108,4.3,Male,102.2,90.8
train_1_person312_virus_635.jpeg,1,pneumonia_person_312,1.8,Female,100.3,92.0
train_0_IM-0609-0001.jpeg,0,train_NORMAL_IM-0609-0001,1.0,Female,98.3,97.3
train_0_IM-0757-0001.jpeg,0,train_NORMAL_IM-0757-0001,3.3,Male,98.5,98.5
train_0_NORMAL2-IM-0796-0001.jpeg,0,train_NORMAL_NORMAL2-IM-0796-0001,3.0,Male,97.8,97.4
test_1_person82_bacteria_404.jpeg,1,pneumonia_person_82,2.4,Female,100.2,94.3
train_1_person1532_virus_2667.jpeg,1,pneumonia_person_1532,3.1,Female,100.7,94.3
train_1_person1226_virus_2077.jpeg,1,pneumonia_person_1226,5.0,Female,99.7,88.3
train_1_person956_bacteria_2881.jpeg,1,pneumonia_person_956,4.1,Female,101.4,91.0
train_1_person1519_bacteria_3970.jpeg,1,pneumonia_person_1519,4.4,Female,100.5,92.4
train_1_person20_bacteria_70.jpeg,1,pneumonia_person_20,4.1,Female,101.8,91.6
train_1_person262_virus_545.jpeg,1,pneumonia_person_262,4.9,Male,99.9,92.8
train_1_person1472_virus_2550.jpeg,1,pneumonia_person_1472,2.8,Male,104.4,94.1
train_1_person1138_virus_1877.jpeg,1,pneumonia_person_1138,1.0,Female,99.7,96.0
train_0_NORMAL2-IM-1205-0001.jpeg,0,train_NORMAL_NORMAL2-IM-1205-0001,2.8,Male,98.4,96.9
train_1_person337_bacteria_1560.jpeg,1,pneumonia_person_337,4.1,Male,99.1,93.5
train_0_NORMAL2-IM-0408-0001.jpeg,0,train_NORMAL_NORMAL2-IM-0408-0001,1.7,Female,97.6,97.0
train_1_person1413_bacteria_3613.jpeg,1,pneumonia_person_1413,2.8,Male,98.2,91.2
train_0_IM-0439-0001-0001.jpeg,0,train_NORMAL_IM-0439-0001-0001,2.1,Male,98.1,97.9
train_1_person70_bacteria_346.jpeg,1,pneumonia_person_70,5.0,Male,97.9,94.7
train_1_person955_virus_1627.jpeg,1,pneumonia_person_955,4.0,Male,100.6,93.5
train_0_NORMAL2-IM-0637-0001.jpeg,0,train_NORMAL_NORMAL2-IM-0637-0001,3.8,Female,98.9,98.8
train_1_person1145_virus_1902.jpeg,1,pneumonia_person_1145,3.8,Female,99.9,93.7
train_0_NORMAL2-IM-1010-0001.jpeg,0,train_NORMAL_NORMAL2-IM-1010-0001,3.0,Female,99.0,97.3
test_0_NORMAL2-IM-0325-0001.jpeg,0,test_NORMAL_NORMAL2-IM-0325-0001,3.3,Female,98.9,98.2
train_0_NORMAL2-IM-0409-0001.jpeg,0,train_NORMAL_NORMAL2-IM-0409-0001,1.5,Female,98.8,97.9
train_1_person1528_bacteria_3991.jpeg,1,pneumonia_person_1528,1.0,Male,100.2,93.7
train_1_person48_bacteria_231.jpeg,1,pneumonia_person_48,3.2,Male,99.5,91.0
train_1_person491_bacteria_2071.jpeg,1,pneumonia_person_491,3.4,Male,99.3,95.0
train_1_person755_bacteria_2659.jpeg,1,pneumonia_person_755,4.6,Male,99.5,96.7
test_1_person1651_virus_2855.jpeg,1,pneumonia_person_1651,5.0,Female,101.5,91.8
train_0_NORMAL2-IM-0876-0001.jpeg,0,train_NORMAL_NORMAL2-IM-0876-0001,5.0,Male,97.6,99.1
train_1_person832_bacteria_2743.jpeg,1,pneumonia_person_832,1.7,Male,103.3,91.6
train_0_IM-0640-0001-0002.jpeg,0,train_NORMAL_IM-0640-0001-0002,2.5,Male,97.9,99.1
train_1_person5_bacteria_17.jpeg,1,pneumonia_person_5,3.6,Male,99.1,98.5
train_1_person1081_virus_1793.jpeg,1,pneumonia_person_1081,5.0,Female,99.9,92.4
train_1_person580_bacteria_2387.jpeg,1,pneumonia_person_580,4.9,Male,99.4,91.4
train_1_person1458_virus_2501.jpeg,1,pneumonia_person_1458,4.5,Male,101.4,90.7
train_1_person1918_bacteria_4825.jpeg,1,pneumonia_person_1918,2.5,Male,98.3,92.5
train_0_IM-0187-0001.jpeg,0,train_NORMAL_IM-0187-0001,1.9,Male,98.1,99.3
train_1_person117_virus_223.jpeg,1,pneumonia_person_117,4.0,Female,99.6,97.1
train_1_person281_bacteria_1333.jpeg,1,pneumonia_person_281,1.6,Male,101.3,90.4
train_1_person713_bacteria_2614.jpeg,1,pneumonia_person_713,2.7,Male,102.0,89.7
train_0_IM-0176-0001.jpeg,0,train_NORMAL_IM-0176-0001,2.9,Male,98.7,97.2
train_0_IM-0320-0001.jpeg,0,train_NORMAL_IM-0320-0001,5.0,Male,97.9,98.8
train_0_NORMAL2-IM-0749-0001.jpeg,0,train_NORMAL_NORMAL2-IM-0749-0001,2.5,Male,98.4,99.4
train_1_person1591_bacteria_4177.jpeg,1,pneumonia_person_1591,1.0,Female,101.4,94.9
train_1_person1940_bacteria_4861.jpeg,1,pneumonia_person_1940,3.7,Male,98.9,93.8
train_1_person291_bacteria_1376.jpeg,1,pneumonia_person_291,2.1,Male,98.0,93.4
test_0_NORMAL2-IM-0323-0001.jpeg,0,test_NORMAL_NORMAL2-IM-0323-0001,3.1,Male,98.2,98.4
train_1_person1934_bacteria_4846.jpeg,1,pneumonia_person_1934,2.9,Male,99.1,89.3
train_0_IM-0539-0001-0002.jpeg,0,train_NORMAL_IM-0539-0001-0002,2.6,Male,98.0,97.8
train_1_person379_virus_762.jpeg,1,pneumonia_person_379,4.0,Female,100.6,90.8
train_1_person22_bacteria_77.jpeg,1,pneumonia_person_22,1.0,Male,100.7,94.2
train_1_person1352_bacteria_3443.jpeg,1,pneumonia_person_1352,2.3,Female,101.6,89.0
train_1_person1417_bacteria_3635.jpeg,1,pneumonia_person_1417,3.9,Female,101.5,92.4
test_1_person109_bacteria_512.jpeg,1,pneumonia_person_109,2.2,Male,100.7,93.1
train_0_NORMAL2-IM-1035-0001.jpeg,0,train_NORMAL_NORMAL2-IM-1035-0001,1.0,Female,97.7,99.6
train_1_person596_bacteria_2446.jpeg,1,pneumonia_person_596,3.9,Male,100.5,94.5
train_0_NORMAL2-IM-0573-0001.jpeg,0,train_NORMAL_NORMAL2-IM-0573-0001,4.5,Female,98.2,97.2
train_0_IM-0680-0001.jpeg,0,train_NORMAL_IM-0680-0001,2.9,Male,98.2,96.9
train_1_person1619_bacteria_4268.jpeg,1,pneumonia_person_1619,1.0,Male,103.8,96.6
test_0_NORMAL2-IM-0139-0001.jpeg,0,test_NORMAL_NORMAL2-IM-0139-0001,3.9,Male,97.9,99.6
train_1_person1713_bacteria_4530.jpeg,1,pneumonia_person_1713,1.0,Female,101.0,97.0
train_1_person31_bacteria_164.jpeg,1,pneumonia_person_31,3.4,Female,99.5,92.7
train_1_person1426_bacteria_3667.jpeg,1,pneumonia_person_1426,1.8,Male,101.7,93.5
train_1_person1138_bacteria_3080.jpeg,1,pneumonia_person_1138,1.5,Female,101.4,93.2
train_1_person1480_bacteria_3859.jpeg,1,pneumonia_person_1480,2.4,Female,101.4,94.1
train_1_person271_virus_556.jpeg,1,pneumonia_person_271,2.8,Female,100.7,92.5
train_1_person371_bacteria_1703.jpeg,1,pneumonia_person_371,2.2,Male,101.7,93.7
train_1_person253_bacteria_1153.jpeg,1,pneumonia_person_253,3.8,Female,102.1,97.3
train_1_person498_bacteria_2100.jpeg,1,pneumonia_person_498,2.4,Male,100.8,96.1
test_1_person159_bacteria_746.jpeg,1,pneumonia_person_159,4.3,Male,100.3,96.1
train_1_person1122_virus_1847.jpeg,1,pneumonia_person_1122,3.4,Male,101.6,90.1
train_1_person423_bacteria_1856.jpeg,1,pneumonia_person_423,2.1,Female,99.2,90.5
test_1_person147_bacteria_705.jpeg,1,pneumonia_person_147,1.9,Female,99.5,94.0
train_1_person469_bacteria_1994.jpeg,1,pneumonia_person_469,1.0,Female,100.3,95.4
train_1_person1411_bacteria_3601.jpeg,1,pneumonia_person_1411,3.4,Female,98.1,92.2
train_1_person394_bacteria_1791.jpeg,1,pneumonia_person_394,2.5,Male,101.5,91.8
train_1_person1181_virus_2016.jpeg,1,pneumonia_person_1181,1.0,Male,99.1,97.0
train_1_person906_bacteria_2831.jpeg,1,pneumonia_person_906,2.3,Female,99.8,95.2
train_1_person70_bacteria_342.jpeg,1,pneumonia_person_70,1.8,Female,100.1,96.1
train_0_NORMAL2-IM-0464-0001.jpeg,0,train_NORMAL_NORMAL2-IM-0464-0001,5.0,Male,98.9,97.9
train_1_person1186_virus_2022.jpeg,1,pneumonia_person_1186,1.0,Male,100.0,92.2
train_1_person80_virus_150.jpeg,1,pneumonia_person_80,1.1,Female,100.3,95.9
train_0_NORMAL2-IM-1170-0001.jpeg,0,train_NORMAL_NORMAL2-IM-1170-0001,4.4,Male,99.0,97.5
train_0_IM-0552-0001.jpeg,0,train_NORMAL_IM-0552-0001,4.8,Female,98.3,95.7
train_1_person1740_bacteria_4579.jpeg,1,pneumonia_person_1740,2.0,Female,99.4,91.2
train_1_person1430_bacteria_3694.jpeg,1,pneumonia_person_1430,2.2,Male,101.8,92.2
train_1_person102_virus_189.jpeg,1,pneumonia_person_102,3.8,Male,97.7,95.7
train_1_person51_bacteria_243.jpeg,1,pneumonia_person_51,1.0,Female,100.1,89.7
train_0_IM-0645-0001.jpeg,0,train_NORMAL_IM-0645-0001,1.0,Male,98.6,98.6
train_1_person1756_bacteria_4598.jpeg,1,pneumonia_person_1756,2.6,Male,100.9,91.7
train_1_person1079_virus_1789.jpeg,1,pneumonia_person_1079,5.0,Male,98.5,93.0
train_1_person1059_virus_1758.jpeg,1,pneumonia_person_1059,2.4,Female,99.8,93.1
train_1_person500_bacteria_2106.jpeg,1,pneumonia_person_500,3.1,Female,100.3,92.9
train_0_NORMAL2-IM-0635-0001.jpeg,0,train_NORMAL_NORMAL2-IM-0635-0001,4.5,Male,98.1,98.3
train_0_NORMAL2-IM-0873-0001.jpeg,0,train_NORMAL_NORMAL2-IM-0873-0001,5.0,Female,97.3,97.6
train_1_person949_virus_1620.jpeg,1,pneumonia_person_949,2.3,Male,98.9,92.1
train_1_person1225_virus_2076.jpeg,1,pneumonia_person_1225,3.0,Male,99.8,96.8
train_1_person1102_bacteria_3043.jpeg,1,pneumonia_person_1102,5.0,Male,101.6,93.6
train_0_NORMAL2-IM-0489-0001.jpeg,0,train_NORMAL_NORMAL2-IM-0489-0001,1.0,Male,97.6,96.2
train_1_person846_bacteria_2766.jpeg,1,pneumonia_person_846,4.3,Female,100.3,91.9
train_1_person1592_bacteria_4178.jpeg,1,pneumonia_person_1592,1.7,Female,100.4,92.5
train_0_NORMAL2-IM-1291-0001.jpeg,0,train_NORMAL_NORMAL2-IM-1291-0001,3.1,Male,97.7,99.8
train_1_person1057_virus_1756.jpeg,1,pneumonia_person_1057,2.7,Female,103.9,95.4
train_1_person921_virus_1578.jpeg,1,pneumonia_person_921,1.8,Female,99.9,91.6
train_1_person1122_bacteria_3063.jpeg,1,pneumonia_person_1122,1.7,Female,101.0,87.9
test_0_NORMAL2-IM-0222-0001.jpeg,0,test_NORMAL_NORMAL2-IM-0222-0001,3.4,Male,98.4,97.8
train_0_IM-0476-0001.jpeg,0,train_NORMAL_IM-0476-0001,4.3,Male,98.7,97.2
train_1_person625_virus_1199.jpeg,1,pneumonia_person_625,2.8,Male,101.5,92.0
train_0_IM-0228-0001.jpeg,0,train_NORMAL_IM-0228-0001,3.1,Male,97.8,97.7
train_1_person47_bacteria_229.jpeg,1,pneumonia_person_47,3.7,Male,100.3,86.7
train_1_person401_bacteria_1808.jpeg,1,pneumonia_person_401,1.7,Male,99.2,97.4
train_1_person23_bacteria_97.jpeg,1,pneumonia_person_23,4.0,Male,98.9,96.1
test_1_person83_bacteria_414.jpeg,1,pneumonia_person_83,4.1,Female,101.7,91.9
train_1_person535_bacteria_2256.jpeg,1,pneumonia_person_535,5.0,Female,99.7,92.4
train_0_IM-0628-0001.jpeg,0,train_NORMAL_IM-0628-0001,2.5,Female,98.9,99.0
test_0_IM-0063-0001.jpeg,0,test_NORMAL_IM-0063-0001,2.4,Male,99.3,99.3
train_0_IM-0225-0001.jpeg,0,train_NORMAL_IM-0225-0001,4.0,Female,97.8,97.7
test_1_person118_bacteria_560.jpeg,1,pneumonia_person_118,4.1,Female,100.1,89.5
train_0_NORMAL2-IM-0828-0001.jpeg,0,train_NORMAL_NORMAL2-IM-0828-0001,2.3,Female,98.5,96.7
train_1_person581_bacteria_2392.jpeg,1,pneumonia_person_581,2.5,Female,100.2,95.9
train_1_person1503_virus_2613.jpeg,1,pneumonia_person_1503,3.7,Female,100.2,93.9
train_0_NORMAL2-IM-1304-0001.jpeg,0,train_NORMAL_NORMAL2-IM-1304-0001,1.9,Female,98.4,97.7
train_1_person961_bacteria_2886.jpeg,1,pneumonia_person_961,2.5,Female,98.3,95.1
test_0_IM-0061-0001.jpeg,0,test_NORMAL_IM-0061-0001,3.1,Female,97.6,96.8
train_1_person1524_bacteria_3983.jpeg,1,pneumonia_person_1524,4.3,Female,100.9,88.3
train_1_person1176_virus_1997.jpeg,1,pneumonia_person_1176,2.2,Female,100.8,92.6
train_1_person326_bacteria_1503.jpeg,1,pneumonia_person_326,1.0,Male,99.8,92.4
train_1_person1916_bacteria_4821.jpeg,1,pneumonia_person_1916,1.0,Female,100.4,93.1
train_1_person294_virus_611.jpeg,1,pneumonia_person_294,1.4,Male,98.0,95.4
train_1_person284_virus_582.jpeg,1,pneumonia_person_284,1.3,Female,101.0,89.0
train_1_person580_bacteria_2388.jpeg,1,pneumonia_person_580,2.8,Female,100.6,90.1
train_1_person1814_bacteria_4669.jpeg,1,pneumonia_person_1814,1.5,Female,103.0,91.8
train_1_person1619_bacteria_4261.jpeg,1,pneumonia_person_1619,2.1,Male,100.4,93.9
train_1_person1403_bacteria_3559.jpeg,1,pneumonia_person_1403,2.0,Female,99.2,95.6
train_1_person36_bacteria_185.jpeg,1,pneumonia_person_36,2.4,Male,100.3,97.6
test_0_NORMAL2-IM-0337-0001.jpeg,0,test_NORMAL_NORMAL2-IM-0337-0001,4.7,Male,97.6,97.7
train_1_person1005_virus_1688.jpeg,1,pneumonia_person_1005,3.9,Male,101.0,95.6
train_0_IM-0152-0001.jpeg,0,train_NORMAL_IM-0152-0001,3.0,Female,97.6,98.6
train_1_person670_bacteria_2563.jpeg,1,pneumonia_person_670,2.4,Male,98.8,94.9
train_1_person1211_bacteria_3163.jpeg,1,pneumonia_person_1211,2.4,Male,98.3,93.4
train_1_person413_bacteria_1834.jpeg,1,pneumonia_person_413,3.4,Female,100.7,92.5
test_0_IM-0097-0001.jpeg,0,test_NORMAL_IM-0097-0001,3.8,Female,97.7,98.2
train_1_person894_bacteria_2819.jpeg,1,pneumonia_person_894,1.8,Male,100.5,90.7
train_1_person1465_virus_2531.jpeg,1,pneumonia_person_1465,3.0,Female,101.5,94.4
train_1_person912_bacteria_2837.jpeg,1,pneumonia_person_912,1.0,Male,101.7,93.4
train_1_person1496_bacteria_3909.jpeg,1,pneumonia_person_1496,3.3,Female,100.7,92.5
train_1_person1184_bacteria_3132.jpeg,1,pneumonia_person_1184,4.0,Male,99.3,95.2
train_1_person1642_bacteria_4353.jpeg,1,pneumonia_person_1642,2.6,Female,100.7,93.0
train_0_NORMAL2-IM-1168-0001.jpeg,0,train_NORMAL_NORMAL2-IM-1168-0001,5.0,Female,98.3,97.4
train_0_NORMAL2-IM-1241-0001.jpeg,0,train_NORMAL_NORMAL2-IM-1241-0001,1.9,Female,98.9,98.0
train_1_person1674_bacteria_4437.jpeg,1,pneumonia_person_1674,3.3,Female,101.4,95.6
train_1_person277_bacteria_1300.jpeg,1,pneumonia_person_277,3.0,Female,99.8,90.9
train_1_person894_virus_1546.jpeg,1,pneumonia_person_894,2.9,Male,100.1,94.0
train_1_person1591_virus_2765.jpeg,1,pneumonia_person_1591,2.9,Male,100.2,93.4
train_0_IM-0319-0001.jpeg,0,train_NORMAL_IM-0319-0001,3.1,Male,97.6,97.0
train_1_person938_bacteria_2863.jpeg,1,pneumonia_person_938,4.1,Male,101.9,92.8
train_1_person1480_virus_2566.jpeg,1,pneumonia_person_1480,4.8,Female,97.3,89.6
train_1_person700_bacteria_2599.jpeg,1,pneumonia_person_700,3.0,Male,100.4,93.8
train_0_NORMAL2-IM-0874-0001.jpeg,0,train_NORMAL_NORMAL2-IM-0874-0001,4.1,Female,98.5,95.4
train_1_person1293_virus_2219.jpeg,1,pneumonia_person_1293,2.1,Male,98.6,96.2
train_1_person1507_bacteria_3943.jpeg,1,pneumonia_person_1507,4.0,Male,101.3,93.3
train_1_person605_bacteria_2466.jpeg,1,pneumonia_person_605,2.0,Female,99.5,92.1
train_1_person338_bacteria_1567.jpeg,1,pneumonia_person_338,4.4,Female,99.9,96.4
train_1_person1517_bacteria_3968.jpeg,1,pneumonia_person_1517,5.0,Female,102.8,90.9
train_0_IM-0244-0001.jpeg,0,train_NORMAL_IM-0244-0001,2.8,Male,98.2,98.7
test_0_NORMAL2-IM-0120-0001.jpeg,0,test_NORMAL_NORMAL2-IM-0120-0001,1.0,Female,99.2,96.2
train_1_person1111_bacteria_3052.jpeg,1,pneumonia_person_1111,2.3,Female,100.9,96.8
train_1_person272_virus_559.jpeg,1,pneumonia_person_272,4.6,Male,100.2,98.2
train_1_person563_bacteria_2334.jpeg,1,pneumonia_person_563,3.7,Female,103.0,89.3
train_1_person1302_bacteria_3266.jpeg,1,pneumonia_person_1302,3.3,Female,101.4,91.5
train_1_person691_bacteria_2588.jpeg,1,pneumonia_person_691,4.3,Male,99.4,93.7
train_1_person1158_virus_1943.jpeg,1,pneumonia_person_1158,3.6,Male,98.6,92.2
train_1_person1796_bacteria_4644.jpeg,1,pneumonia_person_1796,4.6,Male,101.1,93.4
train_1_person1761_bacteria_4603.jpeg,1,pneumonia_person_1761,4.2,Female,100.3,93.2
train_1_person547_virus_1086.jpeg,1,pneumonia_person_547,5.0,Female,98.5,94.5
train_1_person1628_bacteria_4294.jpeg,1,pneumonia_person_1628,3.5,Female,101.0,91.1
test_1_person42_virus_89.jpeg,1,pneumonia_person_42,4.2,Female,100.1,94.0
train_0_NORMAL2-IM-1294-0001-0002.jpeg,0,train_NORMAL_NORMAL2-IM-1294-0001-0002,2.6,Male,99.3,98.2
train_0_IM-0533-0001-0001.jpeg,0,train_NORMAL_IM-0533-0001-0001,2.2,Female,98.7,97.7
train_1_person1159_bacteria_3104.jpeg,1,pneumonia_person_1159,5.0,Male,99.6,89.2
train_0_IM-0682-0001.jpeg,0,train_NORMAL_IM-0682-0001,3.3,Female,98.7,97.5
train_1_person658_virus_1241.jpeg,1,pneumonia_person_658,4.0,Male,99.8,92.1
train_1_person1023_bacteria_2954.jpeg,1,pneumonia_person_1023,3.2,Male,99.8,95.9
train_1_person1320_bacteria_3355.jpeg,1,pneumonia_person_1320,2.2,Male,99.7,93.4
train_0_NORMAL2-IM-1118-0001.jpeg,0,train_NORMAL_NORMAL2-IM-1118-0001,3.0,Male,98.0,97.8
train_1_person1676_bacteria_4441.jpeg,1,pneumonia_person_1676,4.9,Male,100.0,93.4
train_1_person1343_virus_2316.jpeg,1,pneumonia_person_1343,3.7,Female,102.2,88.2
train_1_person504_bacteria_2132.jpeg,1,pneumonia_person_504,1.0,Male,102.7,88.5
train_0_IM-0270-0001.jpeg,0,train_NORMAL_IM-0270-0001,2.7,Female,97.7,97.9
train_0_NORMAL2-IM-1269-0001-0002.jpeg,0,train_NORMAL_NORMAL2-IM-1269-0001-0002,5.0,Male,98.2,97.7
test_0_NORMAL2-IM-0305-0001.jpeg,0,test_NORMAL_NORMAL2-IM-0305-0001,2.7,Female,98.6,95.6
test_1_person1642_virus_2842.jpeg,1,pneumonia_person_1642,1.0,Male,100.0,91.3
train_1_person741_bacteria_2644.jpeg,1,pneumonia_person_741,5.0,Male,99.3,92.9
train_1_person628_virus_1206.jpeg,1,pneumonia_person_628,3.9,Male,99.6,92.7
train_1_person1021_virus_1711.jpeg,1,pneumonia_person_1021,2.9,Female,99.9,95.4
train_1_person325_bacteria_1502.jpeg,1,pneumonia_person_325,2.5,Female,102.1,95.3
train_1_person730_bacteria_2632.jpeg,1,pneumonia_person_730,4.4,Male,100.6,92.1
train_0_NORMAL2-IM-1116-0001-0002.jpeg,0,train_NORMAL_NORMAL2-IM-1116-0001-0002,2.3,Male,98.5,97.5
train_1_person60_bacteria_286.jpeg,1,pneumonia_person_60,4.5,Female,101.0,94.2
train_1_person826_virus_1462.jpeg,1,pneumonia_person_826,3.7,Female,100.0,94.6
train_1_person44_bacteria_219.jpeg,1,pneumonia_person_44,3.3,Male,99.9,97.6
train_1_person49_bacteria_236.jpeg,1,pneumonia_person_49,3.2,Male,101.1,93.4
train_0_IM-0520-0001.jpeg,0,train_NORMAL_IM-0520-0001,2.8,Female,98.3,97.5
train_0_NORMAL2-IM-1257-0001.jpeg,0,train_NORMAL_NORMAL2-IM-1257-0001,4.4,Male,97.8,98.5
train_1_person1324_virus_2284.jpeg,1,pneumonia_person_1324,1.9,Male,100.1,91.9
train_1_person431_virus_880.jpeg,1,pneumonia_person_431,1.0,Male,100.6,88.2
train_1_person441_bacteria_1903.jpeg,1,pneumonia_person_441,3.8,Male,101.2,93.9
test_1_person128_bacteria_605.jpeg,1,pneumonia_person_128,3.8,Female,99.9,95.1
train_1_person1507_bacteria_3948.jpeg,1,pneumonia_person_1507,3.6,Male,98.9,87.1
train_1_person443_bacteria_1926.jpeg,1,pneumonia_person_443,3.5,Male,99.4,94.0
train_0_IM-0180-0001.jpeg,0,train_NORMAL_IM-0180-0001,2.6,Male,97.5,97.7
train_1_person515_bacteria_2185.jpeg,1,pneumonia_person_515,4.0,Female,101.3,94.9
test_1_person123_bacteria_587.jpeg,1,pneumonia_person_123,2.9,Male,102.0,90.5
train_1_person785_bacteria_2689.jpeg,1,pneumonia_person_785,2.4,Male,98.6,95.4
train_0_NORMAL2-IM-0774-0001.jpeg,0,train_NORMAL_NORMAL2-IM-0774-0001,2.6,Male,98.0,97.5
train_0_IM-0439-0001.jpeg,0,train_NORMAL_IM-0439-0001,5.0,Female,97.9,100.0
train_1_person280_bacteria_1320.jpeg,1,pneumonia_person_280,1.0,Female,101.4,93.2
train_1_person654_bacteria_2546.jpeg,1,pneumonia_person_654,3.6,Male,99.7,94.5
train_1_person1673_bacteria_4434.jpeg,1,pneumonia_person_1673,1.0,Male,99.8,96.3
train_1_person507_bacteria_2140.jpeg,1,pneumonia_person_507,2.9,Male,98.6,93.0
train_1_person504_bacteria_2133.jpeg,1,pneumonia_person_504,2.4,Male,101.0,94.2
train_1_person473_bacteria_2018.jpeg,1,pneumonia_person_473,1.0,Female,100.2,96.6
train_1_person1271_virus_2164.jpeg,1,pneumonia_person_1271,3.5,Female,99.5,93.2
train_1_person1327_bacteria_3373.jpeg,1,pneumonia_person_1327,2.5,Male,100.1,90.7
train_0_IM-0734-0001.jpeg,0,train_NORMAL_IM-0734-0001,1.0,Male,98.2,98.5
train_1_person1314_virus_2268.jpeg,1,pneumonia_person_1314,4.1,Male,99.1,97.1
train_1_person877_bacteria_2800.jpeg,1,pneumonia_person_877,4.9,Female,99.3,96.7
train_1_person563_bacteria_2340.jpeg,1,pneumonia_person_563,4.9,Female,102.0,95.3
train_0_IM-0549-0001-0001.jpeg,0,train_NORMAL_IM-0549-0001-0001,3.5,Male,97.4,98.9
train_1_person1502_bacteria_3924.jpeg,1,pneumonia_person_1502,3.1,Male,101.3,91.9
train_1_person1493_bacteria_3895.jpeg,1,pneumonia_person_1493,4.7,Male,100.9,92.0
train_0_NORMAL2-IM-1040-0001.jpeg,0,train_NORMAL_NORMAL2-IM-1040-0001,5.0,Male,98.3,98.8
train_0_NORMAL2-IM-1094-0001.jpeg,0,train_NORMAL_NORMAL2-IM-1094-0001,4.5,Male,97.8,99.4
train_1_person1711_bacteria_4527.jpeg,1,pneumonia_person_1711,1.8,Male,101.5,90.8
train_0_IM-0533-0001-0002.jpeg,0,train_NORMAL_IM-0533-0001-0002,3.3,Female,98.7,99.1
train_0_IM-0371-0001.jpeg,0,train_NORMAL_IM-0371-0001,3.6,Male,97.9,97.7
train_0_IM-0427-0001.jpeg,0,train_NORMAL_IM-0427-0001,1.0,Male,97.4,96.2
train_1_person1298_virus_2226.jpeg,1,pneumonia_person_1298,3.6,Female,102.1,95.6
train_1_person632_bacteria_2521.jpeg,1,pneumonia_person_632,5.0,Female,99.9,95.8
train_1_person619_bacteria_2491.jpeg,1,pneumonia_person_619,3.8,Female,99.4,95.1
train_1_person1107_virus_1832.jpeg,1,pneumonia_person_1107,4.9,Female,100.2,91.6
train_1_person477_bacteria_2028.jpeg,1,pneumonia_person_477,3.2,Female,101.5,94.8
train_0_IM-0370-0001.jpeg,0,train_NORMAL_IM-0370-0001,2.9,Male,98.9,97.3
train_0_IM-0218-0001.jpeg,0,train_NORMAL_IM-0218-0001,3.5,Male,97.5,99.2
train_1_person528_virus_1049.jpeg,1,pneumonia_person_528,1.9,Male,101.5,93.3
train_0_IM-0491-0001-0002.jpeg,0,train_NORMAL_IM-0491-0001-0002,1.7,Female,98.0,98.4
train_0_NORMAL2-IM-1236-0001.jpeg,0,train_NORMAL_NORMAL2-IM-1236-0001,4.6,Female,98.3,98.4
train_1_person1557_bacteria_4065.jpeg,1,pneumonia_person_1557,4.8,Female,99.5,92.1
test_0_NORMAL2-IM-0217-0001.jpeg,0,test_NORMAL_NORMAL2-IM-0217-0001,1.7,Female,98.6,99.5
train_1_person815_bacteria_2726.jpeg,1,pneumonia_person_815,4.3,Male,100.3,91.3
train_0_NORMAL2-IM-0995-0001-0001.jpeg,0,train_NORMAL_NORMAL2-IM-0995-0001-0001,2.9,Female,98.4,98.5
train_1_person321_bacteria_1486.jpeg,1,pneumonia_person_321,3.4,Female,101.5,91.8
train_1_person1758_bacteria_4600.jpeg,1,pneumonia_person_1758,3.6,Female,99.8,96.4
train_1_person1304_bacteria_3269.jpeg,1,pneumonia_person_1304,4.3,Female,102.5,96.2
train_1_person327_bacteria_1509.jpeg,1,pneumonia_person_327,3.1,Male,98.6,92.4
train_0_NORMAL2-IM-1348-0001.jpeg,0,train_NORMAL_NORMAL2-IM-1348-0001,4.8,Female,97.8,99.7
train_1_person710_virus_1308.jpeg,1,pneumonia_person_710,3.4,Male,99.5,92.3
train_1_person260_bacteria_1222.jpeg,1,pneumonia_person_260,3.8,Male,99.1,94.9
train_1_person391_bacteria_1782.jpeg,1,pneumonia_person_391,1.9,Male,99.8,93.0
train_1_person1349_bacteria_3436.jpeg,1,pneumonia_person_1349,5.0,Male,102.7,92.5
train_1_person607_virus_1173.jpeg,1,pneumonia_person_607,3.6,Female,100.6,93.6
train_1_person1177_bacteria_3125.jpeg,1,pneumonia_person_1177,3.9,Female,99.4,89.5
train_1_person578_bacteria_2379.jpeg,1,pneumonia_person_578,1.0,Male,98.0,93.3
train_1_person1112_virus_1837.jpeg,1,pneumonia_person_1112,1.9,Female,98.2,95.1
test_0_NORMAL2-IM-0073-0001.jpeg,0,test_NORMAL_NORMAL2-IM-0073-0001,4.6,Male,97.7,97.8
train_0_NORMAL2-IM-1128-0001-0002.jpeg,0,train_NORMAL_NORMAL2-IM-1128-0001-0002,3.4,Male,98.6,97.7
train_1_person819_bacteria_2730.jpeg,1,pneumonia_person_819,1.0,Female,100.1,92.6
train_1_person59_bacteria_282.jpeg,1,pneumonia_person_59,4.3,Male,97.4,92.4
train_1_person1311_virus_2257.jpeg,1,pneumonia_person_1311,2.3,Female,100.3,90.7
test_0_IM-0027-0001.jpeg,0,test_NORMAL_IM-0027-0001,4.8,Female,98.1,98.9
train_1_person1457_virus_2498.jpeg,1,pneumonia_person_1457,2.9,Female,102.5,98.4
test_0_IM-0043-0001.jpeg,0,test_NORMAL_IM-0043-0001,3.3,Male,97.5,99.9
train_1_person1473_virus_2553.jpeg,1,pneumonia_person_1473,4.5,Female,99.4,92.0
test_1_person135_bacteria_647.jpeg,1,pneumonia_person_135,1.8,Male,99.3,91.0
train_1_person7_bacteria_29.jpeg,1,pneumonia_person_7,1.7,Female,100.6,89.5
train_1_person464_virus_956.jpeg,1,pneumonia_person_464,2.7,Female,98.8,91.4
train_1_person399_bacteria_1804.jpeg,1,pneumonia_person_399,4.1,Male,102.6,95.4
train_0_NORMAL2-IM-1073-0001.jpeg,0,train_NORMAL_NORMAL2-IM-1073-0001,1.3,Male,98.1,97.8
train_1_person354_bacteria_1633.jpeg,1,pneumonia_person_354,1.0,Male,100.2,91.1
train_1_person471_virus_967.jpeg,1,pneumonia_person_471,4.1,Male,102.5,91.4
train_1_person1658_bacteria_4402.jpeg,1,pneumonia_person_1658,2.2,Male,100.4,95.1
test_1_person158_bacteria_745.jpeg,1,pneumonia_person_158,2.5,Male,100.9,93.3
test_1_person53_virus_108.jpeg,1,pneumonia_person_53,1.0,Female,99.4,91.9
train_0_IM-0280-0001.jpeg,0,train_NORMAL_IM-0280-0001,2.1,Female,97.9,98.3
train_1_person483_bacteria_2046.jpeg,1,pneumonia_person_483,3.0,Male,99.6,99.0
test_1_person78_bacteria_384.jpeg,1,pneumonia_person_78,4.2,Male,103.2,96.5
test_1_person152_bacteria_722.jpeg,1,pneumonia_person_152,2.0,Female,101.2,97.2
train_0_IM-0713-0001.jpeg,0,train_NORMAL_IM-0713-0001,5.0,Female,97.7,97.3
train_1_person1153_virus_1932.jpeg,1,pneumonia_person_1153,2.1,Female,99.1,93.1
train_1_person59_bacteria_279.jpeg,1,pneumonia_person_59,2.1,Female,101.6,91.9
train_0_IM-0151-0001.jpeg,0,train_NORMAL_IM-0151-0001,5.0,Female,98.8,99.2
test_0_NORMAL2-IM-0372-0001.jpeg,0,test_NORMAL_NORMAL2-IM-0372-0001,3.3,Female,98.5,96.9
train_0_NORMAL2-IM-1232-0001.jpeg,0,train_NORMAL_NORMAL2-IM-1232-0001,2.3,Female,98.6,97.8
train_1_person1486_bacteria_3881.jpeg,1,pneumonia_person_1486,2.8,Female,102.9,91.3
train_1_person945_virus_1616.jpeg,1,pneumonia_person_945,4.8,Male,102.9,91.8
train_1_person585_bacteria_2415.jpeg,1,pneumonia_person_585,4.9,Female,99.8,95.1
train_1_person1438_bacteria_3718.jpeg,1,pneumonia_person_1438,1.9,Female,99.5,95.3
test_1_person1657_virus_2864.jpeg,1,pneumonia_person_1657,2.9,Male,98.3,93.9
train_1_person520_bacteria_2205.jpeg,1,pneumonia_person_520,3.1,Male,100.5,93.8
train_0_IM-0666-0001-0001.jpeg,0,train_NORMAL_IM-0666-0001-0001,1.7,Female,97.9,98.1
train_1_person1507_bacteria_3946.jpeg,1,pneumonia_person_1507,2.9,Female,101.4,94.2
test_1_person133_bacteria_637.jpeg,1,pneumonia_person_133,3.0,Female,101.6,95.3
test_1_person137_bacteria_655.jpeg,1,pneumonia_person_137,4.5,Female,100.1,95.1
train_1_person1142_bacteria_3086.jpeg,1,pneumonia_person_1142,4.6,Female,101.1,93.6
test_1_person154_bacteria_728.jpeg,1,pneumonia_person_154,2.6,Male,99.5,93.4
train_1_person294_bacteria_1388.jpeg,1,pneumonia_person_294,2.7,Male,101.1,93.3
train_0_IM-0178-0001.jpeg,0,train_NORMAL_IM-0178-0001,3.9,Male,99.0,99.4
train_1_person607_bacteria_2470.jpeg,1,pneumonia_person_607,2.2,Male,101.0,91.5
train_1_person332_bacteria_1536.jpeg,1,pneumonia_person_332,3.8,Female,100.9,94.9
train_1_person1054_bacteria_2988.jpeg,1,pneumonia_person_1054,2.9,Female,100.5,91.7
train_0_NORMAL2-IM-0511-0001.jpeg,0,train_NORMAL_NORMAL2-IM-0511-0001,1.7,Male,98.2,98.4
train_1_person906_virus_1562.jpeg,1,pneumonia_person_906,1.8,Male,98.4,93.4
train_1_person23_bacteria_82.jpeg,1,pneumonia_person_23,4.9,Female,99.0,95.5
train_1_person1062_virus_1762.jpeg,1,pneumonia_person_1062,2.8,Female,100.0,95.1
train_0_IM-0647-0001.jpeg,0,train_NORMAL_IM-0647-0001,5.0,Female,98.5,97.2
train_0_IM-0368-0001.jpeg,0,train_NORMAL_IM-0368-0001,2.3,Male,98.8,99.6
train_1_person516_bacteria_2191.jpeg,1,pneumonia_person_516,3.4,Female,99.9,94.5
train_1_person30_bacteria_154.jpeg,1,pneumonia_person_30,5.0,Female,102.1,95.3
train_1_person1601_bacteria_4209.jpeg,1,pneumonia_person_1601,1.6,Female,100.6,89.6
train_1_person1634_bacteria_4334.jpeg,1,pneumonia_person_1634,1.0,Female,101.7,97.8
train_1_person1408_virus_2411.jpeg,1,pneumonia_person_1408,4.7,Female,100.8,99.2
train_0_NORMAL2-IM-0944-0001.jpeg,0,train_NORMAL_NORMAL2-IM-0944-0001,1.9,Male,98.4,98.2
train_1_person348_virus_717.jpeg,1,pneumonia_person_348,3.0,Male,100.6,95.5
train_1_person1130_bacteria_3072.jpeg,1,pneumonia_person_1130,2.2,Male,101.3,95.0
train_1_person517_virus_1035.jpeg,1,pneumonia_person_517,3.3,Female,102.0,92.7
train_0_IM-0570-0001.jpeg,0,train_NORMAL_IM-0570-0001,1.8,Female,99.0,97.0
train_1_person302_bacteria_1430.jpeg,1,pneumonia_person_302,2.8,Male,98.3,95.9
train_1_person392_bacteria_1783.jpeg,1,pneumonia_person_392,3.6,Male,98.2,91.1
train_1_person433_bacteria_1874.jpeg,1,pneumonia_person_433,1.7,Male,100.0,90.8
train_1_person1537_bacteria_4020.jpeg,1,pneumonia_person_1537,2.1,Male,97.4,92.5
val_1_person1946_bacteria_4874.jpeg,1,pneumonia_person_1946,2.5,Female,102.7,95.1
train_1_person438_bacteria_1892.jpeg,1,pneumonia_person_438,1.1,Female,101.2,91.3
train_0_IM-0752-0001.jpeg,0,train_NORMAL_IM-0752-0001,2.5,Male,98.1,98.5
train_1_person596_bacteria_2449.jpeg,1,pneumonia_person_596,3.2,Male,99.0,93.2
train_0_IM-0291-0001.jpeg,0,train_NORMAL_IM-0291-0001,2.5,Female,98.3,98.4
train_1_person131_virus_265.jpeg,1,pneumonia_person_131,2.6,Female,99.0,87.4
train_1_person277_bacteria_1303.jpeg,1,pneumonia_person_277,3.0,Male,99.1,90.9
train_0_NORMAL2-IM-0936-0001.jpeg,0,train_NORMAL_NORMAL2-IM-0936-0001,2.1,Male,97.6,97.4
train_1_person789_virus_1420.jpeg,1,pneumonia_person_789,3.9,Male,100.5,94.7
train_1_person1277_bacteria_3240.jpeg,1,pneumonia_person_1277,4.9,Male,101.2,94.7
train_1_person1505_virus_2615.jpeg,1,pneumonia_person_1505,2.4,Female,102.0,95.0
train_1_person633_bacteria_2522.jpeg,1,pneumonia_person_633,3.6,Female,101.8,91.9
train_1_person732_virus_1353.jpeg,1,pneumonia_person_732,2.7,Female,100.4,91.4
train_1_person936_bacteria_2861.jpeg,1,pneumonia_person_936,3.5,Male,101.7,94.4
train_1_person147_virus_297.jpeg,1,pneumonia_person_147,5.0,Male,99.5,93.0
train_1_person1261_virus_2148.jpeg,1,pneumonia_person_1261,3.7,Male,98.0,95.8
train_1_person905_virus_1561.jpeg,1,pneumonia_person_905,1.0,Female,99.5,94.5
train_1_person60_bacteria_287.jpeg,1,pneumonia_person_60,3.6,Female,99.4,96.7
train_1_person667_virus_1252.jpeg,1,pneumonia_person_667,4.6,Male,99.6,92.3
train_1_person294_bacteria_1381.jpeg,1,pneumonia_person_294,2.7,Female,99.2,96.2
train_1_person933_bacteria_2858.jpeg,1,pneumonia_person_933,4.3,Male,99.8,98.6
test_1_person143_bacteria_689.jpeg,1,pneumonia_person_143,2.1,Female,101.2,93.6
train_1_person530_bacteria_2231.jpeg,1,pneumonia_person_530,1.1,Male,102.6,94.7
train_0_NORMAL2-IM-0424-0001.jpeg,0,train_NORMAL_NORMAL2-IM-0424-0001,3.2,Female,98.5,97.9
test_0_IM-0059-0001.jpeg,0,test_NORMAL_IM-0059-0001,1.0,Female,98.2,98.2
train_0_NORMAL2-IM-0630-0001.jpeg,0,train_NORMAL_NORMAL2-IM-0630-0001,2.7,Male,98.8,97.3
train_0_IM-0117-0001.jpeg,0,train_NORMAL_IM-0117-0001,4.7,Male,97.9,99.1
train_1_person1171_bacteria_3118.jpeg,1,pneumonia_person_1171,1.0,Male,100.1,95.0
train_1_person357_virus_736.jpeg,1,pneumonia_person_357,1.3,Male,99.5,94.2
test_0_IM-0036-0001.jpeg,0,test_NORMAL_IM-0036-0001,1.7,Female,98.4,96.8
train_0_IM-0753-0001.jpeg,0,train_NORMAL_IM-0753-0001,2.9,Female,98.7,99.1
test_1_person133_bacteria_634.jpeg,1,pneumonia_person_133,2.5,Female,100.4,94.8
train_1_person342_virus_701.jpeg,1,pneumonia_person_342,4.8,Male,99.3,93.2
train_1_person796_bacteria_2702.jpeg,1,pneumonia_person_796,4.2,Female,100.8,95.6
test_1_person1608_virus_2786.jpeg,1,pneumonia_person_1608,3.6,Male,100.1,96.3
train_1_person1164_bacteria_3110.jpeg,1,pneumonia_person_1164,3.2,Male,100.1,92.1
train_0_IM-0354-0001.jpeg,0,train_NORMAL_IM-0354-0001,3.5,Female,97.9,100.0
train_1_person1558_bacteria_4066.jpeg,1,pneumonia_person_1558,1.9,Male,101.6,89.1
train_0_NORMAL2-IM-0557-0001.jpeg,0,train_NORMAL_NORMAL2-IM-0557-0001,4.1,Female,98.9,96.8
train_0_NORMAL2-IM-0653-0001.jpeg,0,train_NORMAL_NORMAL2-IM-0653-0001,1.6,Male,97.8,97.6
train_1_person1269_bacteria_3229.jpeg,1,pneumonia_person_1269,4.1,Male,102.1,92.9
train_1_person445_virus_918.jpeg,1,pneumonia_person_445,4.5,Female,101.0,93.8
train_1_person478_bacteria_2032.jpeg,1,pneumonia_person_478,3.3,Female,99.7,92.9
train_1_person328_bacteria_1515.jpeg,1,pneumonia_person_328,2.8,Female,101.8,92.5
train_1_person1394_virus_2397.jpeg,1,pneumonia_person_1394,3.5,Male,101.0,94.1
train_1_person516_virus_1033.jpeg,1,pneumonia_person_516,1.0,Male,103.8,91.5
train_1_person1058_bacteria_2992.jpeg,1,pneumonia_person_1058,3.4,Male,100.8,92.9
test_1_person139_bacteria_665.jpeg,1,pneumonia_person_139,2.9,Male,101.3,91.2
train_1_person1261_virus_2145.jpeg,1,pneumonia_person_1261,2.9,Female,100.8,95.0
train_1_person554_virus_1094.jpeg,1,pneumonia_person_554,3.9,Male,100.3,94.1
train_1_person871_bacteria_2793.jpeg,1,pneumonia_person_871,2.9,Male,100.1,92.4
train_0_NORMAL2-IM-1096-0001-0001.jpeg,0,train_NORMAL_NORMAL2-IM-1096-0001-0001,1.5,Male,98.2,96.6
train_1_person1219_virus_2067.jpeg,1,pneumonia_person_1219,2.8,Male,101.1,92.9
train_0_NORMAL2-IM-0965-0001.jpeg,0,train_NORMAL_NORMAL2-IM-0965-0001,3.1,Female,97.2,99.0
train_1_person33_bacteria_173.jpeg,1,pneumonia_person_33,3.1,Female,100.8,92.4
test_1_person139_bacteria_663.jpeg,1,pneumonia_person_139,3.2,Female,99.8,95.1
train_1_person64_bacteria_317.jpeg,1,pneumonia_person_64,4.4,Female,100.0,91.7
train_1_person1131_bacteria_3073.jpeg,1,pneumonia_person_1131,1.6,Male,98.7,95.5
train_0_NORMAL2-IM-1201-0001.jpeg,0,train_NORMAL_NORMAL2-IM-1201-0001,3.2,Male,99.3,98.7
train_1_person1140_bacteria_3083.jpeg,1,pneumonia_person_1140,4.7,Female,99.7,96.2
train_0_IM-0358-0001.jpeg,0,train_NORMAL_IM-0358-0001,1.0,Male,97.9,98.2
train_1_person1100_bacteria_3041.jpeg,1,pneumonia_person_1100,3.2,Female,100.8,94.2
train_1_person656_bacteria_2548.jpeg,1,pneumonia_person_656,2.2,Male,100.8,96.6
train_1_person499_bacteria_2104.jpeg,1,pneumonia_person_499,2.5,Male,100.2,97.6
train_0_IM-0386-0001.jpeg,0,train_NORMAL_IM-0386-0001,1.8,Male,98.5,98.3
train_1_person1231_bacteria_3186.jpeg,1,pneumonia_person_1231,2.8,Male,99.1,92.0
train_1_person1235_virus_2095.jpeg,1,pneumonia_person_1235,5.0,Female,102.6,89.8
train_1_person680_bacteria_2575.jpeg,1,pneumonia_person_680,1.4,Male,100.5,96.2
train_1_person1044_bacteria_2978.jpeg,1,pneumonia_person_1044,1.5,Male,101.9,89.7
train_1_person1095_virus_1815.jpeg,1,pneumonia_person_1095,1.3,Male,102.2,89.1
train_0_IM-0327-0001.jpeg,0,train_NORMAL_IM-0327-0001,5.0,Male,98.6,98.5
train_1_person545_bacteria_2288.jpeg,1,pneumonia_person_545,2.4,Female,101.0,89.2
train_0_NORMAL2-IM-1228-0001.jpeg,0,train_NORMAL_NORMAL2-IM-1228-0001,3.0,Female,98.2,99.0
train_1_person1577_virus_2735.jpeg,1,pneumonia_person_1577,2.5,Female,98.9,90.8
train_1_person1629_bacteria_4299.jpeg,1,pneumonia_person_1629,1.8,Male,100.2,89.3
train_1_person1176_virus_1998.jpeg,1,pneumonia_person_1176,2.7,Male,101.2,93.4
train_0_IM-0314-0001.jpeg,0,train_NORMAL_IM-0314-0001,5.0,Male,98.9,97.1
train_0_NORMAL2-IM-0490-0001.jpeg,0,train_NORMAL_NORMAL2-IM-0490-0001,4.8,Male,99.2,96.9
train_1_person1320_bacteria_3339.jpeg,1,pneumonia_person_1320,1.9,Female,100.2,91.7
train_0_NORMAL2-IM-0989-0001.jpeg,0,train_NORMAL_NORMAL2-IM-0989-0001,3.8,Female,98.3,100.0
train_0_IM-0437-0001.jpeg,0,train_NORMAL_IM-0437-0001,1.9,Female,98.5,98.4
train_1_person1455_virus_2489.jpeg,1,pneumonia_person_1455,1.0,Male,101.1,92.7
train_1_person415_bacteria_1838.jpeg,1,pneumonia_person_415,4.3,Male,100.1,96.4
train_1_person1592_virus_2766.jpeg,1,pneumonia_person_1592,4.5,Female,99.6,98.9
test_1_person77_virus_139.jpeg,1,pneumonia_person_77,4.4,Male,100.0,92.7
train_0_NORMAL2-IM-0707-0001.jpeg,0,train_NORMAL_NORMAL2-IM-0707-0001,2.4,Female,98.5,98.3
train_1_person425_bacteria_1860.jpeg,1,pneumonia_person_425,2.8,Male,101.3,92.9
train_1_person275_bacteria_1293.jpeg,1,pneumonia_person_275,4.0,Female,100.6,94.0
test_1_person1615_virus_2801.jpeg,1,pneumonia_person_1615,3.5,Female,101.8,93.4
test_1_person175_bacteria_834.jpeg,1,pneumonia_person_175,2.5,Female,102.0,95.0
val_1_person1946_bacteria_4875.jpeg,1,pneumonia_person_1946,1.0,Male,101.5,99.0
test_0_NORMAL2-IM-0374-0001.jpeg,0,test_NORMAL_NORMAL2-IM-0374-0001,3.1,Female,97.5,97.2
train_0_IM-0486-0001.jpeg,0,train_NORMAL_IM-0486-0001,4.4,Female,98.1,98.7
train_1_person1728_bacteria_4556.jpeg,1,pneumonia_person_1728,1.4,Female,101.0,97.4
train_1_person1170_virus_1970.jpeg,1,pneumonia_person_1170,3.8,Male,99.3,92.2
train_1_person1405_virus_2408.jpeg,1,pneumonia_person_1405,3.4,Male,98.4,95.5
train_1_person371_bacteria_1695.jpeg,1,pneumonia_person_371,4.0,Female,97.8,95.1
train_0_IM-0351-0001.jpeg,0,train_NORMAL_IM-0351-0001,4.1,Male,98.2,99.2
train_1_person470_bacteria_2000.jpeg,1,pneumonia_person_470,2.1,Male,100.8,98.3
train_1_person755_virus_1380.jpeg,1,pneumonia_person_755,1.0,Male,98.9,94.3
train_1_person1366_virus_2349.jpeg,1,pneumonia_person_1366,2.3,Male,101.8,89.1
train_0_IM-0439-0001-0002.jpeg,0,train_NORMAL_IM-0439-0001-0002,4.2,Male,98.1,98.2
train_0_IM-0437-0001-0002.jpeg,0,train_NORMAL_IM-0437-0001-0002,2.3,Male,98.2,98.3
train_1_person1512_virus_2631.jpeg,1,pneumonia_person_1512,2.1,Male,100.9,90.0
train_0_IM-0488-0001.jpeg,0,train_NORMAL_IM-0488-0001,1.0,Male,98.0,95.0
train_0_NORMAL2-IM-0917-0001.jpeg,0,train_NORMAL_NORMAL2-IM-0917-0001,5.0,Male,98.0,98.7
train_1_person1048_bacteria_2982.jpeg,1,pneumonia_person_1048,4.1,Male,101.3,90.1
train_0_NORMAL2-IM-0643-0001.jpeg,0,train_NORMAL_NORMAL2-IM-0643-0001,4.0,Male,98.6,98.7
train_1_person881_virus_1531.jpeg,1,pneumonia_person_881,4.3,Male,98.5,93.6
train_0_NORMAL2-IM-0980-0001.jpeg,0,train_NORMAL_NORMAL2-IM-0980-0001,3.7,Male,99.1,97.7
train_0_IM-0273-0001.jpeg,0,train_NORMAL_IM-0273-0001,2.7,Male,98.9,98.4
train_1_person124_virus_242.jpeg,1,pneumonia_person_124,2.8,Male,101.9,88.5
train_1_person967_virus_1640.jpeg,1,pneumonia_person_967,2.4,Male,99.9,95.2
train_1_person1455_virus_2487.jpeg,1,pneumonia_person_1455,5.0,Female,102.6,92.8
train_0_IM-0626-0001-0002.jpeg,0,train_NORMAL_IM-0626-0001-0002,3.7,Male,98.1,97.5
train_0_NORMAL2-IM-1163-0001.jpeg,0,train_NORMAL_NORMAL2-IM-1163-0001,2.4,Female,98.7,97.1
train_0_IM-0571-0001.jpeg,0,train_NORMAL_IM-0571-0001,3.6,Female,98.0,99.6
train_1_person37_bacteria_187.jpeg,1,pneumonia_person_37,1.7,Female,99.2,93.0
train_0_IM-0424-0001.jpeg,0,train_NORMAL_IM-0424-0001,5.0,Female,99.1,98.8
test_1_person85_bacteria_419.jpeg,1,pneumonia_person_85,2.1,Female,99.9,93.6
train_0_NORMAL2-IM-0533-0001.jpeg,0,train_NORMAL_NORMAL2-IM-0533-0001,3.7,Female,98.5,99.0
train_1_person31_bacteria_160.jpeg,1,pneumonia_person_31,4.4,Female,100.7,93.6
train_1_person1496_bacteria_3908.jpeg,1,pneumonia_person_1496,3.5,Male,98.7,95.3
train_0_NORMAL2-IM-1046-0001.jpeg,0,train_NORMAL_NORMAL2-IM-1046-0001,3.1,Female,98.9,98.5
train_1_person499_bacteria_2103.jpeg,1,pneumonia_person_499,3.0,Male,101.1,95.5
train_1_person1474_bacteria_3837.jpeg,1,pneumonia_person_1474,2.9,Male,100.1,91.8
train_1_person458_bacteria_1954.jpeg,1,pneumonia_person_458,2.3,Female,99.1,95.1
train_1_person1943_bacteria_4868.jpeg,1,pneumonia_person_1943,2.4,Female,101.7,94.7
train_1_person1702_bacteria_4510.jpeg,1,pneumonia_person_1702,4.9,Male,101.3,91.7
train_1_person1310_bacteria_3300.jpeg,1,pneumonia_person_1310,2.9,Male,99.0,92.3
train_1_person1338_bacteria_3397.jpeg,1,pneumonia_person_1338,2.0,Female,98.7,95.2
train_1_person1863_bacteria_4735.jpeg,1,pneumonia_person_1863,2.3,Female,99.2,96.9
train_1_person660_virus_1244.jpeg,1,pneumonia_person_660,4.4,Male,101.1,89.0
train_1_person493_virus_999.jpeg,1,pneumonia_person_493,3.9,Female,100.8,97.6
train_0_NORMAL2-IM-0437-0001.jpeg,0,train_NORMAL_NORMAL2-IM-0437-0001,3.7,Male,98.5,98.1
train_1_person314_virus_639.jpeg,1,pneumonia_person_314,2.7,Male,100.0,94.0
train_0_NORMAL2-IM-0651-0004.jpeg,0,train_NORMAL_NORMAL2-IM-0651-0004,3.7,Male,97.0,96.4
train_1_person562_virus_1102.jpeg,1,pneumonia_person_562,2.2,Female,101.6,94.5
train_1_person915_virus_1572.jpeg,1,pneumonia_person_915,2.7,Male,99.7,91.9
train_1_person115_virus_218.jpeg,1,pneumonia_person_115,4.3,Male,100.6,93.1
train_1_person550_bacteria_2308.jpeg,1,pneumonia_person_550,4.1,Male,98.4,89.8
test_1_person28_virus_63.jpeg,1,pneumonia_person_28,1.7,Male,99.7,89.1
train_1_person1536_virus_2673.jpeg,1,pneumonia_person_1536,1.9,Female,101.7,99.3
train_1_person543_virus_1073.jpeg,1,pneumonia_person_543,3.1,Male,99.5,93.7
test_0_IM-0087-0001.jpeg,0,test_NORMAL_IM-0087-0001,5.0,Female,98.5,98.2
test_1_person1612_virus_2798.jpeg,1,pneumonia_person_1612,1.0,Male,97.4,93.4
train_1_person493_bacteria_2087.jpeg,1,pneumonia_person_493,3.4,Male,99.7,91.4
train_0_NORMAL2-IM-1278-0001.jpeg,0,train_NORMAL_NORMAL2-IM-1278-0001,1.2,Male,98.8,98.6
train_1_person788_virus_1419.jpeg,1,pneumonia_person_788,2.2,Male,102.7,93.7
train_1_person1411_bacteria_3610.jpeg,1,pneumonia_person_1411,2.5,Female,98.9,93.0
train_0_IM-0596-0001.jpeg,0,train_NORMAL_IM-0596-0001,2.5,Male,98.5,98.5
train_0_IM-0349-0001.jpeg,0,train_NORMAL_IM-0349-0001,2.3,Female,98.8,98.7
train_1_person62_bacteria_301.jpeg,1,pneumonia_person_62,3.0,Female,99.5,94.0
train_1_person1665_bacteria_4415.jpeg,1,pneumonia_person_1665,2.3,Male,99.9,94.5
train_1_person639_virus_1220.jpeg,1,pneumonia_person_639,1.1,Male,100.6,95.3
train_1_person724_bacteria_2626.jpeg,1,pneumonia_person_724,4.0,Female,98.5,93.1
test_0_NORMAL2-IM-0373-0001.jpeg,0,test_NORMAL_NORMAL2-IM-0373-0001,4.0,Male,97.8,98.4
train_1_person374_bacteria_1712.jpeg,1,pneumonia_person_374,4.1,Male,102.1,97.2
train_1_person448_bacteria_1933.jpeg,1,pneumonia_person_448,1.0,Male,101.1,91.1
train_1_person331_bacteria_1529.jpeg,1,pneumonia_person_331,3.4,Male,100.2,88.8
train_1_person1670_bacteria_4430.jpeg,1,pneumonia_person_1670,3.9,Male,100.5,94.9
train_1_person1458_virus_2503.jpeg,1,pneumonia_person_1458,1.7,Female,101.2,91.9
train_1_person439_virus_891.jpeg,1,pneumonia_person_439,3.0,Female,101.4,90.8
train_0_NORMAL2-IM-1142-0001-0002.jpeg,0,train_NORMAL_NORMAL2-IM-1142-0001-0002,2.8,Female,98.6,96.8
train_0_IM-0348-0001.jpeg,0,train_NORMAL_IM-0348-0001,5.0,Male,97.9,98.3
train_1_person407_virus_814.jpeg,1,pneumonia_person_407,5.0,Male,102.1,90.3
train_1_person1042_virus_1737.jpeg,1,pneumonia_person_1042,1.0,Female,101.3,98.3
train_0_IM-0669-0001.jpeg,0,train_NORMAL_IM-0669-0001,5.0,Male,98.4,99.0
train_1_person489_virus_995.jpeg,1,pneumonia_person_489,1.8,Male,99.1,93.3
train_1_person1770_bacteria_4613.jpeg,1,pneumonia_person_1770,4.3,Female,100.0,88.8
train_0_IM-0361-0001.jpeg,0,train_NORMAL_IM-0361-0001,4.3,Male,98.8,98.6
train_1_person1312_virus_2261.jpeg,1,pneumonia_person_1312,1.7,Female,98.1,91.9
test_1_person39_virus_85.jpeg,1,pneumonia_person_39,3.6,Male,101.0,95.5
test_1_person55_virus_110.jpeg,1,pneumonia_person_55,2.9,Male,102.1,93.5
train_1_person1112_bacteria_3053.jpeg,1,pneumonia_person_1112,3.7,Female,101.1,96.9
train_1_person689_bacteria_2586.jpeg,1,pneumonia_person_689,3.3,Male,99.5,92.4
train_1_person849_bacteria_2770.jpeg,1,pneumonia_person_849,4.6,Female,99.4,89.5
train_1_person398_bacteria_1799.jpeg,1,pneumonia_person_398,3.1,Male,100.8,94.1
train_1_person1610_bacteria_4240.jpeg,1,pneumonia_person_1610,2.8,Male,100.2,92.9
test_1_person78_bacteria_381.jpeg,1,pneumonia_person_78,4.4,Female,101.0,89.0
train_0_IM-0434-0001.jpeg,0,train_NORMAL_IM-0434-0001,3.8,Female,97.9,98.2
train_1_person572_bacteria_2368.jpeg,1,pneumonia_person_572,4.0,Female,101.8,91.7
train_1_person266_bacteria_1245.jpeg,1,pneumonia_person_266,2.1,Female,98.9,97.4
train_0_NORMAL2-IM-1027-0001.jpeg,0,train_NORMAL_NORMAL2-IM-1027-0001,1.6,Female,98.3,97.5
train_1_person1313_virus_2264.jpeg,1,pneumonia_person_1313,2.3,Female,99.9,92.6
train_0_IM-0137-0001.jpeg,0,train_NORMAL_IM-0137-0001,2.2,Male,98.3,97.7
test_1_person136_bacteria_648.jpeg,1,pneumonia_person_136,4.0,Female,101.5,88.4
train_1_person1470_bacteria_3829.jpeg,1,pneumonia_person_1470,4.3,Female,101.7,92.1
test_1_person128_bacteria_608.jpeg,1,pneumonia_person_128,2.8,Male,102.2,94.5
train_1_person110_virus_206.jpeg,1,pneumonia_person_110,4.9,Female,101.0,93.9
train_1_person1575_bacteria_4119.jpeg,1,pneumonia_person_1575,4.8,Male,100.3,92.2
train_0_NORMAL2-IM-1110-0001.jpeg,0,train_NORMAL_NORMAL2-IM-1110-0001,3.3,Male,98.0,97.3
train_0_IM-0545-0001-0002.jpeg,0,train_NORMAL_IM-0545-0001-0002,1.9,Male,98.3,97.2
train_1_person660_bacteria_2552.jpeg,1,pneumonia_person_660,5.0,Female,102.1,93.5
train_1_person464_bacteria_1975.jpeg,1,pneumonia_person_464,2.9,Male,100.0,95.7
train_0_NORMAL2-IM-1154-0001-0001.jpeg,0,train_NORMAL_NORMAL2-IM-1154-0001-0001,3.2,Male,98.3,96.4
train_1_person608_virus_1175.jpeg,1,pneumonia_person_608,2.6,Male,101.3,94.8
train_1_person924_bacteria_2849.jpeg,1,pneumonia_person_924,1.8,Male,98.8,97.8
train_1_person280_bacteria_1322.jpeg,1,pneumonia_person_280,1.1,Male,99.2,95.6
test_0_NORMAL2-IM-0310-0001.jpeg,0,test_NORMAL_NORMAL2-IM-0310-0001,3.8,Female,98.7,97.2
train_1_person925_bacteria_2850.jpeg,1,pneumonia_person_925,2.0,Female,100.8,91.8
train_1_person564_bacteria_2346.jpeg,1,pneumonia_person_564,5.0,Male,99.6,89.5
train_1_person927_bacteria_2852.jpeg,1,pneumonia_person_927,1.6,Female,100.2,93.1
train_1_person1648_bacteria_4376.jpeg,1,pneumonia_person_1648,1.4,Female,101.8,92.9
train_1_person258_bacteria_1208.jpeg,1,pneumonia_person_258,3.7,Male,101.6,97.1
train_0_NORMAL2-IM-0912-0001.jpeg,0,train_NORMAL_NORMAL2-IM-0912-0001,5.0,Female,97.7,98.9
train_1_person359_bacteria_1646.jpeg,1,pneumonia_person_359,3.1,Female,102.5,93.3
train_1_person325_virus_659.jpeg,1,pneumonia_person_325,3.7,Male,101.7,94.5
train_1_person1176_bacteria_3123.jpeg,1,pneumonia_person_1176,1.0,Female,100.2,93.8
train_1_person1451_virus_2479.jpeg,1,pneumonia_person_1451,2.1,Male,98.9,93.1
train_1_person1628_bacteria_4296.jpeg,1,pneumonia_person_1628,1.6,Male,101.8,94.4
test_1_person83_bacteria_412.jpeg,1,pneumonia_person_83,1.0,Female,101.0,96.2
train_0_IM-0201-0001.jpeg,0,train_NORMAL_IM-0201-0001,3.2,Male,96.9,98.3
train_0_IM-0216-0001.jpeg,0,train_NORMAL_IM-0216-0001,1.0,Male,98.8,98.1
test_1_person125_bacteria_595.jpeg,1,pneumonia_person_125,1.3,Female,104.5,91.5
train_1_person489_virus_994.jpeg,1,pneumonia_person_489,2.3,Female,100.4,97.3
train_0_IM-0210-0001.jpeg,0,train_NORMAL_IM-0210-0001,1.9,Male,97.7,99.0
train_0_IM-0467-0001-0002.jpeg,0,train_NORMAL_IM-0467-0001-0002,3.5,Male,98.3,97.0
train_0_IM-0689-0001.jpeg,0,train_NORMAL_IM-0689-0001,3.4,Male,98.4,97.9
train_1_person1251_bacteria_3208.jpeg,1,pneumonia_person_1251,4.2,Male,101.5,97.2
train_1_person67_bacteria_328.jpeg,1,pneumonia_person_67,4.0,Female,102.2,95.2
train_1_person135_virus_270.jpeg,1,pneumonia_person_135,4.5,Female,100.7,88.2
train_1_person41_bacteria_209.jpeg,1,pneumonia_person_41,3.0,Male,102.0,90.9
train_0_NORMAL2-IM-0914-0001.jpeg,0,train_NORMAL_NORMAL2-IM-0914-0001,3.4,Male,98.9,98.0
train_1_person707_virus_1305.jpeg,1,pneumonia_person_707,3.7,Female,100.6,91.8
train_1_person1733_bacteria_4566.jpeg,1,pneumonia_person_1733,3.2,Female,100.8,92.7
train_1_person534_bacteria_2251.jpeg,1,pneumonia_person_534,2.5,Male,102.2,95.0
train_1_person125_virus_254.jpeg,1,pneumonia_person_125,2.6,Female,100.8,93.1
train_1_person336_bacteria_1550.jpeg,1,pneumonia_person_336,1.9,Male,99.6,90.5
train_1_person579_bacteria_2381.jpeg,1,pneumonia_person_579,3.5,Male,100.5,95.7
train_1_person718_bacteria_2620.jpeg,1,pneumonia_person_718,2.9,Female,98.2,94.8
train_1_person448_bacteria_1937.jpeg,1,pneumonia_person_448,2.1,Female,97.4,92.9
train_1_person1074_bacteria_3014.jpeg,1,pneumonia_person_1074,2.1,Female,101.5,95.3
train_1_person1626_bacteria_4291.jpeg,1,pneumonia_person_1626,1.4,Female,99.9,93.7
train_1_person406_bacteria_1818.jpeg,1,pneumonia_person_406,4.3,Male,100.1,96.8
train_1_person1545_bacteria_4042.jpeg,1,pneumonia_person_1545,3.1,Female,101.5,93.9
train_1_person926_virus_1583.jpeg,1,pneumonia_person_926,1.9,Male,102.2,96.8
train_1_person23_bacteria_91.jpeg,1,pneumonia_person_23,4.1,Male,101.1,88.8
train_1_person258_bacteria_1207.jpeg,1,pneumonia_person_258,2.3,Female,102.9,94.6
train_1_person1555_bacteria_4059.jpeg,1,pneumonia_person_1555,1.2,Male,101.1,92.5
train_1_person1470_bacteria_3830.jpeg,1,pneumonia_person_1470,4.3,Male,100.8,91.4
train_1_person64_bacteria_320.jpeg,1,pneumonia_person_64,2.3,Female,100.7,96.4
train_1_person548_bacteria_2299.jpeg,1,pneumonia_person_548,2.5,Female,98.7,95.7
test_0_NORMAL2-IM-0196-0001.jpeg,0,test_NORMAL_NORMAL2-IM-0196-0001,3.1,Female,99.2,97.6
train_0_IM-0654-0001.jpeg,0,train_NORMAL_IM-0654-0001,4.5,Male,97.2,97.1
test_1_person96_bacteria_466.jpeg,1,pneumonia_person_96,3.0,Female,99.6,95.0
train_1_person552_bacteria_2313.jpeg,1,pneumonia_person_552,1.4,Male,100.4,91.7
train_1_person162_virus_322.jpeg,1,pneumonia_person_162,3.7,Female,99.4,91.4
train_1_person383_bacteria_1751.jpeg,1,pneumonia_person_383,2.4,Female,99.8,89.5
train_1_person1666_bacteria_4416.jpeg,1,pneumonia_person_1666,5.0,Female,102.8,92.7
train_1_person996_virus_1677.jpeg,1,pneumonia_person_996,3.0,Female,101.8,93.1
train_1_person23_bacteria_102.jpeg,1,pneumonia_person_23,1.0,Male,99.5,95.5
train_1_person1582_bacteria_4142.jpeg,1,pneumonia_person_1582,3.5,Male,99.8,94.2
train_1_person630_bacteria_2513.jpeg,1,pneumonia_person_630,5.0,Female,98.7,90.9
train_1_person1077_bacteria_3017.jpeg,1,pneumonia_person_1077,5.0,Female,101.3,94.1
train_1_person61_bacteria_294.jpeg,1,pneumonia_person_61,5.0,Male,100.1,92.9
train_1_person1343_bacteria_3416.jpeg,1,pneumonia_person_1343,1.7,Male,97.8,91.2
train_1_person1321_virus_2279.jpeg,1,pneumonia_person_1321,4.2,Male,100.5,89.5
test_0_NORMAL2-IM-0362-0001.jpeg,0,test_NORMAL_NORMAL2-IM-0362-0001,2.1,Male,99.3,99.0
train_1_person1260_bacteria_3218.jpeg,1,pneumonia_person_1260,3.3,Female,101.7,94.6
train_1_person33_bacteria_169.jpeg,1,pneumonia_person_33,1.3,Male,100.3,94.9
train_1_person1287_bacteria_3250.jpeg,1,pneumonia_person_1287,2.2,Male,99.9,91.7
train_1_person1594_virus_2768.jpeg,1,pneumonia_person_1594,2.1,Female,103.0,93.9
train_0_NORMAL2-IM-1020-0001-0002.jpeg,0,train_NORMAL_NORMAL2-IM-1020-0001-0002,4.2,Male,98.3,99.6
train_1_person696_bacteria_2594.jpeg,1,pneumonia_person_696,4.0,Male,101.3,91.0
train_1_person19_bacteria_58.jpeg,1,pneumonia_person_19,3.4,Female,99.7,93.6
train_1_person1546_bacteria_4044.jpeg,1,pneumonia_person_1546,1.2,Male,101.3,94.2
train_1_person59_bacteria_283.jpeg,1,pneumonia_person_59,2.6,Female,98.5,89.4
train_1_person415_bacteria_1837.jpeg,1,pneumonia_person_415,2.0,Female,99.8,90.9
train_0_NORMAL2-IM-1185-0001.jpeg,0,train_NORMAL_NORMAL2-IM-1185-0001,4.1,Female,98.2,99.4
train_1_person1540_bacteria_4023.jpeg,1,pneumonia_person_1540,4.5,Male,99.6,95.9
train_0_IM-0237-0001.jpeg,0,train_NORMAL_IM-0237-0001,4.4,Female,99.0,99.0
train_1_person870_virus_1516.jpeg,1,pneumonia_person_870,2.0,Female,99.6,93.9
train_1_person437_bacteria_1888.jpeg,1,pneumonia_person_437,1.0,Male,101.3,94.1
train_0_NORMAL2-IM-0775-0001.jpeg,0,train_NORMAL_NORMAL2-IM-0775-0001,1.0,Female,98.9,99.1
train_0_NORMAL2-IM-1419-0001.jpeg,0,train_NORMAL_NORMAL2-IM-1419-0001,4.8,Female,98.9,98.5
train_1_person348_virus_719.jpeg,1,pneumonia_person_348,2.5,Female,101.7,90.1
train_1_person275_virus_565.jpeg,1,pneumonia_person_275,2.0,Male,101.1,91.9
train_1_person128_virus_261.jpeg,1,pneumonia_person_128,5.0,Female,100.6,97.1
train_0_IM-0697-0001.jpeg,0,train_NORMAL_IM-0697-0001,4.6,Male,98.2,96.3
train_1_person721_virus_1340.jpeg,1,pneumonia_person_721,3.0,Male,102.8,95.6
train_0_IM-0340-0001.jpeg,0,train_NORMAL_IM-0340-0001,2.6,Male,98.7,97.9
train_1_person260_virus_541.jpeg,1,pneumonia_person_260,2.8,Male,99.2,88.9
train_1_person300_bacteria_1423.jpeg,1,pneumonia_person_300,3.3,Male,99.1,91.1
train_1_person1488_virus_2592.jpeg,1,pneumonia_person_1488,5.0,Female,101.7,92.7
train_0_NORMAL2-IM-1266-0001-0002.jpeg,0,train_NORMAL_NORMAL2-IM-1266-0001-0002,3.5,Female,98.6,98.5
train_1_person868_virus_1513.jpeg,1,pneumonia_person_868,3.9,Male,99.7,92.7
train_1_person423_bacteria_1855.jpeg,1,pneumonia_person_423,4.5,Male,97.6,95.4
train_1_person1178_bacteria_3126.jpeg,1,pneumonia_person_1178,1.5,Female,99.5,94.4
train_1_person31_bacteria_163.jpeg,1,pneumonia_person_31,4.0,Female,101.1,94.4
train_1_person963_bacteria_2888.jpeg,1,pneumonia_person_963,2.6,Female,100.3,93.4
train_0_NORMAL2-IM-0849-0001.jpeg,0,train_NORMAL_NORMAL2-IM-0849-0001,1.0,Male,97.8,98.3
train_0_NORMAL2-IM-0935-0001.jpeg,0,train_NORMAL_NORMAL2-IM-0935-0001,1.0,Male,98.5,97.4
train_1_person899_virus_1553.jpeg,1,pneumonia_person_899,1.7,Male,101.7,96.7
test_0_NORMAL2-IM-0278-0001.jpeg,0,test_NORMAL_NORMAL2-IM-0278-0001,3.7,Male,97.6,99.6
train_1_person568_bacteria_2358.jpeg,1,pneumonia_person_568,3.1,Female,101.2,88.8
train_1_person266_bacteria_1239.jpeg,1,pneumonia_person_266,3.2,Male,100.6,94.6
train_1_person980_bacteria_2906.jpeg,1,pneumonia_person_980,5.0,Female,101.1,94.5
train_1_person371_bacteria_1699.jpeg,1,pneumonia_person_371,1.4,Female,101.0,95.4
test_1_person117_bacteria_556.jpeg,1,pneumonia_person_117,3.0,Female,99.2,96.3
train_0_NORMAL2-IM-1349-0001.jpeg,0,train_NORMAL_NORMAL2-IM-1349-0001,3.4,Male,98.2,98.9
train_0_IM-0562-0001.jpeg,0,train_NORMAL_IM-0562-0001,2.0,Male,99.0,98.4
train_1_person1407_virus_2410.jpeg,1,pneumonia_person_1407,3.0,Male,101.9,92.7
train_1_person1502_bacteria_3929.jpeg,1,pneumonia_person_1502,1.0,Male,100.9,95.6
train_1_person537_bacteria_2261.jpeg,1,pneumonia_person_537,4.8,Female,99.1,88.2
train_1_person1159_virus_1944.jpeg,1,pneumonia_person_1159,2.1,Female,99.3,93.8
train_0_IM-0625-0001.jpeg,0,train_NORMAL_IM-0625-0001,5.0,Male,98.8,97.3
train_1_person379_bacteria_1721.jpeg,1,pneumonia_person_379,3.0,Female,100.6,95.7
train_1_person73_bacteria_355.jpeg,1,pneumonia_person_73,4.3,Female,100.2,95.3
train_1_person1329_bacteria_3377.jpeg,1,pneumonia_person_1329,2.9,Male,98.9,96.2
train_1_person3_bacteria_12.jpeg,1,pneumonia_person_3,3.0,Female,98.9,86.6
train_1_person1343_bacteria_3414.jpeg,1,pneumonia_person_1343,2.2,Female,97.7,97.5
train_1_person1377_bacteria_3512.jpeg,1,pneumonia_person_1377,3.2,Female,96.3,94.3
train_1_person327_virus_679.jpeg,1,pneumonia_person_327,3.4,Female,100.2,96.8
train_0_NORMAL2-IM-0765-0001.jpeg,0,train_NORMAL_NORMAL2-IM-0765-0001,2.0,Male,98.7,98.1
train_1_person289_virus_593.jpeg,1,pneumonia_person_289,2.8,Female,102.7,89.1
test_1_person91_bacteria_448.jpeg,1,pneumonia_person_91,2.2,Female,99.1,98.0
train_0_IM-0644-0001-0001.jpeg,0,train_NORMAL_IM-0644-0001-0001,5.0,Male,98.1,98.5
train_1_person281_bacteria_1331.jpeg,1,pneumonia_person_281,2.9,Female,98.5,92.7
train_1_person1764_bacteria_4607.jpeg,1,pneumonia_person_1764,5.0,Female,98.7,94.8
train_1_person508_bacteria_2143.jpeg,1,pneumonia_person_508,2.7,Male,98.8,95.4
train_0_NORMAL2-IM-0433-0001.jpeg,0,train_NORMAL_NORMAL2-IM-0433-0001,3.3,Male,98.6,97.9
train_1_person1313_bacteria_3320.jpeg,1,pneumonia_person_1313,1.3,Female,100.2,94.1
train_1_person1701_bacteria_4504.jpeg,1,pneumonia_person_1701,2.4,Female,100.7,90.9
train_0_IM-0724-0001.jpeg,0,train_NORMAL_IM-0724-0001,3.3,Male,98.1,97.8
train_1_person1035_virus_1729.jpeg,1,pneumonia_person_1035,5.0,Male,100.0,95.3
train_0_NORMAL2-IM-1261-0001.jpeg,0,train_NORMAL_NORMAL2-IM-1261-0001,3.3,Female,97.2,97.8
train_1_person612_virus_1179.jpeg,1,pneumonia_person_612,4.8,Male,99.0,97.0
train_0_NORMAL2-IM-0453-0001.jpeg,0,train_NORMAL_NORMAL2-IM-0453-0001,3.8,Male,98.3,97.0
train_1_person130_virus_263.jpeg,1,pneumonia_person_130,5.0,Male,98.5,96.1
train_1_person810_virus_1445.jpeg,1,pneumonia_person_810,2.9,Male,101.2,91.9
train_1_person1318_bacteria_3334.jpeg,1,pneumonia_person_1318,5.0,Female,100.0,95.3
train_1_person348_virus_716.jpeg,1,pneumonia_person_348,2.4,Male,98.0,94.8
test_0_NORMAL2-IM-0045-0001.jpeg,0,test_NORMAL_NORMAL2-IM-0045-0001,2.0,Female,97.8,97.5
train_1_person88_virus_163.jpeg,1,pneumonia_person_88,1.4,Female,98.8,94.6
test_0_NORMAL2-IM-0290-0001.jpeg,0,test_NORMAL_NORMAL2-IM-0290-0001,5.0,Female,97.8,98.6
train_1_person556_virus_1096.jpeg,1,pneumonia_person_556,4.1,Female,99.6,95.3
train_0_IM-0312-0001.jpeg,0,train_NORMAL_IM-0312-0001,2.6,Female,98.4,98.3
train_1_person973_virus_1647.jpeg,1,pneumonia_person_973,4.6,Female,101.8,90.1
train_1_person124_virus_247.jpeg,1,pneumonia_person_124,3.9,Female,99.2,85.5
train_0_IM-0482-0001.jpeg,0,train_NORMAL_IM-0482-0001,5.0,Male,98.5,98.3
train_1_person1139_bacteria_3081.jpeg,1,pneumonia_person_1139,1.0,Female,101.1,92.3
train_1_person403_bacteria_1814.jpeg,1,pneumonia_person_403,2.7,Male,100.6,92.6
train_0_IM-0674-0001.jpeg,0,train_NORMAL_IM-0674-0001,2.4,Male,98.1,97.8
train_1_person3_bacteria_13.jpeg,1,pneumonia_person_3,1.0,Male,98.7,95.7
train_1_person1488_bacteria_3887.jpeg,1,pneumonia_person_1488,4.4,Female,101.1,90.0
test_0_NORMAL2-IM-0321-0001.jpeg,0,test_NORMAL_NORMAL2-IM-0321-0001,2.6,Female,98.4,99.1
test_1_person81_bacteria_396.jpeg,1,pneumonia_person_81,4.0,Male,100.9,95.1
train_0_NORMAL2-IM-0692-0001.jpeg,0,train_NORMAL_NORMAL2-IM-0692-0001,5.0,Female,98.5,100.0
train_1_person75_bacteria_366.jpeg,1,pneumonia_person_75,2.5,Male,101.3,94.7
train_1_person162_virus_321.jpeg,1,pneumonia_person_162,2.5,Male,100.9,95.9
train_1_person1343_bacteria_3417.jpeg,1,pneumonia_person_1343,3.2,Male,101.2,93.6
train_1_person371_bacteria_1701.jpeg,1,pneumonia_person_371,4.3,Female,101.3,92.6
train_1_person1565_bacteria_4095.jpeg,1,pneumonia_person_1565,2.3,Male,102.3,94.7
train_0_NORMAL2-IM-0904-0001.jpeg,0,train_NORMAL_NORMAL2-IM-0904-0001,2.2,Male,99.2,97.5
test_1_person109_bacteria_528.jpeg,1,pneumonia_person_109,4.4,Female,100.6,95.7
train_0_NORMAL2-IM-0577-0001.jpeg,0,train_NORMAL_NORMAL2-IM-0577-0001,3.5,Male,98.9,97.3
train_0_NORMAL2-IM-0475-0001.jpeg,0,train_NORMAL_NORMAL2-IM-0475-0001,1.0,Female,97.9,98.5
train_1_person1040_virus_1735.jpeg,1,pneumonia_person_1040,1.4,Female,98.7,90.8
train_1_person740_bacteria_2643.jpeg,1,pneumonia_person_740,5.0,Male,101.0,94.9
train_0_NORMAL2-IM-0555-0001.jpeg,0,train_NORMAL_NORMAL2-IM-0555-0001,3.5,Female,98.2,96.7
train_1_person1343_bacteria_3415.jpeg,1,pneumonia_person_1343,2.0,Female,98.8,92.8
train_0_NORMAL2-IM-1132-0001.jpeg,0,train_NORMAL_NORMAL2-IM-1132-0001,2.8,Male,98.7,97.6
train_1_person364_bacteria_1657.jpeg,1,pneumonia_person_364,3.0,Male,102.3,95.0
train_1_person88_virus_164.jpeg,1,pneumonia_person_88,4.0,Male,98.3,93.2
test_1_person1625_virus_2817.jpeg,1,pneumonia_person_1625,1.2,Male,101.7,97.1
train_1_person98_virus_182.jpeg,1,pneumonia_person_98,1.9,Male,97.1,97.9
train_0_IM-0514-0001.jpeg,0,train_NORMAL_IM-0514-0001,3.4,Male,98.1,98.3
test_1_person108_bacteria_504.jpeg,1,pneumonia_person_108,2.9,Female,102.8,94.1
val_0_NORMAL2-IM-1442-0001.jpeg,0,val_NORMAL_NORMAL2-IM-1442-0001,3.7,Male,98.4,97.9
train_1_person50_bacteria_238.jpeg,1,pneumonia_person_50,1.4,Male,100.5,94.1
train_1_person1690_bacteria_4475.jpeg,1,pneumonia_person_1690,3.5,Male,101.4,92.3
train_1_person441_bacteria_1905.jpeg,1,pneumonia_person_441,4.4,Female,98.2,91.8
train_1_person1486_bacteria_3884.jpeg,1,pneumonia_person_1486,3.6,Male,100.5,91.7
train_1_person1698_bacteria_4497.jpeg,1,pneumonia_person_1698,3.2,Male,100.5,93.5
train_1_person281_bacteria_1326.jpeg,1,pneumonia_person_281,2.9,Male,102.8,94.7
train_1_person1220_virus_2068.jpeg,1,pneumonia_person_1220,1.9,Male,98.8,90.0
train_1_person1864_bacteria_4736.jpeg,1,pneumonia_person_1864,2.9,Male,99.9,92.4
train_1_person409_virus_816.jpeg,1,pneumonia_person_409,4.6,Female,99.2,94.0
train_1_person1082_bacteria_3022.jpeg,1,pneumonia_person_1082,2.8,Female,99.1,95.1
train_1_person931_virus_1592.jpeg,1,pneumonia_person_931,1.8,Male,101.9,93.4
train_1_person426_bacteria_1861.jpeg,1,pneumonia_person_426,2.4,Male,100.4,94.1
train_0_IM-0432-0001.jpeg,0,train_NORMAL_IM-0432-0001,3.3,Male,98.3,96.9
train_1_person1481_bacteria_3867.jpeg,1,pneumonia_person_1481,2.5,Male,99.7,91.2
train_1_person933_virus_1594.jpeg,1,pneumonia_person_933,3.6,Male,99.7,93.3
test_1_person1656_virus_2862.jpeg,1,pneumonia_person_1656,3.7,Female,99.8,94.8
train_1_person1043_virus_1738.jpeg,1,pneumonia_person_1043,4.2,Male,98.8,94.1
train_0_IM-0399-0001.jpeg,0,train_NORMAL_IM-0399-0001,4.9,Male,97.6,99.7
train_1_person90_virus_169.jpeg,1,pneumonia_person_90,4.3,Male,99.9,92.9
train_1_person372_virus_755.jpeg,1,pneumonia_person_372,1.8,Female,99.4,97.3
train_1_person275_bacteria_1294.jpeg,1,pneumonia_person_275,1.8,Female,100.6,94.9
test_1_person54_virus_109.jpeg,1,pneumonia_person_54,2.9,Male,100.7,93.1
train_0_IM-0467-0001-0001.jpeg,0,train_NORMAL_IM-0467-0001-0001,2.4,Male,98.7,97.4
train_1_person1607_virus_2785.jpeg,1,pneumonia_person_1607,1.5,Female,100.2,91.7
train_1_person533_bacteria_2250.jpeg,1,pneumonia_person_533,2.4,Female,103.2,93.5
train_0_IM-0548-0001.jpeg,0,train_NORMAL_IM-0548-0001,2.4,Female,98.8,98.2
train_0_NORMAL2-IM-1102-0001-0001.jpeg,0,train_NORMAL_NORMAL2-IM-1102-0001-0001,2.1,Female,98.3,99.0
train_1_person51_bacteria_247.jpeg,1,pneumonia_person_51,2.6,Female,99.2,94.5
train_1_person22_bacteria_76.jpeg,1,pneumonia_person_22,4.5,Male,99.0,92.6
train_1_person779_bacteria_2683.jpeg,1,pneumonia_person_779,3.3,Female,101.8,92.2
train_1_person658_bacteria_2550.jpeg,1,pneumonia_person_658,5.0,Male,99.9,98.6
train_1_person1684_bacteria_4463.jpeg,1,pneumonia_person_1684,3.2,Male,100.7,92.1
train_1_person1582_bacteria_4137.jpeg,1,pneumonia_person_1582,2.6,Male,103.0,90.3
train_1_person652_virus_1234.jpeg,1,pneumonia_person_652,3.0,Male,100.4,89.4
train_1_person1708_bacteria_4521.jpeg,1,pneumonia_person_1708,3.3,Male,101.3,92.6
train_0_IM-0333-0001.jpeg,0,train_NORMAL_IM-0333-0001,3.6,Male,97.5,98.3
train_1_person901_virus_1555.jpeg,1,pneumonia_person_901,5.0,Male,99.6,92.1
train_1_person1310_virus_2255.jpeg,1,pneumonia_person_1310,1.9,Female,101.8,97.2
test_1_person136_bacteria_649.jpeg,1,pneumonia_person_136,4.1,Female,99.3,93.5
train_0_IM-0750-0001.jpeg,0,train_NORMAL_IM-0750-0001,3.3,Male,98.3,97.8
train_1_person501_bacteria_2114.jpeg,1,pneumonia_person_501,1.0,Female,99.6,91.6
train_0_NORMAL2-IM-0807-0001.jpeg,0,train_NORMAL_NORMAL2-IM-0807-0001,4.0,Male,98.1,98.9
test_0_IM-0011-0001.jpeg,0,test_NORMAL_IM-0011-0001,4.6,Female,97.9,98.5
train_1_person402_virus_801.jpeg,1,pneumonia_person_402,1.9,Female,99.2,94.7
train_1_person1127_bacteria_3068.jpeg,1,pneumonia_person_1127,3.0,Female,99.8,93.1
test_1_person131_bacteria_629.jpeg,1,pneumonia_person_131,1.0,Male,97.2,94.2
test_1_person158_bacteria_742.jpeg,1,pneumonia_person_158,1.4,Female,100.1,95.0
train_1_person1936_bacteria_4852.jpeg,1,pneumonia_person_1936,4.4,Male,99.7,89.9
train_1_person349_bacteria_1605.jpeg,1,pneumonia_person_349,2.4,Female,101.4,92.6
train_0_IM-0421-0001.jpeg,0,train_NORMAL_IM-0421-0001,1.6,Female,98.2,98.1
train_1_person1472_bacteria_3834.jpeg,1,pneumonia_person_1472,3.3,Male,99.5,92.3
train_1_person258_virus_539.jpeg,1,pneumonia_person_258,2.3,Male,99.8,94.5
train_0_NORMAL2-IM-1220-0001.jpeg,0,train_NORMAL_NORMAL2-IM-1220-0001,2.4,Male,97.7,98.9
train_1_person1099_bacteria_3040.jpeg,1,pneumonia_person_1099,4.0,Female,102.3,88.5
train_1_person419_bacteria_1844.jpeg,1,pneumonia_person_419,1.5,Female,99.3,92.9
train_1_person1114_bacteria_3055.jpeg,1,pneumonia_person_1114,1.8,Female,99.5,90.8
test_1_person94_bacteria_457.jpeg,1,pneumonia_person_94,3.2,Female,98.9,94.7
train_1_person255_bacteria_1182.jpeg,1,pneumonia_person_255,4.3,Female,98.5,95.5
train_1_person519_virus_1038.jpeg,1,pneumonia_person_519,4.6,Female,100.8,88.1
train_0_IM-0294-0001.jpeg,0,train_NORMAL_IM-0294-0001,2.1,Male,98.0,96.4
train_1_person492_bacteria_2084.jpeg,1,pneumonia_person_492,4.2,Female,102.1,94.4
train_0_NORMAL2-IM-0418-0001.jpeg,0,train_NORMAL_NORMAL2-IM-0418-0001,2.0,Male,98.6,96.3
train_1_person31_bacteria_161.jpeg,1,pneumonia_person_31,5.0,Female,103.5,95.5
train_1_person512_virus_1029.jpeg,1,pneumonia_person_512,1.5,Female,100.3,96.1
train_1_person1205_bacteria_3157.jpeg,1,pneumonia_person_1205,4.7,Male,100.1,93.1
train_0_NORMAL2-IM-0981-0001.jpeg,0,train_NORMAL_NORMAL2-IM-0981-0001,2.1,Female,98.3,95.9
train_1_person907_bacteria_2832.jpeg,1,pneumonia_person_907,5.0,Male,101.3,87.7
train_1_person1320_bacteria_3348.jpeg,1,pneumonia_person_1320,3.8,Female,100.6,95.5
train_0_IM-0531-0001.jpeg,0,train_NORMAL_IM-0531-0001,1.7,Male,99.0,96.8
train_0_NORMAL2-IM-0954-0001.jpeg,0,train_NORMAL_NORMAL2-IM-0954-0001,2.3,Male,98.4,98.1
train_1_person570_virus_1112.jpeg,1,pneumonia_person_570,4.0,Female,100.9,93.0
train_1_person1449_bacteria_3747.jpeg,1,pneumonia_person_1449,4.4,Male,100.7,90.8
train_1_person402_bacteria_1812.jpeg,1,pneumonia_person_402,2.9,Female,100.6,95.6
train_0_NORMAL2-IM-0829-0001.jpeg,0,train_NORMAL_NORMAL2-IM-0829-0001,3.1,Male,97.6,97.9
train_1_person1408_bacteria_3579.jpeg,1,pneumonia_person_1408,4.0,Male,101.9,94.7
train_1_person1184_virus_2019.jpeg,1,pneumonia_person_1184,3.2,Male,103.1,94.3
train_1_person26_bacteria_128.jpeg,1,pneumonia_person_26,1.3,Male,99.0,93.7
train_1_person750_bacteria_2653.jpeg,1,pneumonia_person_750,1.9,Male,101.3,96.1
train_1_person952_bacteria_2877.jpeg,1,pneumonia_person_952,3.3,Female,96.7,96.2
train_0_IM-0133-0001.jpeg,0,train_NORMAL_IM-0133-0001,4.6,Female,98.7,99.1
train_1_person930_bacteria_2855.jpeg,1,pneumonia_person_930,5.0,Female,98.0,91.2
train_1_person1258_bacteria_3216.jpeg,1,pneumonia_person_1258,4.0,Male,99.7,87.3
train_1_person402_bacteria_1810.jpeg,1,pneumonia_person_402,3.4,Female,98.7,92.6
train_0_IM-0525-0001-0001.jpeg,0,train_NORMAL_IM-0525-0001-0001,4.0,Female,98.9,96.0
train_1_person1677_bacteria_4444.jpeg,1,pneumonia_person_1677,2.1,Female,101.5,94.5
train_1_person274_bacteria_1289.jpeg,1,pneumonia_person_274,2.8,Female,98.0,92.7
train_1_person814_bacteria_2725.jpeg,1,pneumonia_person_814,1.9,Male,99.9,92.9
train_1_person734_virus_1355.jpeg,1,pneumonia_person_734,1.4,Male,99.7,95.5
test_1_person161_bacteria_759.jpeg,1,pneumonia_person_161,3.4,Female,102.5,94.5
train_1_person294_bacteria_1384.jpeg,1,pneumonia_person_294,3.2,Female,101.0,93.2
train_1_person124_virus_251.jpeg,1,pneumonia_person_124,3.9,Female,98.9,97.7
train_1_person583_bacteria_2409.jpeg,1,pneumonia_person_583,3.7,Female,99.8,95.3
train_0_IM-0722-0001.jpeg,0,train_NORMAL_IM-0722-0001,3.3,Female,99.0,99.0
train_1_person489_bacteria_2067.jpeg,1,pneumonia_person_489,3.7,Male,101.3,92.6
train_1_person1518_virus_2645.jpeg,1,pneumonia_person_1518,2.9,Male,99.2,95.5
train_1_person1284_virus_2207.jpeg,1,pneumonia_person_1284,3.5,Male,100.1,94.0
train_0_NORMAL2-IM-0832-0001-0002.jpeg,0,train_NORMAL_NORMAL2-IM-0832-0001-0002,2.1,Female,98.8,99.6
train_0_NORMAL2-IM-0474-0001.jpeg,0,train_NORMAL_NORMAL2-IM-0474-0001,3.5,Female,98.4,97.5
train_0_NORMAL2-IM-0686-0001.jpeg,0,train_NORMAL_NORMAL2-IM-0686-0001,3.9,Male,97.8,97.7
train_0_IM-0315-0001.jpeg,0,train_NORMAL_IM-0315-0001,2.1,Female,98.3,97.5
train_1_person963_virus_1636.jpeg,1,pneumonia_person_963,3.1,Female,102.2,97.4
test_1_person130_bacteria_623.jpeg,1,pneumonia_person_130,2.2,Female,99.9,98.7
train_1_person1501_virus_2611.jpeg,1,pneumonia_person_1501,2.3,Female,100.3,97.8
train_0_NORMAL2-IM-0830-0001.jpeg,0,train_NORMAL_NORMAL2-IM-0830-0001,1.5,Female,99.4,97.5
test_1_person109_bacteria_513.jpeg,1,pneumonia_person_109,4.6,Female,103.3,93.0
train_1_person1255_virus_2132.jpeg,1,pneumonia_person_1255,4.4,Male,100.4,88.9
train_1_person956_virus_1628.jpeg,1,pneumonia_person_956,3.7,Male,101.8,93.5
train_1_person1108_bacteria_3049.jpeg,1,pneumonia_person_1108,5.0,Female,99.6,94.8
train_1_person309_bacteria_1449.jpeg,1,pneumonia_person_309,2.8,Male,100.1,93.6
train_1_person45_bacteria_221.jpeg,1,pneumonia_person_45,5.0,Female,100.4,88.8
test_1_person121_bacteria_576.jpeg,1,pneumonia_person_121,2.7,Female,99.4,92.8
train_0_IM-0409-0001.jpeg,0,train_NORMAL_IM-0409-0001,3.3,Female,98.2,96.3
train_1_person1259_virus_2139.jpeg,1,pneumonia_person_1259,2.5,Male,101.6,90.9
train_1_person429_virus_877.jpeg,1,pneumonia_person_429,3.5,Female,99.4,93.9
train_1_person402_virus_799.jpeg,1,pneumonia_person_402,4.1,Male,100.4,94.6
train_1_person1361_virus_2342.jpeg,1,pneumonia_person_1361,2.9,Female,101.3,96.3
train_1_person298_bacteria_1410.jpeg,1,pneumonia_person_298,5.0,Female,99.3,97.8
train_1_person1333_bacteria_3385.jpeg,1,pneumonia_person_1333,3.3,Female,101.8,92.6
train_1_person780_virus_1411.jpeg,1,pneumonia_person_780,3.4,Female,100.5,94.0
train_0_IM-0149-0001.jpeg,0,train_NORMAL_IM-0149-0001,1.8,Male,98.0,100.0
train_1_person73_bacteria_360.jpeg,1,pneumonia_person_73,3.5,Male,97.8,95.1
train_1_person1308_bacteria_3290.jpeg,1,pneumonia_person_1308,2.8,Female,99.9,94.8
test_1_person100_bacteria_477.jpeg,1,pneumonia_person_100,2.2,Male,100.9,97.1
train_1_person1709_bacteria_4524.jpeg,1,pneumonia_person_1709,2.0,Male,102.7,87.7
train_0_IM-0569-0001.jpeg,0,train_NORMAL_IM-0569-0001,5.0,Female,97.6,96.8
train_1_person778_bacteria_2682.jpeg,1,pneumonia_person_778,2.7,Female,101.9,94.7
train_1_person1473_bacteria_3836.jpeg,1,pneumonia_person_1473,1.1,Female,98.8,92.9
train_0_IM-0581-0001.jpeg,0,train_NORMAL_IM-0581-0001,2.1,Female,97.6,98.0
train_0_IM-0471-0001.jpeg,0,train_NORMAL_IM-0471-0001,2.9,Male,97.6,96.4
train_1_person1294_virus_2221.jpeg,1,pneumonia_person_1294,3.7,Female,99.2,91.7
train_0_IM-0605-0001.jpeg,0,train_NORMAL_IM-0605-0001,3.7,Female,98.0,96.7
train_0_NORMAL2-IM-1191-0001.jpeg,0,train_NORMAL_NORMAL2-IM-1191-0001,3.9,Male,98.4,98.1
train_1_person1411_virus_2415.jpeg,1,pneumonia_person_1411,2.2,Male,100.8,91.5
train_1_person1506_bacteria_3933.jpeg,1,pneumonia_person_1506,3.4,Female,100.0,88.4
test_0_NORMAL2-IM-0012-0001.jpeg,0,test_NORMAL_NORMAL2-IM-0012-0001,1.9,Female,98.7,100.0
train_1_person1493_bacteria_3896.jpeg,1,pneumonia_person_1493,2.2,Male,102.7,95.2
train_0_NORMAL2-IM-0416-0001-0002.jpeg,0,train_NORMAL_NORMAL2-IM-0416-0001-0002,1.8,Male,98.6,97.8
train_0_NORMAL2-IM-1287-0001.jpeg,0,train_NORMAL_NORMAL2-IM-1287-0001,1.5,Male,98.2,98.6
train_1_person446_bacteria_1931.jpeg,1,pneumonia_person_446,4.4,Male,99.9,92.6
test_1_person161_bacteria_757.jpeg,1,pneumonia_person_161,3.9,Male,100.4,96.2
train_0_NORMAL2-IM-1178-0001.jpeg,0,train_NORMAL_NORMAL2-IM-1178-0001,4.3,Female,97.1,98.2
train_1_person162_virus_320.jpeg,1,pneumonia_person_162,3.1,Female,100.9,89.4
test_0_NORMAL2-IM-0294-0001.jpeg,0,test_NORMAL_NORMAL2-IM-0294-0001,4.0,Male,98.5,98.2
train_1_person530_bacteria_2233.jpeg,1,pneumonia_person_530,1.0,Male,99.4,98.6
train_1_person1311_bacteria_3312.jpeg,1,pneumonia_person_1311,4.1,Male,98.5,95.8
train_1_person1168_bacteria_3114.jpeg,1,pneumonia_person_1168,3.2,Female,100.5,90.3
train_0_NORMAL2-IM-0537-0001.jpeg,0,train_NORMAL_NORMAL2-IM-0537-0001,3.8,Female,97.8,97.4
train_0_IM-0410-0001.jpeg,0,train_NORMAL_IM-0410-0001,3.5,Male,98.7,98.1
train_1_person510_bacteria_2149.jpeg,1,pneumonia_person_510,1.7,Male,99.7,90.6
train_1_person671_bacteria_2564.jpeg,1,pneumonia_person_671,1.1,Female,101.0,92.7
train_1_person1500_bacteria_3916.jpeg,1,pneumonia_person_1500,2.1,Female,103.0,93.4
train_1_person1648_bacteria_4375.jpeg,1,pneumonia_person_1648,3.7,Female,97.9,93.3
train_1_person977_bacteria_2902.jpeg,1,pneumonia_person_977,3.9,Male,103.4,96.3
train_1_person1488_virus_2585.jpeg,1,pneumonia_person_1488,1.2,Female,100.1,98.1
train_1_person1179_bacteria_3127.jpeg,1,pneumonia_person_1179,1.7,Female,100.9,92.3
train_1_person442_virus_900.jpeg,1,pneumonia_person_442,2.1,Female,98.6,90.7
train_1_person315_bacteria_1466.jpeg,1,pneumonia_person_315,2.5,Male,101.7,94.5
train_0_NORMAL2-IM-0410-0001.jpeg,0,train_NORMAL_NORMAL2-IM-0410-0001,1.2,Female,98.3,97.3
test_0_NORMAL2-IM-0102-0001.jpeg,0,test_NORMAL_NORMAL2-IM-0102-0001,1.2,Male,97.7,96.9
test_1_person96_bacteria_465.jpeg,1,pneumonia_person_96,1.9,Female,97.9,95.6
train_0_IM-0649-0001.jpeg,0,train_NORMAL_IM-0649-0001,3.1,Female,98.2,97.7
train_0_IM-0221-0001.jpeg,0,train_NORMAL_IM-0221-0001,1.5,Female,97.7,96.5
train_0_NORMAL2-IM-0487-0001.jpeg,0,train_NORMAL_NORMAL2-IM-0487-0001,2.8,Female,98.6,96.6
train_0_NORMAL2-IM-0601-0001.jpeg,0,train_NORMAL_NORMAL2-IM-0601-0001,4.4,Male,98.1,98.3
train_1_person1308_bacteria_3283.jpeg,1,pneumonia_person_1308,1.3,Female,101.9,93.2
train_1_person23_bacteria_81.jpeg,1,pneumonia_person_23,2.7,Male,99.6,95.0
train_1_person647_virus_1228.jpeg,1,pneumonia_person_647,4.3,Male,102.5,97.9
train_1_person257_bacteria_1197.jpeg,1,pneumonia_person_257,2.5,Female,100.5,92.5
train_1_person1180_virus_2011.jpeg,1,pneumonia_person_1180,2.3,Female,100.5,88.5
train_1_person1180_virus_2012.jpeg,1,pneumonia_person_1180,4.5,Male,100.5,93.0
train_0_IM-0131-0001.jpeg,0,train_NORMAL_IM-0131-0001,2.6,Female,98.5,98.6
train_1_person472_bacteria_2014.jpeg,1,pneumonia_person_472,4.4,Female,97.0,94.0
train_1_person669_bacteria_2561.jpeg,1,pneumonia_person_669,3.6,Male,100.2,93.1
train_1_person711_virus_1309.jpeg,1,pneumonia_person_711,2.6,Female,98.6,97.2
test_1_person143_bacteria_688.jpeg,1,pneumonia_person_143,3.6,Female,102.5,93.8
test_1_person144_bacteria_690.jpeg,1,pneumonia_person_144,3.4,Male,102.5,93.2
test_0_NORMAL2-IM-0098-0001.jpeg,0,test_NORMAL_NORMAL2-IM-0098-0001,4.3,Female,98.2,97.3
train_1_person392_bacteria_1787.jpeg,1,pneumonia_person_392,2.3,Female,100.1,89.1
train_0_NORMAL2-IM-0992-0001.jpeg,0,train_NORMAL_NORMAL2-IM-0992-0001,3.1,Female,99.0,98.8
train_1_person348_virus_723.jpeg,1,pneumonia_person_348,2.9,Female,99.5,94.1
test_1_person1614_virus_2800.jpeg,1,pneumonia_person_1614,3.9,Female,102.9,90.9
train_0_NORMAL2-IM-1307-0001.jpeg,0,train_NORMAL_NORMAL2-IM-1307-0001,1.7,Female,97.4,96.5
train_1_person605_virus_1166.jpeg,1,pneumonia_person_605,4.3,Female,97.3,93.1
train_0_IM-0608-0001.jpeg,0,train_NORMAL_IM-0608-0001,3.6,Female,97.9,98.3
train_1_person426_bacteria_1863.jpeg,1,pneumonia_person_426,1.3,Female,102.4,91.5
train_1_person377_virus_760.jpeg,1,pneumonia_person_377,4.6,Female,102.6,94.5
train_1_person624_virus_1198.jpeg,1,pneumonia_person_624,5.0,Female,101.7,92.9
train_1_person712_bacteria_2613.jpeg,1,pneumonia_person_712,4.3,Female,102.0,92.0
train_1_person30_bacteria_153.jpeg,1,pneumonia_person_30,4.9,Female,100.5,91.3
train_1_person576_virus_1120.jpeg,1,pneumonia_person_576,3.1,Female,97.7,93.2
test_1_person1670_virus_2886.jpeg,1,pneumonia_person_1670,1.0,Male,100.4,95.8
train_0_IM-0185-0001.jpeg,0,train_NORMAL_IM-0185-0001,1.0,Male,98.3,98.1
train_1_person841_bacteria_2760.jpeg,1,pneumonia_person_841,3.3,Female,100.2,92.9
train_0_NORMAL2-IM-1269-0001.jpeg,0,train_NORMAL_NORMAL2-IM-1269-0001,2.2,Female,98.0,99.0
train_1_person1333_virus_2301.jpeg,1,pneumonia_person_1333,1.8,Male,99.1,96.9
train_0_NORMAL2-IM-0535-0001-0002.jpeg,0,train_NORMAL_NORMAL2-IM-0535-0001-0002,2.9,Female,98.6,97.8
train_1_person1143_virus_1896.jpeg,1,pneumonia_person_1143,3.8,Male,102.8,94.2
train_1_person1700_bacteria_4502.jpeg,1,pneumonia_person_1700,1.1,Male,102.8,95.1
train_1_person428_bacteria_1869.jpeg,1,pneumonia_person_428,2.4,Male,100.4,93.1
train_1_person634_bacteria_2525.jpeg,1,pneumonia_person_634,5.0,Male,100.8,94.0
train_1_person913_bacteria_2838.jpeg,1,pneumonia_person_913,1.6,Female,99.1,92.3
train_1_person674_bacteria_2568.jpeg,1,pneumonia_person_674,4.1,Female,101.2,89.6
train_1_person388_virus_775.jpeg,1,pneumonia_person_388,2.4,Male,102.7,94.4
train_1_person1345_bacteria_3422.jpeg,1,pneumonia_person_1345,3.7,Male,98.4,94.4
train_1_person1597_bacteria_4188.jpeg,1,pneumonia_person_1597,4.4,Male,101.0,92.8
train_1_person469_bacteria_1992.jpeg,1,pneumonia_person_469,4.0,Female,101.1,96.1
test_0_IM-0011-0001-0002.jpeg,0,test_NORMAL_IM-0011-0001-0002,4.2,Male,97.6,99.3
train_0_NORMAL2-IM-0687-0001.jpeg,0,train_NORMAL_NORMAL2-IM-0687-0001,1.5,Male,99.1,96.9
train_0_IM-0707-0001.jpeg,0,train_NORMAL_IM-0707-0001,4.4,Male,98.0,98.4
test_0_NORMAL2-IM-0279-0001.jpeg,0,test_NORMAL_NORMAL2-IM-0279-0001,1.9,Male,99.1,97.1
train_0_NORMAL2-IM-0555-0001-0001.jpeg,0,train_NORMAL_NORMAL2-IM-0555-0001-0001,3.3,Female,98.1,98.2
train_1_person1158_virus_1941.jpeg,1,pneumonia_person_1158,3.3,Female,100.5,91.6
test_0_NORMAL2-IM-0368-0001.jpeg,0,test_NORMAL_NORMAL2-IM-0368-0001,3.6,Male,99.0,96.6
train_1_person376_bacteria_1715.jpeg,1,pneumonia_person_376,3.4,Male,100.8,95.9
train_1_person1609_bacteria_4239.jpeg,1,pneumonia_person_1609,1.9,Female,101.3,91.2
train_1_person837_virus_1475.jpeg,1,pneumonia_person_837,1.2,Male,100.7,91.5
train_1_person727_virus_1347.jpeg,1,pneumonia_person_727,4.1,Female,99.3,94.8
train_1_person1725_bacteria_4551.jpeg,1,pneumonia_person_1725,3.2,Female,99.8,95.9
train_1_person1180_virus_2007.jpeg,1,pneumonia_person_1180,4.5,Male,99.8,88.5
train_0_NORMAL2-IM-1332-0001.jpeg,0,train_NORMAL_NORMAL2-IM-1332-0001,2.9,Female,98.0,98.7
train_1_person1141_virus_1890.jpeg,1,pneumonia_person_1141,1.2,Female,100.8,88.0
train_1_person1342_bacteria_3407.jpeg,1,pneumonia_person_1342,4.3,Male,100.9,92.1
train_1_person53_bacteria_255.jpeg,1,pneumonia_person_53,2.5,Female,101.7,96.2
train_0_NORMAL2-IM-1256-0001.jpeg,0,train_NORMAL_NORMAL2-IM-1256-0001,3.4,Female,98.2,98.2
train_0_IM-0220-0001.jpeg,0,train_NORMAL_IM-0220-0001,2.2,Female,98.0,96.7
train_0_NORMAL2-IM-0647-0001.jpeg,0,train_NORMAL_NORMAL2-IM-0647-0001,5.0,Female,99.7,98.3
train_1_person1058_virus_1757.jpeg,1,pneumonia_person_1058,1.9,Female,100.2,92.2
train_0_NORMAL2-IM-0961-0001.jpeg,0,train_NORMAL_NORMAL2-IM-0961-0001,2.6,Female,98.2,99.0
train_0_IM-0122-0001.jpeg,0,train_NORMAL_IM-0122-0001,3.1,Female,98.1,98.9
train_1_person321_bacteria_1485.jpeg,1,pneumonia_person_321,1.6,Male,101.9,91.2
train_1_person441_bacteria_1915.jpeg,1,pneumonia_person_441,3.4,Female,101.9,92.4
train_1_person253_bacteria_1152.jpeg,1,pneumonia_person_253,5.0,Male,101.8,94.5
train_0_NORMAL2-IM-0867-0001.jpeg,0,train_NORMAL_NORMAL2-IM-0867-0001,2.4,Female,98.5,96.4
train_1_person41_bacteria_208.jpeg,1,pneumonia_person_41,3.5,Female,99.3,91.3
test_1_person45_virus_95.jpeg,1,pneumonia_person_45,1.0,Male,102.9,91.8
train_1_person1015_virus_1702.jpeg,1,pneumonia_person_1015,2.9,Female,101.5,92.5
train_0_NORMAL2-IM-0925-0001.jpeg,0,train_NORMAL_NORMAL2-IM-0925-0001,2.6,Female,98.5,97.3
train_1_person383_bacteria_1749.jpeg,1,pneumonia_person_383,1.9,Male,102.3,91.7
train_1_person263_bacteria_1227.jpeg,1,pneumonia_person_263,4.4,Female,99.7,95.1
test_1_person119_bacteria_566.jpeg,1,pneumonia_person_119,2.6,Female,102.2,92.9
train_0_IM-0164-0001.jpeg,0,train_NORMAL_IM-0164-0001,2.8,Female,98.0,97.4
test_1_person1680_virus_2897.jpeg,1,pneumonia_person_1680,2.5,Male,99.2,96.1
test_0_NORMAL2-IM-0276-0001.jpeg,0,test_NORMAL_NORMAL2-IM-0276-0001,1.0,Female,97.7,97.4
train_1_person543_bacteria_2281.jpeg,1,pneumonia_person_543,1.5,Female,101.4,90.0
train_1_person23_bacteria_92.jpeg,1,pneumonia_person_23,4.2,Male,103.8,92.6
test_0_NORMAL2-IM-0345-0001.jpeg,0,test_NORMAL_NORMAL2-IM-0345-0001,1.0,Female,99.4,98.2
train_0_NORMAL2-IM-0827-0001.jpeg,0,train_NORMAL_NORMAL2-IM-0827-0001,2.0,Female,98.0,97.1
train_0_NORMAL2-IM-1113-0001.jpeg,0,train_NORMAL_NORMAL2-IM-1113-0001,2.5,Female,98.5,98.7
train_1_person382_bacteria_1737.jpeg,1,pneumonia_person_382,5.0,Male,98.8,93.3
train_1_person1145_virus_1905.jpeg,1,pneumonia_person_1145,4.0,Female,100.2,93.0
train_1_person1340_virus_2311.jpeg,1,pneumonia_person_1340,2.3,Female,100.4,89.8
train_1_person28_bacteria_143.jpeg,1,pneumonia_person_28,4.7,Male,99.0,97.0
train_1_person332_bacteria_1537.jpeg,1,pneumonia_person_332,2.0,Male,100.8,95.2
train_0_IM-0338-0001.jpeg,0,train_NORMAL_IM-0338-0001,4.3,Female,98.6,97.2
train_1_person763_virus_1391.jpeg,1,pneumonia_person_763,1.2,Female,100.7,94.0
train_1_person368_bacteria_1668.jpeg,1,pneumonia_person_368,4.4,Male,99.7,95.9
train_1_person296_bacteria_1397.jpeg,1,pneumonia_person_296,2.5,Female,100.2,93.6
train_0_NORMAL2-IM-1067-0001.jpeg,0,train_NORMAL_NORMAL2-IM-1067-0001,1.7,Female,97.9,98.1
train_1_person816_bacteria_2727.jpeg,1,pneumonia_person_816,2.7,Male,100.7,100.0
train_1_person1541_virus_2681.jpeg,1,pneumonia_person_1541,3.4,Female,101.8,93.2
train_1_person545_virus_1081.jpeg,1,pneumonia_person_545,2.4,Female,100.8,92.0
train_1_person1460_virus_2507.jpeg,1,pneumonia_person_1460,3.7,Male,98.6,91.0
train_1_person959_bacteria_2884.jpeg,1,pneumonia_person_959,2.2,Male,99.7,88.0
train_0_NORMAL2-IM-1333-0001.jpeg,0,train_NORMAL_NORMAL2-IM-1333-0001,3.8,Male,97.4,97.9
train_0_NORMAL2-IM-1017-0001.jpeg,0,train_NORMAL_NORMAL2-IM-1017-0001,3.6,Female,98.1,98.3
train_1_person1056_virus_1755.jpeg,1,pneumonia_person_1056,2.9,Male,102.1,95.7
train_1_person1649_bacteria_4378.jpeg,1,pneumonia_person_1649,2.4,Female,102.7,96.2
train_1_person882_bacteria_2806.jpeg,1,pneumonia_person_882,3.2,Male,100.6,90.8
train_0_NORMAL2-IM-0569-0001.jpeg,0,train_NORMAL_NORMAL2-IM-0569-0001,3.7,Male,98.4,98.7
train_1_person936_virus_1598.jpeg,1,pneumonia_person_936,5.0,Male,98.5,97.9
train_0_IM-0627-0001.jpeg,0,train_NORMAL_IM-0627-0001,4.2,Female,97.0,97.4
train_1_person413_bacteria_1829.jpeg,1,pneumonia_person_413,4.3,Female,99.0,91.8
train_1_person1716_bacteria_4533.jpeg,1,pneumonia_person_1716,5.0,Male,100.3,90.9
train_0_IM-0127-0001.jpeg,0,train_NORMAL_IM-0127-0001,3.7,Female,97.5,99.1
train_1_person1312_bacteria_3319.jpeg,1,pneumonia_person_1312,3.6,Female,100.8,97.3
train_1_person419_bacteria_1845.jpeg,1,pneumonia_person_419,3.9,Female,99.3,95.2
train_1_person1152_virus_1930.jpeg,1,pneumonia_person_1152,1.7,Male,100.9,94.0
train_0_NORMAL2-IM-1162-0001.jpeg,0,train_NORMAL_NORMAL2-IM-1162-0001,2.4,Female,98.1,97.1
train_1_person1735_bacteria_4570.jpeg,1,pneumonia_person_1735,2.3,Female,99.2,97.0
train_1_person863_virus_1508.jpeg,1,pneumonia_person_863,3.8,Female,103.1,94.3
train_1_person1220_bacteria_3174.jpeg,1,pneumonia_person_1220,2.8,Female,101.8,100.0
train_1_person1402_virus_2405.jpeg,1,pneumonia_person_1402,3.2,Male,100.8,92.9
train_1_person1576_virus_2734.jpeg,1,pneumonia_person_1576,4.4,Female,99.9,96.2
train_1_person563_bacteria_2338.jpeg,1,pneumonia_person_563,4.1,Female,100.0,92.5
train_0_NORMAL2-IM-1338-0001.jpeg,0,train_NORMAL_NORMAL2-IM-1338-0001,2.8,Female,97.8,98.7
train_1_person304_virus_625.jpeg,1,pneumonia_person_304,2.1,Female,100.8,92.9
train_1_person464_virus_954.jpeg,1,pneumonia_person_464,4.5,Male,96.4,94.7
train_1_person1339_bacteria_3402.jpeg,1,pneumonia_person_1339,4.0,Female,103.5,99.5
train_1_person626_bacteria_2502.jpeg,1,pneumonia_person_626,1.0,Male,100.6,95.9
train_1_person299_bacteria_1419.jpeg,1,pneumonia_person_299,2.6,Female,100.8,94.7
train_1_person806_virus_1440.jpeg,1,pneumonia_person_806,3.2,Female,101.8,91.6
test_0_IM-0110-0001.jpeg,0,test_NORMAL_IM-0110-0001,4.0,Female,98.1,97.4
train_1_person732_bacteria_2634.jpeg,1,pneumonia_person_732,4.2,Male,101.4,91.0
train_0_IM-0297-0001.jpeg,0,train_NORMAL_IM-0297-0001,3.4,Female,98.1,97.8
train_1_person322_virus_655.jpeg,1,pneumonia_person_322,3.8,Male,98.8,95.7
train_0_IM-0158-0001.jpeg,0,train_NORMAL_IM-0158-0001,3.1,Female,98.3,97.1
train_1_person29_bacteria_144.jpeg,1,pneumonia_person_29,2.1,Female,102.3,97.7
train_1_person1527_bacteria_3989.jpeg,1,pneumonia_person_1527,2.7,Male,99.6,97.3
test_0_NORMAL2-IM-0105-0001.jpeg,0,test_NORMAL_NORMAL2-IM-0105-0001,3.0,Female,98.1,96.6
train_0_IM-0698-0001.jpeg,0,train_NORMAL_IM-0698-0001,3.0,Female,97.3,99.9
train_1_person1590_bacteria_4174.jpeg,1,pneumonia_person_1590,1.0,Male,99.8,92.0
train_0_NORMAL2-IM-0949-0001.jpeg,0,train_NORMAL_NORMAL2-IM-0949-0001,2.5,Male,97.8,98.2
train_1_person840_bacteria_2758.jpeg,1,pneumonia_person_840,3.1,Male,99.9,90.8
train_1_person1542_virus_2683.jpeg,1,pneumonia_person_1542,2.6,Male,100.3,92.3
train_1_person1454_bacteria_3779.jpeg,1,pneumonia_person_1454,2.7,Female,98.4,93.2
train_1_person495_bacteria_2094.jpeg,1,pneumonia_person_495,3.6,Female,99.7,89.3
train_1_person1548_bacteria_4048.jpeg,1,pneumonia_person_1548,1.6,Female,100.7,94.9
test_0_NORMAL2-IM-0341-0001.jpeg,0,test_NORMAL_NORMAL2-IM-0341-0001,1.0,Male,97.8,97.4
train_1_person1784_bacteria_4631.jpeg,1,pneumonia_person_1784,2.5,Female,101.9,93.5
train_0_NORMAL2-IM-1089-0001.jpeg,0,train_NORMAL_NORMAL2-IM-1089-0001,4.0,Female,99.2,97.6
train_0_NORMAL2-IM-1221-0001.jpeg,0,train_NORMAL_NORMAL2-IM-1221-0001,5.0,Female,98.5,98.3
train_1_person262_bacteria_1226.jpeg,1,pneumonia_person_262,4.0,Male,101.6,90.0
train_0_IM-0563-0001.jpeg,0,train_NORMAL_IM-0563-0001,1.1,Male,98.2,96.8
train_1_person500_bacteria_2105.jpeg,1,pneumonia_person_500,2.7,Female,99.6,97.1
train_1_person898_bacteria_2823.jpeg,1,pneumonia_person_898,3.3,Female,100.4,87.4
train_1_person1438_bacteria_3715.jpeg,1,pneumonia_person_1438,3.2,Male,101.2,91.5
train_1_person620_virus_1192.jpeg,1,pneumonia_person_620,3.7,Female,101.5,95.6
train_1_person428_virus_876.jpeg,1,pneumonia_person_428,1.8,Female,101.2,91.7
test_1_person97_bacteria_468.jpeg,1,pneumonia_person_97,3.1,Female,100.2,91.6
train_1_person1492_bacteria_3894.jpeg,1,pneumonia_person_1492,3.5,Male,101.4,98.6
train_1_person525_bacteria_2216.jpeg,1,pneumonia_person_525,4.1,Female,102.0,94.4
train_1_person662_virus_1246.jpeg,1,pneumonia_person_662,2.0,Male,101.5,95.8
train_1_person1310_bacteria_3302.jpeg,1,pneumonia_person_1310,2.6,Female,100.4,94.7
train_0_IM-0445-0001.jpeg,0,train_NORMAL_IM-0445-0001,1.0,Male,98.3,96.1
test_1_person141_bacteria_670.jpeg,1,pneumonia_person_141,2.2,Male,99.3,96.7
train_1_person940_virus_1604.jpeg,1,pneumonia_person_940,2.3,Female,99.5,98.3
train_0_IM-0172-0001.jpeg,0,train_NORMAL_IM-0172-0001,1.7,Female,98.6,97.0
test_1_person83_bacteria_409.jpeg,1,pneumonia_person_83,3.2,Female,101.1,93.4
train_0_IM-0483-0001.jpeg,0,train_NORMAL_IM-0483-0001,2.9,Female,99.9,99.2
train_1_person870_bacteria_2792.jpeg,1,pneumonia_person_870,1.0,Female,99.7,92.4
train_1_person1406_bacteria_3575.jpeg,1,pneumonia_person_1406,3.3,Female,100.7,96.0
train_1_person276_bacteria_1298.jpeg,1,pneumonia_person_276,1.8,Male,99.2,94.1
train_1_person1670_bacteria_4427.jpeg,1,pneumonia_person_1670,3.6,Female,101.0,98.3
train_1_person1345_bacteria_3426.jpeg,1,pneumonia_person_1345,1.3,Male,100.0,96.3
train_1_person1689_bacteria_4474.jpeg,1,pneumonia_person_1689,3.0,Female,99.5,96.9
train_0_IM-0612-0001-0001.jpeg,0,train_NORMAL_IM-0612-0001-0001,2.6,Male,98.9,97.9
train_0_IM-0183-0001.jpeg,0,train_NORMAL_IM-0183-0001,3.4,Male,98.2,97.4
train_1_person26_bacteria_129.jpeg,1,pneumonia_person_26,3.2,Female,99.3,91.7
train_1_person445_virus_913.jpeg,1,pneumonia_person_445,2.7,Male,100.1,96.8
train_1_person688_virus_1281.jpeg,1,pneumonia_person_688,1.0,Female,101.0,91.1
train_1_person995_bacteria_2923.jpeg,1,pneumonia_person_995,1.1,Male,99.4,91.2
train_0_NORMAL2-IM-0609-0001.jpeg,0,train_NORMAL_NORMAL2-IM-0609-0001,2.2,Male,97.6,99.0
train_1_person1668_bacteria_4421.jpeg,1,pneumonia_person_1668,3.0,Female,98.4,100.0
train_0_IM-0391-0001.jpeg,0,train_NORMAL_IM-0391-0001,2.2,Female,98.4,98.8
train_1_person1348_virus_2326.jpeg,1,pneumonia_person_1348,3.8,Female,98.7,94.8
train_1_person401_virus_795.jpeg,1,pneumonia_person_401,2.6,Female,99.9,90.6
train_1_person41_bacteria_207.jpeg,1,pneumonia_person_41,1.7,Female,102.6,95.9
train_0_NORMAL2-IM-1342-0001.jpeg,0,train_NORMAL_NORMAL2-IM-1342-0001,2.6,Male,98.9,97.7
train_1_person305_bacteria_1436.jpeg,1,pneumonia_person_305,3.3,Female,100.0,91.1
train_1_person74_bacteria_363.jpeg,1,pneumonia_person_74,3.4,Male,103.2,91.7
train_0_NORMAL2-IM-0623-0001.jpeg,0,train_NORMAL_NORMAL2-IM-0623-0001,5.0,Male,97.7,100.0
train_0_IM-0480-0001.jpeg,0,train_NORMAL_IM-0480-0001,2.1,Male,98.1,97.3
train_1_person911_bacteria_2836.jpeg,1,pneumonia_person_911,2.9,Male,100.2,97.3
train_1_person831_bacteria_2742.jpeg,1,pneumonia_person_831,3.6,Male,101.0,94.8
train_1_person123_virus_230.jpeg,1,pneumonia_person_123,3.0,Female,102.6,91.8
train_1_person659_bacteria_2551.jpeg,1,pneumonia_person_659,2.3,Male,99.7,96.0
train_1_person1520_bacteria_3971.jpeg,1,pneumonia_person_1520,1.0,Female,99.4,92.5
train_1_person752_virus_1377.jpeg,1,pneumonia_person_752,2.3,Female,98.6,92.0
train_1_person884_bacteria_2808.jpeg,1,pneumonia_person_884,1.6,Male,100.5,95.7
train_1_person1502_bacteria_3925.jpeg,1,pneumonia_person_1502,1.0,Male,98.6,87.4
train_0_IM-0604-0001.jpeg,0,train_NORMAL_IM-0604-0001,2.0,Female,98.3,99.5
train_1_person976_virus_1651.jpeg,1,pneumonia_person_976,1.6,Female,99.2,91.7
test_0_IM-0035-0001.jpeg,0,test_NORMAL_IM-0035-0001,3.8,Male,98.6,98.6
train_1_person420_bacteria_1848.jpeg,1,pneumonia_person_420,3.8,Female,99.7,98.4
train_0_NORMAL2-IM-1138-0001.jpeg,0,train_NORMAL_NORMAL2-IM-1138-0001,1.8,Male,99.1,98.8
train_0_NORMAL2-IM-1347-0001.jpeg,0,train_NORMAL_NORMAL2-IM-1347-0001,2.7,Female,98.0,96.9
train_0_NORMAL2-IM-1006-0001.jpeg,0,train_NORMAL_NORMAL2-IM-1006-0001,1.0,Male,98.7,98.6
train_1_person1233_bacteria_3188.jpeg,1,pneumonia_person_1233,2.4,Female,98.8,94.5
train_1_person1817_bacteria_4675.jpeg,1,pneumonia_person_1817,3.5,Male,99.8,92.9
train_0_NORMAL2-IM-1039-0001.jpeg,0,train_NORMAL_NORMAL2-IM-1039-0001,4.1,Male,98.2,98.9
train_1_person716_bacteria_2617.jpeg,1,pneumonia_person_716,2.1,Male,101.6,97.3
train_1_person94_virus_176.jpeg,1,pneumonia_person_94,4.4,Male,100.2,95.8
train_0_IM-0631-0001.jpeg,0,train_NORMAL_IM-0631-0001,1.0,Male,98.5,97.9
train_1_person38_bacteria_194.jpeg,1,pneumonia_person_38,1.4,Male,99.2,90.9
train_0_NORMAL2-IM-1123-0001.jpeg,0,train_NORMAL_NORMAL2-IM-1123-0001,3.9,Male,99.0,97.8
train_1_person26_bacteria_126.jpeg,1,pneumonia_person_26,5.0,Female,98.4,96.0
train_1_person630_bacteria_2512.jpeg,1,pneumonia_person_630,3.6,Female,100.1,96.4
train_1_person1068_virus_1771.jpeg,1,pneumonia_person_1068,2.9,Female,98.6,94.9
train_1_person1391_bacteria_3536.jpeg,1,pneumonia_person_1391,1.0,Male,100.7,89.5
train_0_IM-0659-0001.jpeg,0,train_NORMAL_IM-0659-0001,1.0,Male,98.6,94.8
train_1_person1507_bacteria_3942.jpeg,1,pneumonia_person_1507,3.2,Male,100.0,96.8
train_0_NORMAL2-IM-1100-0001.jpeg,0,train_NORMAL_NORMAL2-IM-1100-0001,2.5,Male,98.5,98.4
test_0_NORMAL2-IM-0241-0001.jpeg,0,test_NORMAL_NORMAL2-IM-0241-0001,1.6,Male,98.6,95.3
train_1_person442_virus_904.jpeg,1,pneumonia_person_442,3.1,Female,100.8,90.2
train_1_person712_virus_1310.jpeg,1,pneumonia_person_712,3.1,Male,101.5,95.2
train_1_person543_bacteria_2284.jpeg,1,pneumonia_person_543,4.2,Male,98.5,90.9
train_1_person509_virus_1024.jpeg,1,pneumonia_person_509,3.2,Female,99.4,96.1
train_1_person995_virus_1676.jpeg,1,pneumonia_person_995,4.6,Female,100.5,95.0
train_1_person32_bacteria_166.jpeg,1,pneumonia_person_32,3.0,Male,101.2,98.0
train_1_person1108_virus_1833.jpeg,1,pneumonia_person_1108,2.9,Male,102.2,94.7
train_0_NORMAL2-IM-0741-0001.jpeg,0,train_NORMAL_NORMAL2-IM-0741-0001,4.4,Female,97.4,98.3
train_0_NORMAL2-IM-0394-0001.jpeg,0,train_NORMAL_NORMAL2-IM-0394-0001,1.7,Male,98.8,97.2
train_0_NORMAL2-IM-0561-0001.jpeg,0,train_NORMAL_NORMAL2-IM-0561-0001,5.0,Female,98.7,99.0
train_1_person61_bacteria_295.jpeg,1,pneumonia_person_61,3.5,Male,100.8,92.2
train_1_person1341_bacteria_3406.jpeg,1,pneumonia_person_1341,3.5,Male,100.0,96.9
train_1_person458_bacteria_1950.jpeg,1,pneumonia_person_458,3.7,Male,100.0,96.7
train_1_person437_bacteria_1885.jpeg,1,pneumonia_person_437,5.0,Male,100.3,89.8
train_1_person1687_bacteria_4468.jpeg,1,pneumonia_person_1687,4.0,Male,101.1,93.6
train_1_person1084_virus_1796.jpeg,1,pneumonia_person_1084,1.0,Male,99.7,93.7
train_1_person100_virus_184.jpeg,1,pneumonia_person_100,4.8,Female,99.4,91.5
train_1_person1176_bacteria_3124.jpeg,1,pneumonia_person_1176,2.6,Female,101.0,94.6
train_1_person1072_bacteria_3007.jpeg,1,pneumonia_person_1072,3.1,Male,96.5,97.2
train_0_NORMAL2-IM-0693-0001.jpeg,0,train_NORMAL_NORMAL2-IM-0693-0001,1.3,Female,97.9,99.2
train_0_NORMAL2-IM-1111-0001.jpeg,0,train_NORMAL_NORMAL2-IM-1111-0001,3.7,Female,97.8,98.7
train_1_person1699_bacteria_4498.jpeg,1,pneumonia_person_1699,2.2,Male,102.0,91.7
train_1_person498_virus_1007.jpeg,1,pneumonia_person_498,3.1,Male,99.8,93.6
train_1_person1451_virus_2480.jpeg,1,pneumonia_person_1451,2.6,Male,99.7,91.6
train_1_person1183_bacteria_3131.jpeg,1,pneumonia_person_1183,5.0,Male,100.3,94.1
train_1_person417_bacteria_1842.jpeg,1,pneumonia_person_417,5.0,Female,99.6,94.3
train_1_person309_virus_632.jpeg,1,pneumonia_person_309,3.1,Male,99.9,95.9
train_0_IM-0496-0001.jpeg,0,train_NORMAL_IM-0496-0001,3.1,Male,98.6,97.5
train_0_IM-0501-0001-0002.jpeg,0,train_NORMAL_IM-0501-0001-0002,2.5,Male,98.0,99.5
train_1_person24_bacteria_112.jpeg,1,pneumonia_person_24,4.4,Male,99.8,91.3
train_1_person1405_bacteria_3571.jpeg,1,pneumonia_person_1405,2.6,Male,99.1,90.1
train_1_person702_virus_1299.jpeg,1,pneumonia_person_702,2.5,Male,98.9,94.8
test_1_person82_bacteria_405.jpeg,1,pneumonia_person_82,4.3,Male,100.5,97.3
train_0_IM-0335-0001.jpeg,0,train_NORMAL_IM-0335-0001,2.3,Male,97.9,96.2
train_0_NORMAL2-IM-0995-0001.jpeg,0,train_NORMAL_NORMAL2-IM-0995-0001,3.0,Female,98.4,100.0
train_1_person327_bacteria_1508.jpeg,1,pneumonia_person_327,1.0,Female,101.4,98.7
test_0_NORMAL2-IM-0378-0001.jpeg,0,test_NORMAL_NORMAL2-IM-0378-0001,3.9,Female,98.2,95.7
train_1_person1288_bacteria_3251.jpeg,1,pneumonia_person_1288,5.0,Female,101.7,93.9
train_0_NORMAL2-IM-1067-0001-0001.jpeg,0,train_NORMAL_NORMAL2-IM-1067-0001-0001,3.9,Female,98.4,97.9
train_1_person485_virus_988.jpeg,1,pneumonia_person_485,4.9,Male,101.2,93.5
train_1_person441_virus_896.jpeg,1,pneumonia_person_441,1.9,Male,103.2,95.2
train_1_person313_bacteria_1457.jpeg,1,pneumonia_person_313,3.3,Male,100.0,94.8
train_0_IM-0695-0001.jpeg,0,train_NORMAL_IM-0695-0001,1.8,Female,97.7,97.3
train_0_NORMAL2-IM-0933-0001.jpeg,0,train_NORMAL_NORMAL2-IM-0933-0001,2.7,Male,99.4,97.7
train_1_person398_bacteria_1801.jpeg,1,pneumonia_person_398,4.0,Female,102.7,92.0
train_0_NORMAL2-IM-1286-0001.jpeg,0,train_NORMAL_NORMAL2-IM-1286-0001,3.1,Female,98.5,100.0
train_1_person1165_bacteria_3111.jpeg,1,pneumonia_person_1165,1.2,Male,99.2,95.7
train_0_NORMAL2-IM-1315-0001.jpeg,0,train_NORMAL_NORMAL2-IM-1315-0001,1.3,Female,98.9,98.5
train_1_person1728_bacteria_4555.jpeg,1,pneumonia_person_1728,1.2,Male,100.0,90.6
train_1_person834_bacteria_2748.jpeg,1,pneumonia_person_834,3.6,Male,102.0,94.2
train_0_NORMAL2-IM-1423-0001.jpeg,0,train_NORMAL_NORMAL2-IM-1423-0001,5.0,Female,98.0,98.5
train_0_IM-0536-0001.jpeg,0,train_NORMAL_IM-0536-0001,4.8,Male,98.2,96.8
train_0_NORMAL2-IM-0930-0001.jpeg,0,train_NORMAL_NORMAL2-IM-0930-0001,1.0,Female,98.5,100.0
train_0_IM-0709-0001.jpeg,0,train_NORMAL_IM-0709-0001,4.8,Male,98.4,97.3
train_1_person1038_bacteria_2972.jpeg,1,pneumonia_person_1038,4.2,Male,101.0,93.9
train_1_person842_virus_1483.jpeg,1,pneumonia_person_842,1.0,Female,100.1,92.8
test_1_person1664_virus_2877.jpeg,1,pneumonia_person_1664,2.6,Male,101.0,99.7
train_1_person1361_virus_2344.jpeg,1,pneumonia_person_1361,4.4,Male,98.4,95.0
train_1_person567_bacteria_2352.jpeg,1,pneumonia_person_567,3.7,Female,99.3,90.6
train_1_person576_bacteria_2376.jpeg,1,pneumonia_person_576,1.3,Male,100.5,89.7
train_1_person1342_virus_2315.jpeg,1,pneumonia_person_1342,3.8,Male,97.4,94.5
train_1_person1678_bacteria_4446.jpeg,1,pneumonia_person_1678,1.0,Male,100.0,92.5
train_1_person1290_virus_2215.jpeg,1,pneumonia_person_1290,2.7,Female,99.9,96.8
train_1_person466_bacteria_1987.jpeg,1,pneumonia_person_466,4.5,Female,100.0,94.2
train_0_NORMAL2-IM-0919-0001.jpeg,0,train_NORMAL_NORMAL2-IM-0919-0001,3.0,Female,97.4,100.0
train_1_person625_bacteria_2500.jpeg,1,pneumonia_person_625,2.4,Male,99.1,91.0
train_0_IM-0652-0001-0002.jpeg,0,train_NORMAL_IM-0652-0001-0002,4.2,Female,98.1,99.1
train_1_person334_bacteria_1544.jpeg,1,pneumonia_person_334,4.3,Male,100.6,94.6
train_1_person1276_virus_2198.jpeg,1,pneumonia_person_1276,4.7,Female,100.0,90.9
train_1_person1024_bacteria_2955.jpeg,1,pneumonia_person_1024,4.1,Female,98.6,93.9
train_0_NORMAL2-IM-1197-0001.jpeg,0,train_NORMAL_NORMAL2-IM-1197-0001,4.4,Male,97.7,96.9
train_1_person986_bacteria_2913.jpeg,1,pneumonia_person_986,4.0,Female,100.0,93.5
test_1_person119_bacteria_567.jpeg,1,pneumonia_person_119,3.3,Female,99.8,94.4
train_0_NORMAL2-IM-0855-0001.jpeg,0,train_NORMAL_NORMAL2-IM-0855-0001,3.1,Female,97.5,98.5
train_1_person597_virus_1150.jpeg,1,pneumonia_person_597,2.7,Female,101.3,94.1
train_1_person545_bacteria_2289.jpeg,1,pneumonia_person_545,1.4,Male,98.8,91.5
train_1_person670_virus_1256.jpeg,1,pneumonia_person_670,1.8,Female,100.5,97.2
train_0_IM-0505-0001-0002.jpeg,0,train_NORMAL_IM-0505-0001-0002,2.6,Male,98.2,98.2
train_1_person258_bacteria_1205.jpeg,1,pneumonia_person_258,3.3,Male,99.9,95.4
train_1_person1003_bacteria_2934.jpeg,1,pneumonia_person_1003,4.9,Male,101.9,92.0
train_1_person1529_virus_2663.jpeg,1,pneumonia_person_1529,2.9,Male,101.1,93.7
train_1_person75_bacteria_364.jpeg,1,pneumonia_person_75,4.3,Female,101.9,91.5
train_1_person802_bacteria_2708.jpeg,1,pneumonia_person_802,4.4,Male,100.8,94.3
train_0_IM-0449-0001.jpeg,0,train_NORMAL_IM-0449-0001,2.7,Male,97.6,98.3
train_1_person1336_virus_2306.jpeg,1,pneumonia_person_1336,3.8,Male,98.1,92.3
train_1_person540_bacteria_2273.jpeg,1,pneumonia_person_540,2.7,Female,100.0,92.1
train_1_person805_bacteria_2712.jpeg,1,pneumonia_person_805,4.7,Female,100.1,94.4
train_1_person1590_bacteria_4175.jpeg,1,pneumonia_person_1590,3.8,Female,102.0,91.4
train_0_NORMAL2-IM-0811-0001.jpeg,0,train_NORMAL_NORMAL2-IM-0811-0001,1.5,Female,98.8,98.2
train_1_person26_bacteria_123.jpeg,1,pneumonia_person_26,3.2,Male,100.7,94.4
train_1_person276_bacteria_1295.jpeg,1,pneumonia_person_276,5.0,Female,100.7,93.2
train_1_person354_bacteria_1634.jpeg,1,pneumonia_person_354,2.8,Female,101.9,93.2
train_1_person1309_bacteria_3294.jpeg,1,pneumonia_person_1309,3.6,Female,100.2,94.8
train_0_IM-0497-0001-0001.jpeg,0,train_NORMAL_IM-0497-0001-0001,3.7,Male,98.4,97.0
train_1_person1006_bacteria_2937.jpeg,1,pneumonia_person_1006,1.7,Male,98.2,93.1
train_0_NORMAL2-IM-0967-0001.jpeg,0,train_NORMAL_NORMAL2-IM-0967-0001,3.7,Female,98.3,97.3
train_1_person38_bacteria_191.jpeg,1,pneumonia_person_38,1.2,Male,97.4,91.9
train_1_person407_virus_812.jpeg,1,pneumonia_person_407,2.2,Male,101.4,95.0
train_1_person20_bacteria_67.jpeg,1,pneumonia_person_20,4.4,Male,101.3,93.8
train_1_person564_bacteria_2345.jpeg,1,pneumonia_person_564,3.5,Male,101.6,92.1
test_0_NORMAL2-IM-0369-0001.jpeg,0,test_NORMAL_NORMAL2-IM-0369-0001,2.6,Male,98.9,97.5
test_1_person1634_virus_2830.jpeg,1,pneumonia_person_1634,3.6,Female,99.7,95.0
train_0_NORMAL2-IM-1310-0001.jpeg,0,train_NORMAL_NORMAL2-IM-1310-0001,2.9,Male,99.3,96.8
train_1_person1029_bacteria_2961.jpeg,1,pneumonia_person_1029,3.0,Female,102.3,95.4
train_1_person1531_bacteria_4003.jpeg,1,pneumonia_person_1531,3.9,Male,102.6,95.7
train_1_person989_virus_1667.jpeg,1,pneumonia_person_989,2.1,Female,101.4,92.7
train_1_person656_virus_1238.jpeg,1,pneumonia_person_656,3.1,Male,100.8,95.9
train_1_person552_bacteria_2315.jpeg,1,pneumonia_person_552,2.6,Female,102.1,93.8
train_0_IM-0346-0001.jpeg,0,train_NORMAL_IM-0346-0001,1.0,Female,98.4,98.5
train_1_person1482_bacteria_3874.jpeg,1,pneumonia_person_1482,1.8,Female,99.9,88.0
train_1_person1358_bacteria_3463.jpeg,1,pneumonia_person_1358,5.0,Male,100.2,91.1
train_1_person1202_bacteria_3152.jpeg,1,pneumonia_person_1202,3.5,Female,99.1,91.2
train_1_person565_virus_1105.jpeg,1,pneumonia_person_565,1.3,Male,100.2,92.7
train_0_NORMAL2-IM-1277-0001-0002.jpeg,0,train_NORMAL_NORMAL2-IM-1277-0001-0002,1.0,Male,99.0,98.2
train_1_person1411_bacteria_3598.jpeg,1,pneumonia_person_1411,2.9,Male,101.7,93.9
train_1_person1106_virus_1829.jpeg,1,pneumonia_person_1106,5.0,Female,101.1,94.2
train_1_person427_bacteria_1868.jpeg,1,pneumonia_person_427,2.8,Female,102.3,91.8
train_1_person1219_bacteria_3172.jpeg,1,pneumonia_person_1219,4.7,Female,98.3,95.2
train_0_IM-0538-0001.jpeg,0,train_NORMAL_IM-0538-0001,3.5,Female,97.8,96.9
train_1_person1628_bacteria_4297.jpeg,1,pneumonia_person_1628,3.6,Male,98.4,92.6
train_1_person389_bacteria_1778.jpeg,1,pneumonia_person_389,1.3,Male,98.8,91.8
train_1_person77_bacteria_376.jpeg,1,pneumonia_person_77,4.2,Male,99.6,91.8
train_1_person611_bacteria_2476.jpeg,1,pneumonia_person_611,2.6,Male,102.1,93.7
train_0_IM-0506-0001.jpeg,0,train_NORMAL_IM-0506-0001,4.1,Female,97.9,98.2
train_0_IM-0525-0001.jpeg,0,train_NORMAL_IM-0525-0001,1.9,Female,98.4,98.2
train_1_person1564_virus_2719.jpeg,1,pneumonia_person_1564,3.2,Female,99.4,89.9
train_1_person277_bacteria_1305.jpeg,1,pneumonia_person_277,3.5,Female,98.6,96.1
train_1_person347_bacteria_1595.jpeg,1,pneumonia_person_347,2.8,Female,101.9,96.7
train_1_person1202_bacteria_3153.jpeg,1,pneumonia_person_1202,3.5,Female,101.4,97.5
train_0_IM-0166-0001.jpeg,0,train_NORMAL_IM-0166-0001,2.7,Male,98.0,98.8
train_0_IM-0189-0001.jpeg,0,train_NORMAL_IM-0189-0001,2.2,Female,97.8,97.7
train_1_person866_bacteria_2788.jpeg,1,pneumonia_person_866,5.0,Female,97.0,92.4
train_0_NORMAL2-IM-0885-0001.jpeg,0,train_NORMAL_NORMAL2-IM-0885-0001,4.4,Female,99.4,98.3
test_1_person150_bacteria_715.jpeg,1,pneumonia_person_150,2.0,Female,101.0,89.7
test_1_person155_bacteria_730.jpeg,1,pneumonia_person_155,3.7,Female,99.9,94.1
train_0_IM-0416-0001.jpeg,0,train_NORMAL_IM-0416-0001,2.0,Female,98.2,97.9
train_1_person1597_bacteria_4194.jpeg,1,pneumonia_person_1597,1.5,Male,99.0,98.4
train_1_person958_bacteria_2883.jpeg,1,pneumonia_person_958,4.3,Male,101.6,93.3
train_1_person518_virus_1036.jpeg,1,pneumonia_person_518,1.0,Female,101.0,90.1
train_1_person1082_virus_1794.jpeg,1,pneumonia_person_1082,4.2,Female,101.1,93.2
train_0_NORMAL2-IM-1334-0001.jpeg,0,train_NORMAL_NORMAL2-IM-1334-0001,2.7,Male,97.3,97.3
train_1_person307_virus_629.jpeg,1,pneumonia_person_307,2.7,Male,100.6,92.3
test_1_person1635_virus_2831.jpeg,1,pneumonia_person_1635,3.5,Female,98.7,94.4
train_0_NORMAL2-IM-1028-0001.jpeg,0,train_NORMAL_NORMAL2-IM-1028-0001,3.8,Female,97.9,98.8
train_0_NORMAL2-IM-0547-0001.jpeg,0,train_NORMAL_NORMAL2-IM-0547-0001,1.9,Male,98.2,97.7
test_0_NORMAL2-IM-0277-0001.jpeg,0,test_NORMAL_NORMAL2-IM-0277-0001,3.9,Female,98.6,97.3
test_1_person18_virus_49.jpeg,1,pneumonia_person_18,3.1,Male,100.0,97.0
train_1_person315_bacteria_1468.jpeg,1,pneumonia_person_315,1.4,Male,103.5,94.3
test_1_person114_bacteria_544.jpeg,1,pneumonia_person_114,2.8,Female,98.1,96.1
train_1_person279_bacteria_1316.jpeg,1,pneumonia_person_279,4.8,Female,98.8,92.4
train_0_NORMAL2-IM-0423-0001.jpeg,0,train_NORMAL_NORMAL2-IM-0423-0001,5.0,Female,97.5,99.4
train_1_person257_bacteria_1196.jpeg,1,pneumonia_person_257,3.9,Male,102.7,96.9
train_0_NORMAL2-IM-0485-0001.jpeg,0,train_NORMAL_NORMAL2-IM-0485-0001,1.5,Male,97.8,98.8
train_0_IM-0455-0001.jpeg,0,train_NORMAL_IM-0455-0001,3.6,Female,98.9,97.9
train_0_IM-0527-0001.jpeg,0,train_NORMAL_IM-0527-0001,4.1,Female,98.1,96.6
train_0_NORMAL2-IM-0588-0001.jpeg,0,train_NORMAL_NORMAL2-IM-0588-0001,3.9,Female,98.3,97.8
test_1_person32_virus_71.jpeg,1,pneumonia_person_32,4.0,Male,100.5,92.8
train_1_person1177_virus_1999.jpeg,1,pneumonia_person_1177,3.5,Female,99.5,92.8
test_0_NORMAL2-IM-0380-0001.jpeg,0,test_NORMAL_NORMAL2-IM-0380-0001,2.9,Male,99.2,98.7
train_0_IM-0673-0001.jpeg,0,train_NORMAL_IM-0673-0001,2.2,Female,97.9,99.2
train_1_person348_bacteria_1602.jpeg,1,pneumonia_person_348,1.0,Female,101.6,95.8
test_0_NORMAL2-IM-0304-0001.jpeg,0,test_NORMAL_NORMAL2-IM-0304-0001,3.4,Male,98.5,97.6
train_1_person111_virus_209.jpeg,1,pneumonia_person_111,3.2,Male,100.1,96.2
train_1_person23_bacteria_104.jpeg,1,pneumonia_person_23,3.7,Female,98.3,94.4
train_0_IM-0613-0001.jpeg,0,train_NORMAL_IM-0613-0001,1.3,Male,98.5,97.2
train_1_person1597_bacteria_4191.jpeg,1,pneumonia_person_1597,3.8,Male,102.0,90.9
test_0_NORMAL2-IM-0030-0001.jpeg,0,test_NORMAL_NORMAL2-IM-0030-0001,5.0,Female,98.6,98.5
train_0_IM-0305-0001.jpeg,0,train_NORMAL_IM-0305-0001,3.1,Female,98.6,97.8
train_1_person517_bacteria_2196.jpeg,1,pneumonia_person_517,2.9,Male,99.3,86.6
train_1_person602_bacteria_2460.jpeg,1,pneumonia_person_602,3.4,Female,100.4,97.6
train_1_person1550_bacteria_4051.jpeg,1,pneumonia_person_1550,5.0,Male,98.6,93.5
train_1_person381_bacteria_1731.jpeg,1,pneumonia_person_381,1.7,Male,100.5,92.5
train_1_person437_bacteria_1884.jpeg,1,pneumonia_person_437,3.3,Male,100.9,92.0
train_0_IM-0485-0001.jpeg,0,train_NORMAL_IM-0485-0001,2.0,Male,97.0,98.8
train_1_person1609_bacteria_4237.jpeg,1,pneumonia_person_1609,2.3,Female,99.2,91.3
train_1_person1511_bacteria_3955.jpeg,1,pneumonia_person_1511,2.9,Female,100.0,92.1
train_0_IM-0666-0001.jpeg,0,train_NORMAL_IM-0666-0001,4.8,Male,98.2,96.6
train_1_person373_bacteria_1709.jpeg,1,pneumonia_person_373,5.0,Male,100.1,92.8
train_1_person723_virus_1342.jpeg,1,pneumonia_person_723,3.6,Male,100.0,92.2
test_1_person141_bacteria_681.jpeg,1,pneumonia_person_141,2.5,Male,102.9,95.6
train_1_person765_bacteria_2669.jpeg,1,pneumonia_person_765,5.0,Female,99.2,94.2
train_1_person521_virus_1040.jpeg,1,pneumonia_person_521,2.4,Female,101.8,94.5
train_1_person1273_bacteria_3233.jpeg,1,pneumonia_person_1273,2.3,Male,98.9,95.0
train_0_IM-0703-0001.jpeg,0,train_NORMAL_IM-0703-0001,1.0,Female,98.2,98.7
train_1_person574_bacteria_2370.jpeg,1,pneumonia_person_574,4.8,Male,101.3,90.9
train_0_NORMAL2-IM-1052-0001.jpeg,0,train_NORMAL_NORMAL2-IM-1052-0001,4.3,Male,98.0,99.0
train_1_person593_virus_1142.jpeg,1,pneumonia_person_593,5.0,Female,98.8,95.8
train_1_person1087_virus_1799.jpeg,1,pneumonia_person_1087,1.2,Male,97.8,97.5
train_0_IM-0435-0001-0001.jpeg,0,train_NORMAL_IM-0435-0001-0001,4.9,Female,98.5,98.5
train_1_person1712_bacteria_4529.jpeg,1,pneumonia_person_1712,3.1,Male,101.1,92.3
train_0_NORMAL2-IM-0815-0001.jpeg,0,train_NORMAL_NORMAL2-IM-0815-0001,4.0,Male,97.9,98.1
train_0_IM-0495-0001.jpeg,0,train_NORMAL_IM-0495-0001,1.0,Female,99.1,97.2
train_1_person1292_bacteria_3255.jpeg,1,pneumonia_person_1292,4.9,Female,98.5,95.1
train_1_person770_virus_1398.jpeg,1,pneumonia_person_770,4.0,Female,100.1,93.2
train_1_person867_bacteria_2789.jpeg,1,pneumonia_person_867,2.9,Female,98.9,92.5
train_1_person465_bacteria_1980.jpeg,1,pneumonia_person_465,3.8,Male,100.3,87.3
train_1_person1371_virus_2362.jpeg,1,pneumonia_person_1371,2.0,Male,99.7,93.5
train_1_person577_virus_1121.jpeg,1,pneumonia_person_577,2.2,Male,98.9,90.8
train_0_NORMAL2-IM-1350-0001.jpeg,0,train_NORMAL_NORMAL2-IM-1350-0001,2.4,Female,97.9,100.0
test_0_IM-0022-0001.jpeg,0,test_NORMAL_IM-0022-0001,1.0,Male,98.0,98.7
train_1_person1636_bacteria_4337.jpeg,1,pneumonia_person_1636,4.1,Female,98.7,90.9
train_1_person1339_bacteria_3399.jpeg,1,pneumonia_person_1339,4.5,Male,101.8,91.2
train_1_person1671_bacteria_4432.jpeg,1,pneumonia_person_1671,2.1,Female,99.9,94.0
train_1_person1493_bacteria_3897.jpeg,1,pneumonia_person_1493,3.5,Male,97.5,95.7
train_1_person522_virus_1041.jpeg,1,pneumonia_person_522,2.7,Female,99.6,92.5
train_1_person923_bacteria_2848.jpeg,1,pneumonia_person_923,3.4,Male,101.6,97.2
train_1_person744_virus_1367.jpeg,1,pneumonia_person_744,2.2,Female,99.4,90.3
train_0_IM-0629-0001-0002.jpeg,0,train_NORMAL_IM-0629-0001-0002,1.9,Male,98.3,95.6
train_1_person575_virus_1119.jpeg,1,pneumonia_person_575,4.4,Female,99.3,89.7
train_1_person1375_virus_2366.jpeg,1,pneumonia_person_1375,2.9,Female,101.1,89.4
train_1_person877_virus_1525.jpeg,1,pneumonia_person_877,5.0,Female,101.7,94.3
train_1_person1094_virus_1814.jpeg,1,pneumonia_person_1094,3.1,Female,101.0,91.1
train_0_NORMAL2-IM-0543-0001.jpeg,0,train_NORMAL_NORMAL2-IM-0543-0001,1.8,Female,98.6,98.9
train_1_person295_bacteria_1390.jpeg,1,pneumonia_person_295,4.6,Male,99.2,94.4
train_1_person1496_bacteria_3911.jpeg,1,pneumonia_person_1496,3.8,Female,101.9,95.6
train_0_IM-0614-0001.jpeg,0,train_NORMAL_IM-0614-0001,3.9,Male,98.0,97.1
train_1_person1455_virus_2490.jpeg,1,pneumonia_person_1455,4.5,Female,101.7,95.7
test_1_person80_bacteria_392.jpeg,1,pneumonia_person_80,2.2,Female,99.8,91.2
train_1_person573_bacteria_2369.jpeg,1,pneumonia_person_573,2.8,Female,100.6,94.2
test_1_person1649_virus_2850.jpeg,1,pneumonia_person_1649,2.8,Male,98.6,94.7
train_0_IM-0559-0001.jpeg,0,train_NORMAL_IM-0559-0001,1.3,Male,98.8,99.0
train_0_NORMAL2-IM-1136-0001.jpeg,0,train_NORMAL_NORMAL2-IM-1136-0001,2.7,Male,98.5,98.1
train_1_person17_bacteria_56.jpeg,1,pneumonia_person_17,4.7,Male,100.7,90.4
train_0_IM-0553-0001-0001.jpeg,0,train_NORMAL_IM-0553-0001-0001,3.3,Female,97.1,97.6
train_1_person1528_virus_2662.jpeg,1,pneumonia_person_1528,1.3,Female,101.0,94.4
train_1_person672_bacteria_2565.jpeg,1,pneumonia_person_672,1.0,Male,99.8,97.3
train_1_person551_bacteria_2310.jpeg,1,pneumonia_person_551,5.0,Male,99.2,96.4
train_0_IM-0676-0001.jpeg,0,train_NORMAL_IM-0676-0001,2.9,Male,98.2,98.8
train_1_person1449_bacteria_3745.jpeg,1,pneumonia_person_1449,2.2,Female,99.1,93.7
train_1_person427_bacteria_1864.jpeg,1,pneumonia_person_427,2.6,Male,101.8,93.3
train_0_NORMAL2-IM-0678-0001.jpeg,0,train_NORMAL_NORMAL2-IM-0678-0001,1.1,Female,99.1,99.7
train_0_IM-0607-0001.jpeg,0,train_NORMAL_IM-0607-0001,4.9,Male,98.5,97.3
train_1_person1352_bacteria_3445.jpeg,1,pneumonia_person_1352,2.5,Female,101.0,91.5
train_1_person363_bacteria_1655.jpeg,1,pneumonia_person_363,4.8,Male,100.3,94.9
train_0_NORMAL2-IM-1045-0001.jpeg,0,train_NORMAL_NORMAL2-IM-1045-0001,3.1,Male,99.1,98.7
train_0_NORMAL2-IM-0833-0001.jpeg,0,train_NORMAL_NORMAL2-IM-0833-0001,4.9,Male,98.6,97.7
train_1_person847_bacteria_2767.jpeg,1,pneumonia_person_847,3.3,Female,101.8,96.5
test_0_NORMAL2-IM-0282-0001.jpeg,0,test_NORMAL_NORMAL2-IM-0282-0001,4.1,Female,98.0,99.7
train_1_person947_virus_1618.jpeg,1,pneumonia_person_947,3.9,Male,98.2,91.0
test_0_IM-0033-0001.jpeg,0,test_NORMAL_IM-0033-0001,3.8,Male,98.3,97.7
train_1_person1719_bacteria_4544.jpeg,1,pneumonia_person_1719,3.5,Female,99.7,91.7
train_1_person1749_bacteria_4590.jpeg,1,pneumonia_person_1749,2.7,Male,99.3,95.1
test_1_person133_bacteria_638.jpeg,1,pneumonia_person_133,5.0,Male,98.9,92.6
train_1_person598_bacteria_2453.jpeg,1,pneumonia_person_598,1.8,Male,101.7,93.3
test_0_IM-0085-0001.jpeg,0,test_NORMAL_IM-0085-0001,3.0,Female,97.7,98.1
train_1_person1181_bacteria_3129.jpeg,1,pneumonia_person_1181,3.0,Male,99.3,91.6
train_1_person1441_virus_2454.jpeg,1,pneumonia_person_1441,3.5,Female,100.6,95.9
train_1_person1320_bacteria_3344.jpeg,1,pneumonia_person_1320,2.4,Male,102.5,90.1
train_1_person1403_virus_2406.jpeg,1,pneumonia_person_1403,3.4,Female,101.1,94.3
train_1_person988_bacteria_2915.jpeg,1,pneumonia_person_988,2.8,Male,99.3,93.3
train_1_person1745_bacteria_4584.jpeg,1,pneumonia_person_1745,1.0,Female,102.4,95.6
train_1_person72_bacteria_353.jpeg,1,pneumonia_person_72,3.0,Female,98.6,90.1
train_0_NORMAL2-IM-0395-0001.jpeg,0,train_NORMAL_NORMAL2-IM-0395-0001,1.6,Male,98.2,99.6
train_0_NORMAL2-IM-0851-0001.jpeg,0,train_NORMAL_NORMAL2-IM-0851-0001,1.0,Male,98.1,98.6
train_0_NORMAL2-IM-0969-0001.jpeg,0,train_NORMAL_NORMAL2-IM-0969-0001,3.2,Male,98.4,98.3
test_1_person74_virus_135.jpeg,1,pneumonia_person_74,3.6,Male,101.3,93.3
train_0_IM-0740-0001.jpeg,0,train_NORMAL_IM-0740-0001,3.7,Male,98.6,96.2
train_1_person1360_virus_2341.jpeg,1,pneumonia_person_1360,3.7,Female,101.3,95.8
test_1_person161_bacteria_762.jpeg,1,pneumonia_person_161,1.0,Female,98.0,94.2
train_0_IM-0350-0001.jpeg,0,train_NORMAL_IM-0350-0001,1.2,Female,98.9,98.1
train_1_person540_bacteria_2272.jpeg,1,pneumonia_person_540,5.0,Female,99.9,90.6
train_1_person415_bacteria_1839.jpeg,1,pneumonia_person_415,1.6,Female,101.9,94.8
train_1_person751_bacteria_2654.jpeg,1,pneumonia_person_751,3.8,Male,100.3,91.0
train_1_person1098_virus_1818.jpeg,1,pneumonia_person_1098,2.1,Male,102.0,91.9
train_1_person1320_bacteria_3353.jpeg,1,pneumonia_person_1320,3.1,Male,101.1,90.1
train_0_IM-0282-0001.jpeg,0,train_NORMAL_IM-0282-0001,2.2,Female,98.4,98.4
train_0_NORMAL2-IM-1091-0001.jpeg,0,train_NORMAL_NORMAL2-IM-1091-0001,3.7,Male,98.8,98.3
test_1_person78_bacteria_387.jpeg,1,pneumonia_person_78,3.2,Male,101.4,94.1
train_0_IM-0309-0001.jpeg,0,train_NORMAL_IM-0309-0001,2.4,Female,98.3,99.2
train_1_person1400_bacteria_3550.jpeg,1,pneumonia_person_1400,1.6,Male,97.4,93.8
train_1_person410_virus_821.jpeg,1,pneumonia_person_410,3.3,Male,99.1,93.8
train_1_person478_bacteria_2035.jpeg,1,pneumonia_person_478,1.4,Male,102.2,93.7
train_0_NORMAL2-IM-0705-0001.jpeg,0,train_NORMAL_NORMAL2-IM-0705-0001,3.6,Male,98.4,98.2
train_1_person919_bacteria_2844.jpeg,1,pneumonia_person_919,5.0,Male,101.5,90.9
test_0_NORMAL2-IM-0346-0001.jpeg,0,test_NORMAL_NORMAL2-IM-0346-0001,4.8,Male,97.7,97.7
train_1_person998_bacteria_2928.jpeg,1,pneumonia_person_998,3.9,Female,99.5,89.1
train_0_IM-0289-0001.jpeg,0,train_NORMAL_IM-0289-0001,2.9,Male,98.6,97.9
train_1_person491_bacteria_2081.jpeg,1,pneumonia_person_491,1.0,Female,99.7,90.7
train_1_person991_virus_1669.jpeg,1,pneumonia_person_991,1.3,Male,103.1,96.4
train_0_NORMAL2-IM-1273-0001.jpeg,0,train_NORMAL_NORMAL2-IM-1273-0001,4.7,Male,98.4,98.3
train_1_person1425_virus_2438.jpeg,1,pneumonia_person_1425,2.0,Male,99.4,97.7
train_1_person1234_bacteria_3190.jpeg,1,pneumonia_person_1234,2.1,Female,99.1,89.4
train_1_person430_virus_879.jpeg,1,pneumonia_person_430,2.8,Female,102.0,90.5
train_1_person26_bacteria_124.jpeg,1,pneumonia_person_26,1.6,Male,100.1,94.2
train_1_person276_virus_569.jpeg,1,pneumonia_person_276,1.4,Female,99.6,95.0
train_0_IM-0551-0001-0002.jpeg,0,train_NORMAL_IM-0551-0001-0002,2.9,Male,96.7,96.9
test_1_person1616_virus_2802.jpeg,1,pneumonia_person_1616,1.8,Male,101.2,95.7
train_1_person1141_bacteria_3085.jpeg,1,pneumonia_person_1141,2.0,Female,99.2,91.5
train_0_IM-0648-0001.jpeg,0,train_NORMAL_IM-0648-0001,2.0,Female,98.2,97.6
train_1_person1017_bacteria_2948.jpeg,1,pneumonia_person_1017,3.7,Male,101.9,92.7
train_1_person502_bacteria_2119.jpeg,1,pneumonia_person_502,2.7,Male,100.4,92.2
train_0_NORMAL2-IM-0421-0001.jpeg,0,train_NORMAL_NORMAL2-IM-0421-0001,2.8,Male,98.5,97.9
train_0_IM-0519-0001-0001.jpeg,0,train_NORMAL_IM-0519-0001-0001,3.8,Female,98.5,99.9
test_1_person1618_virus_2805.jpeg,1,pneumonia_person_1618,2.8,Male,98.9,93.2
test_0_IM-0021-0001.jpeg,0,test_NORMAL_IM-0021-0001,2.6,Female,98.7,97.0
train_1_person874_bacteria_2797.jpeg,1,pneumonia_person_874,3.6,Female,97.7,90.3
train_1_person1454_virus_2486.jpeg,1,pneumonia_person_1454,3.9,Male,99.0,91.9
train_1_person348_bacteria_1601.jpeg,1,pneumonia_person_348,2.8,Male,99.2,96.5
train_1_person1709_bacteria_4523.jpeg,1,pneumonia_person_1709,3.1,Female,99.8,94.2
test_0_NORMAL2-IM-0060-0001.jpeg,0,test_NORMAL_NORMAL2-IM-0060-0001,2.0,Male,99.3,96.9
train_1_person566_bacteria_2351.jpeg,1,pneumonia_person_566,1.9,Female,100.1,94.6
train_1_person328_bacteria_1511.jpeg,1,pneumonia_person_328,4.0,Female,100.2,94.6
train_1_person65_bacteria_322.jpeg,1,pneumonia_person_65,3.6,Female,101.1,98.1
test_1_person1643_virus_2843.jpeg,1,pneumonia_person_1643,3.6,Male,100.1,93.7
train_1_person811_virus_1447.jpeg,1,pneumonia_person_811,3.4,Male,100.9,91.0
train_1_person538_bacteria_2268.jpeg,1,pneumonia_person_538,3.1,Male,100.8,95.1
train_1_person721_bacteria_2623.jpeg,1,pneumonia_person_721,3.9,Male,100.6,92.1
test_1_person1653_virus_2858.jpeg,1,pneumonia_person_1653,4.2,Female,104.0,93.2
test_1_person172_bacteria_828.jpeg,1,pneumonia_person_172,4.2,Male,101.6,94.4
train_1_person391_virus_781.jpeg,1,pneumonia_person_391,2.9,Female,99.0,91.4
train_1_person1436_bacteria_3712.jpeg,1,pneumonia_person_1436,4.8,Female,100.9,92.2
test_1_person94_bacteria_456.jpeg,1,pneumonia_person_94,3.3,Female,99.4,94.7
test_1_person52_virus_106.jpeg,1,pneumonia_person_52,3.8,Female,101.0,92.1
train_0_NORMAL2-IM-1026-0001.jpeg,0,train_NORMAL_NORMAL2-IM-1026-0001,3.4,Female,98.9,99.0
train_1_person475_bacteria_2025.jpeg,1,pneumonia_person_475,3.3,Male,99.0,91.0
train_0_NORMAL2-IM-0892-0001.jpeg,0,train_NORMAL_NORMAL2-IM-0892-0001,2.0,Female,98.9,98.8
train_1_person1274_virus_2193.jpeg,1,pneumonia_person_1274,3.9,Female,101.7,98.3
train_1_person972_virus_1646.jpeg,1,pneumonia_person_972,5.0,Male,101.1,89.7
train_1_person442_virus_902.jpeg,1,pneumonia_person_442,2.5,Male,101.5,93.4
train_0_IM-0442-0001.jpeg,0,train_NORMAL_IM-0442-0001,3.1,Female,98.5,97.5
train_1_person1233_virus_2090.jpeg,1,pneumonia_person_1233,2.4,Male,100.6,93.4
train_0_IM-0467-0001.jpeg,0,train_NORMAL_IM-0467-0001,2.4,Male,98.7,96.6
train_1_person994_virus_1672.jpeg,1,pneumonia_person_994,5.0,Female,101.5,95.1
train_1_person154_virus_305.jpeg,1,pneumonia_person_154,2.1,Female,101.7,93.5
train_1_person527_bacteria_2225.jpeg,1,pneumonia_person_527,2.4,Female,100.3,93.2
train_1_person1514_bacteria_3964.jpeg,1,pneumonia_person_1514,1.0,Female,100.2,88.2
train_1_person389_virus_778.jpeg,1,pneumonia_person_389,2.0,Female,102.5,92.7
train_1_person507_bacteria_2139.jpeg,1,pneumonia_person_507,1.0,Female,100.4,94.1
train_1_person671_virus_1260.jpeg,1,pneumonia_person_671,3.8,Female,100.5,94.1
train_1_person1129_bacteria_3070.jpeg,1,pneumonia_person_1129,5.0,Female,101.0,99.7
train_1_person35_bacteria_180.jpeg,1,pneumonia_person_35,2.5,Female,100.3,94.2
train_1_person1208_bacteria_3160.jpeg,1,pneumonia_person_1208,1.0,Female,99.3,95.1
train_1_person343_bacteria_1583.jpeg,1,pneumonia_person_343,4.2,Female,100.9,96.4
train_1_person1876_bacteria_4760.jpeg,1,pneumonia_person_1876,2.1,Female,100.3,94.9
train_1_person1852_bacteria_4724.jpeg,1,pneumonia_person_1852,4.7,Male,102.8,93.3
train_1_person470_bacteria_2003.jpeg,1,pneumonia_person_470,2.6,Female,101.4,93.3
test_0_IM-0029-0001.jpeg,0,test_NORMAL_IM-0029-0001,2.2,Female,97.6,96.9
train_0_IM-0453-0001-0002.jpeg,0,train_NORMAL_IM-0453-0001-0002,2.8,Female,99.0,97.8
train_0_NORMAL2-IM-0888-0001.jpeg,0,train_NORMAL_NORMAL2-IM-0888-0001,4.0,Female,98.5,98.0
train_1_person1507_bacteria_3944.jpeg,1,pneumonia_person_1507,2.7,Female,102.1,95.1
train_1_person515_bacteria_2188.jpeg,1,pneumonia_person_515,2.4,Male,99.7,91.0
train_1_person739_bacteria_2642.jpeg,1,pneumonia_person_739,2.7,Male,100.6,93.9
train_1_person1241_virus_2106.jpeg,1,pneumonia_person_1241,1.3,Male,100.3,97.4
train_1_person1812_bacteria_4667.jpeg,1,pneumonia_person_1812,3.5,Male,100.5,92.9
train_0_IM-0513-0001.jpeg,0,train_NORMAL_IM-0513-0001,1.0,Male,96.7,98.8
train_0_IM-0696-0001.jpeg,0,train_NORMAL_IM-0696-0001,2.4,Male,98.5,99.5
train_1_person1463_bacteria_3809.jpeg,1,pneumonia_person_1463,4.0,Male,100.9,93.4
train_1_person624_bacteria_2497.jpeg,1,pneumonia_person_624,3.4,Male,102.1,93.8
train_1_person738_bacteria_2641.jpeg,1,pneumonia_person_738,3.8,Female,100.4,92.7
train_1_person413_bacteria_1833.jpeg,1,pneumonia_person_413,2.9,Female,99.9,88.5
train_1_person351_bacteria_1621.jpeg,1,pneumonia_person_351,4.5,Male,101.4,95.7
train_0_NORMAL2-IM-1335-0001.jpeg,0,train_NORMAL_NORMAL2-IM-1335-0001,4.2,Female,98.9,97.8
train_1_person648_virus_1230.jpeg,1,pneumonia_person_648,3.6,Female,101.8,94.7
train_1_person1214_virus_2059.jpeg,1,pneumonia_person_1214,4.2,Female,101.8,94.9
test_1_person64_virus_122.jpeg,1,pneumonia_person_64,4.0,Male,102.0,93.0
train_1_person52_bacteria_249.jpeg,1,pneumonia_person_52,2.4,Female,100.9,96.4
train_0_NORMAL2-IM-0415-0001.jpeg,0,train_NORMAL_NORMAL2-IM-0415-0001,1.3,Male,97.7,96.6
val_0_NORMAL2-IM-1430-0001.jpeg,0,val_NORMAL_NORMAL2-IM-1430-0001,3.5,Male,99.5,99.2
train_1_person1275_bacteria_3237.jpeg,1,pneumonia_person_1275,3.7,Male,100.9,89.6
train_1_person1247_bacteria_3203.jpeg,1,pneumonia_person_1247,4.4,Female,99.7,92.2
train_0_IM-0251-0001.jpeg,0,train_NORMAL_IM-0251-0001,1.8,Male,98.0,95.9
train_1_person414_bacteria_1835.jpeg,1,pneumonia_person_414,1.8,Female,101.2,95.8
train_1_person1323_bacteria_3362.jpeg,1,pneumonia_person_1323,3.6,Female,99.2,95.8
train_0_NORMAL2-IM-0887-0001.jpeg,0,train_NORMAL_NORMAL2-IM-0887-0001,2.9,Female,98.1,98.0
train_1_person553_virus_1093.jpeg,1,pneumonia_person_553,1.0,Male,100.5,89.8
train_1_person68_bacteria_336.jpeg,1,pneumonia_person_68,3.5,Male,99.0,95.0
train_1_person585_bacteria_2414.jpeg,1,pneumonia_person_585,1.0,Male,99.3,91.6
train_1_person341_virus_699.jpeg,1,pneumonia_person_341,1.8,Female,102.3,95.7
train_1_person1363_virus_2346.jpeg,1,pneumonia_person_1363,4.8,Male,102.8,89.4
test_0_NORMAL2-IM-0347-0001.jpeg,0,test_NORMAL_NORMAL2-IM-0347-0001,5.0,Female,98.9,97.1
train_1_person1305_bacteria_3271.jpeg,1,pneumonia_person_1305,1.4,Male,102.1,93.4
train_1_person442_virus_898.jpeg,1,pneumonia_person_442,2.6,Female,102.0,94.7
train_1_person1349_bacteria_3438.jpeg,1,pneumonia_person_1349,3.1,Female,101.1,90.9
test_1_person85_bacteria_421.jpeg,1,pneumonia_person_85,5.0,Female,100.8,88.6
train_1_person314_bacteria_1462.jpeg,1,pneumonia_person_314,2.4,Female,101.1,93.9
train_0_IM-0381-0001.jpeg,0,train_NORMAL_IM-0381-0001,2.4,Female,98.7,98.3
train_1_person1514_virus_2633.jpeg,1,pneumonia_person_1514,5.0,Male,99.4,96.0
test_1_person87_bacteria_434.jpeg,1,pneumonia_person_87,2.5,Female,101.4,92.6
train_1_person1589_bacteria_4172.jpeg,1,pneumonia_person_1589,3.9,Female,102.3,95.4
train_1_person274_bacteria_1288.jpeg,1,pneumonia_person_274,1.1,Female,100.1,94.7
train_1_person319_bacteria_1475.jpeg,1,pneumonia_person_319,2.8,Male,100.0,96.8
train_1_person441_bacteria_1917.jpeg,1,pneumonia_person_441,1.0,Male,101.0,93.4
train_1_person984_bacteria_2911.jpeg,1,pneumonia_person_984,1.6,Female,99.6,89.2
train_1_person826_bacteria_2737.jpeg,1,pneumonia_person_826,4.1,Female,98.7,93.3
train_1_person1428_virus_2442.jpeg,1,pneumonia_person_1428,2.9,Female,101.9,93.7
train_1_person93_virus_175.jpeg,1,pneumonia_person_93,2.6,Male,99.8,94.8
train_0_NORMAL2-IM-0447-0001.jpeg,0,train_NORMAL_NORMAL2-IM-0447-0001,2.0,Male,98.1,98.2
train_1_person501_bacteria_2116.jpeg,1,pneumonia_person_501,2.7,Male,99.6,92.7
train_0_IM-0292-0001.jpeg,0,train_NORMAL_IM-0292-0001,3.4,Female,98.5,96.0
train_1_person965_virus_1638.jpeg,1,pneumonia_person_965,4.3,Female,101.5,93.2
train_1_person1134_bacteria_3076.jpeg,1,pneumonia_person_1134,1.0,Female,100.1,92.7
test_0_NORMAL2-IM-0173-0001-0002.jpeg,0,test_NORMAL_NORMAL2-IM-0173-0001-0002,1.9,Male,98.4,98.7
train_0_IM-0620-0001.jpeg,0,train_NORMAL_IM-0620-0001,3.2,Male,98.2,98.3
train_1_person1238_virus_2098.jpeg,1,pneumonia_person_1238,2.9,Female,101.1,96.6
train_1_person1639_bacteria_4345.jpeg,1,pneumonia_person_1639,3.5,Female,100.6,96.1
test_0_NORMAL2-IM-0350-0001.jpeg,0,test_NORMAL_NORMAL2-IM-0350-0001,3.3,Male,98.0,96.8
train_1_person1581_bacteria_4135.jpeg,1,pneumonia_person_1581,2.6,Female,100.7,93.4
train_1_person653_bacteria_2545.jpeg,1,pneumonia_person_653,2.3,Male,101.4,93.4
train_1_person25_bacteria_120.jpeg,1,pneumonia_person_25,2.7,Male,100.3,94.0
train_0_NORMAL2-IM-0454-0001.jpeg,0,train_NORMAL_NORMAL2-IM-0454-0001,4.5,Female,98.4,97.0
train_0_IM-0574-0001.jpeg,0,train_NORMAL_IM-0574-0001,2.0,Female,98.5,98.8
train_1_person36_bacteria_182.jpeg,1,pneumonia_person_36,2.9,Female,103.7,92.6
train_0_IM-0234-0001.jpeg,0,train_NORMAL_IM-0234-0001,3.2,Female,97.6,97.4
train_1_person1679_bacteria_4450.jpeg,1,pneumonia_person_1679,5.0,Female,100.7,92.7
train_1_person817_bacteria_2728.jpeg,1,pneumonia_person_817,2.6,Female,101.1,87.9
test_1_person72_virus_133.jpeg,1,pneumonia_person_72,4.2,Female,99.9,93.7
train_1_person504_bacteria_2127.jpeg,1,pneumonia_person_504,4.6,Female,100.4,92.2
train_1_person368_virus_748.jpeg,1,pneumonia_person_368,2.9,Male,100.4,88.8
test_1_person130_bacteria_625.jpeg,1,pneumonia_person_130,2.7,Female,99.2,92.6
train_1_person348_virus_715.jpeg,1,pneumonia_person_348,2.6,Male,101.0,92.5
train_1_person1232_virus_2089.jpeg,1,pneumonia_person_1232,2.7,Female,98.3,96.7
train_1_person1238_bacteria_3194.jpeg,1,pneumonia_person_1238,4.1,Female,102.7,92.2
train_0_NORMAL2-IM-1296-0001.jpeg,0,train_NORMAL_NORMAL2-IM-1296-0001,3.3,Female,98.7,97.6
train_1_person1482_virus_2569.jpeg,1,pneumonia_person_1482,3.3,Female,101.2,97.0
train_1_person66_bacteria_324.jpeg,1,pneumonia_person_66,1.5,Male,98.1,91.9
train_1_person1471_bacteria_3831.jpeg,1,pneumonia_person_1471,1.7,Male,99.4,93.4
train_0_IM-0660-0001-0002.jpeg,0,train_NORMAL_IM-0660-0001-0002,5.0,Male,97.7,98.4
train_0_NORMAL2-IM-1106-0001.jpeg,0,train_NORMAL_NORMAL2-IM-1106-0001,2.8,Male,98.9,98.5
train_1_person641_virus_1222.jpeg,1,pneumonia_person_641,2.0,Female,102.0,94.4
train_1_person791_virus_1422.jpeg,1,pneumonia_person_791,4.9,Female,101.7,92.5
train_1_person56_bacteria_268.jpeg,1,pneumonia_person_56,3.4,Female,101.1,95.2
train_1_person358_virus_737.jpeg,1,pneumonia_person_358,3.8,Male,99.3,93.4
train_1_person1111_virus_1836.jpeg,1,pneumonia_person_1111,2.8,Male,101.7,88.9
test_1_person44_virus_94.jpeg,1,pneumonia_person_44,2.6,Female,99.0,92.6
train_1_person1499_virus_2609.jpeg,1,pneumonia_person_1499,2.8,Female,98.8,90.5
train_1_person1524_bacteria_3984.jpeg,1,pneumonia_person_1524,1.2,Male,98.7,93.8
train_1_person1567_bacteria_4100.jpeg,1,pneumonia_person_1567,2.9,Female,101.7,91.2
train_0_NORMAL2-IM-0629-0001.jpeg,0,train_NORMAL_NORMAL2-IM-0629-0001,3.4,Female,97.9,98.9
train_1_person1493_bacteria_3899.jpeg,1,pneumonia_person_1493,5.0,Female,100.5,93.6
train_1_person589_bacteria_2424.jpeg,1,pneumonia_person_589,3.1,Male,100.4,90.4
train_0_NORMAL2-IM-0390-0001.jpeg,0,train_NORMAL_NORMAL2-IM-0390-0001,1.0,Male,98.3,99.0
train_0_NORMAL2-IM-0385-0001.jpeg,0,train_NORMAL_NORMAL2-IM-0385-0001,2.9,Female,97.5,97.8
train_1_person1273_virus_2191.jpeg,1,pneumonia_person_1273,5.0,Female,99.6,96.4
train_1_person983_virus_1660.jpeg,1,pneumonia_person_983,4.1,Male,98.6,91.2
train_1_person253_bacteria_1156.jpeg,1,pneumonia_person_253,1.9,Male,99.7,90.8
train_0_NORMAL2-IM-0824-0001.jpeg,0,train_NORMAL_NORMAL2-IM-0824-0001,3.8,Female,97.6,99.6
train_1_person596_bacteria_2444.jpeg,1,pneumonia_person_596,2.0,Male,101.2,93.5
train_1_person969_bacteria_2894.jpeg,1,pneumonia_person_969,1.2,Male,101.3,93.7
train_1_person458_bacteria_1953.jpeg,1,pneumonia_person_458,2.5,Female,98.7,91.7
test_0_NORMAL2-IM-0146-0001.jpeg,0,test_NORMAL_NORMAL2-IM-0146-0001,3.1,Male,97.7,98.2
train_1_person718_virus_1316.jpeg,1,pneumonia_person_718,1.0,Female,102.8,97.8
train_1_person514_bacteria_2184.jpeg,1,pneumonia_person_514,1.5,Female,99.1,94.1
test_0_NORMAL2-IM-0361-0001.jpeg,0,test_NORMAL_NORMAL2-IM-0361-0001,3.0,Male,98.4,98.5
train_1_person369_bacteria_1680.jpeg,1,pneumonia_person_369,2.5,Male,100.5,93.6
train_1_person1527_bacteria_3988.jpeg,1,pneumonia_person_1527,3.5,Female,101.8,90.9
train_1_person705_virus_1303.jpeg,1,pneumonia_person_705,1.4,Female,100.8,91.8
train_0_NORMAL2-IM-1204-0001.jpeg,0,train_NORMAL_NORMAL2-IM-1204-0001,3.9,Female,98.1,96.6
train_1_person1551_bacteria_4053.jpeg,1,pneumonia_person_1551,1.5,Male,100.5,94.0
train_1_person342_virus_702.jpeg,1,pneumonia_person_342,5.0,Male,100.5,96.6
train_0_NORMAL2-IM-0452-0001.jpeg,0,train_NORMAL_NORMAL2-IM-0452-0001,1.0,Female,98.3,99.3
train_1_person1628_bacteria_4298.jpeg,1,pneumonia_person_1628,1.6,Male,98.7,92.7
train_1_person71_bacteria_351.jpeg,1,pneumonia_person_71,3.5,Female,102.0,91.5
train_1_person1595_virus_2771.jpeg,1,pneumonia_person_1595,5.0,Female,101.8,94.4
train_0_IM-0631-0001-0001.jpeg,0,train_NORMAL_IM-0631-0001-0001,3.4,Male,98.8,98.0
test_1_person113_bacteria_543.jpeg,1,pneumonia_person_113,3.7,Female,100.0,90.7
train_1_person1530_virus_2664.jpeg,1,pneumonia_person_1530,3.0,Male,100.1,95.8
train_1_person303_bacteria_1431.jpeg,1,pneumonia_person_303,1.7,Male,98.9,92.8
train_1_person1685_bacteria_4465.jpeg,1,pneumonia_person_1685,2.4,Male,98.0,92.8
train_1_person1551_virus_2692.jpeg,1,pneumonia_person_1551,1.4,Female,99.5,93.1
train_1_person1353_virus_2333.jpeg,1,pneumonia_person_1353,1.3,Female,99.9,95.3
train_1_person1374_bacteria_3507.jpeg,1,pneumonia_person_1374,3.5,Female,98.5,93.9
train_1_person300_virus_621.jpeg,1,pneumonia_person_300,1.5,Male,100.6,91.6
train_0_IM-0423-0001.jpeg,0,train_NORMAL_IM-0423-0001,3.4,Female,97.6,97.0
train_1_person262_virus_544.jpeg,1,pneumonia_person_262,1.3,Male,101.5,93.0
test_0_NORMAL2-IM-0353-0001.jpeg,0,test_NORMAL_NORMAL2-IM-0353-0001,3.4,Female,98.6,98.9
train_0_NORMAL2-IM-0392-0001.jpeg,0,train_NORMAL_NORMAL2-IM-0392-0001,2.4,Male,98.3,98.9
train_0_NORMAL2-IM-0895-0001.jpeg,0,train_NORMAL_NORMAL2-IM-0895-0001,4.8,Male,98.5,97.1
train_1_person935_virus_1597.jpeg,1,pneumonia_person_935,3.4,Female,100.6,93.6
train_1_person1308_bacteria_3288.jpeg,1,pneumonia_person_1308,4.6,Male,101.0,93.4
train_1_person1265_virus_2156.jpeg,1,pneumonia_person_1265,2.0,Female,102.9,91.5
train_0_IM-0735-0001.jpeg,0,train_NORMAL_IM-0735-0001,3.1,Male,99.0,97.8
train_1_person629_bacteria_2506.jpeg,1,pneumonia_person_629,1.7,Male,96.7,92.3
train_0_NORMAL2-IM-0449-0001.jpeg,0,train_NORMAL_NORMAL2-IM-0449-0001,2.5,Female,98.0,97.3
train_1_person489_bacteria_2064.jpeg,1,pneumonia_person_489,2.7,Male,101.0,88.3
train_1_person311_virus_634.jpeg,1,pneumonia_person_311,2.1,Female,100.4,93.0
train_1_person1372_bacteria_3500.jpeg,1,pneumonia_person_1372,1.4,Male,98.8,90.8
test_1_person1661_virus_2873.jpeg,1,pneumonia_person_1661,1.2,Female,98.6,91.1
test_1_person157_bacteria_739.jpeg,1,pneumonia_person_157,1.0,Female,99.9,99.6
train_1_person264_bacteria_1231.jpeg,1,pneumonia_person_264,1.6,Male,98.8,94.1
train_1_person451_virus_932.jpeg,1,pneumonia_person_451,3.8,Male,101.1,96.6
train_1_person1611_bacteria_4241.jpeg,1,pneumonia_person_1611,1.0,Female,99.9,95.6
train_1_person598_virus_1154.jpeg,1,pneumonia_person_598,1.2,Female,99.6,96.0
test_1_person91_bacteria_445.jpeg,1,pneumonia_person_91,5.0,Male,99.4,93.0
train_1_person401_virus_797.jpeg,1,pneumonia_person_401,2.2,Male,100.7,97.5
train_1_person8_bacteria_37.jpeg,1,pneumonia_person_8,3.4,Male,100.5,95.6
train_1_person951_bacteria_2876.jpeg,1,pneumonia_person_951,3.8,Male,100.7,93.6
train_1_person351_virus_726.jpeg,1,pneumonia_person_351,3.9,Male,100.6,94.2
train_1_person14_bacteria_51.jpeg,1,pneumonia_person_14,1.0,Male,100.3,93.2
train_0_NORMAL2-IM-1277-0001-0001.jpeg,0,train_NORMAL_NORMAL2-IM-1277-0001-0001,2.7,Female,98.5,98.0
train_1_person839_bacteria_2757.jpeg,1,pneumonia_person_839,1.0,Female,99.5,93.4
train_1_person1239_virus_2099.jpeg,1,pneumonia_person_1239,5.0,Male,99.9,94.5
train_1_person16_bacteria_55.jpeg,1,pneumonia_person_16,1.0,Female,103.1,97.8
test_1_person95_bacteria_463.jpeg,1,pneumonia_person_95,1.6,Female,98.6,90.5
train_1_person1938_bacteria_4854.jpeg,1,pneumonia_person_1938,1.6,Female,99.9,96.4
train_1_person1010_virus_1695.jpeg,1,pneumonia_person_1010,1.1,Female,100.5,92.6
train_1_person5_bacteria_16.jpeg,1,pneumonia_person_5,4.8,Female,100.0,96.7
train_1_person55_bacteria_266.jpeg,1,pneumonia_person_55,5.0,Female,101.8,92.7
train_0_NORMAL2-IM-1142-0001.jpeg,0,train_NORMAL_NORMAL2-IM-1142-0001,2.4,Male,98.2,98.4
train_1_person1396_virus_2399.jpeg,1,pneumonia_person_1396,1.3,Male,100.1,93.1
train_1_person769_bacteria_2673.jpeg,1,pneumonia_person_769,1.0,Female,101.5,89.2
train_1_person1218_virus_2066.jpeg,1,pneumonia_person_1218,2.7,Female,102.8,97.8
train_1_person124_virus_234.jpeg,1,pneumonia_person_124,2.6,Male,102.2,91.1
train_0_NORMAL2-IM-0525-0001.jpeg,0,train_NORMAL_NORMAL2-IM-0525-0001,2.2,Female,98.8,98.9
train_1_person880_bacteria_2804.jpeg,1,pneumonia_person_880,3.3,Male,100.3,90.9
train_0_NORMAL2-IM-0842-0001.jpeg,0,train_NORMAL_NORMAL2-IM-0842-0001,3.5,Male,97.8,98.3
train_1_person1502_bacteria_3927.jpeg,1,pneumonia_person_1502,3.4,Female,100.6,93.0
train_0_IM-0430-0001.jpeg,0,train_NORMAL_IM-0430-0001,2.6,Female,98.6,97.2
train_1_person1212_virus_2057.jpeg,1,pneumonia_person_1212,1.6,Male,101.6,90.6
train_1_person595_virus_1147.jpeg,1,pneumonia_person_595,3.9,Female,100.7,93.4
train_0_NORMAL2-IM-1214-0001.jpeg,0,train_NORMAL_NORMAL2-IM-1214-0001,3.0,Female,98.3,96.3
train_0_IM-0429-0001-0002.jpeg,0,train_NORMAL_IM-0429-0001-0002,4.2,Male,98.2,97.0
test_1_person142_bacteria_682.jpeg,1,pneumonia_person_142,4.0,Male,100.5,93.2
train_1_person422_bacteria_1853.jpeg,1,pneumonia_person_422,1.2,Female,97.9,87.3
train_0_IM-0711-0001.jpeg,0,train_NORMAL_IM-0711-0001,1.1,Female,98.3,98.9
train_1_person579_bacteria_2383.jpeg,1,pneumonia_person_579,2.0,Male,99.7,94.7
train_1_person1098_bacteria_3039.jpeg,1,pneumonia_person_1098,1.6,Male,100.8,90.8
train_1_person1011_bacteria_2942.jpeg,1,pneumonia_person_1011,4.0,Male,102.8,94.8
test_1_person8_virus_28.jpeg,1,pneumonia_person_8,3.5,Female,101.1,94.6
train_1_person1683_bacteria_4460.jpeg,1,pneumonia_person_1683,4.4,Female,102.3,91.0
train_0_NORMAL2-IM-0580-0001.jpeg,0,train_NORMAL_NORMAL2-IM-0580-0001,3.5,Female,98.1,95.9
train_1_person442_virus_903.jpeg,1,pneumonia_person_442,3.3,Male,101.9,95.6
train_1_person590_virus_1138.jpeg,1,pneumonia_person_590,4.6,Male,102.8,91.3
train_1_person1241_bacteria_3197.jpeg,1,pneumonia_person_1241,3.6,Male,99.4,93.0
train_1_person1413_virus_2422.jpeg,1,pneumonia_person_1413,3.1,Male,99.4,96.4
test_0_IM-0039-0001.jpeg,0,test_NORMAL_IM-0039-0001,4.9,Male,98.3,97.3
train_1_person569_bacteria_2360.jpeg,1,pneumonia_person_569,3.1,Female,100.4,94.6
train_0_IM-0456-0001.jpeg,0,train_NORMAL_IM-0456-0001,2.6,Male,98.0,96.8
train_1_person506_bacteria_2138.jpeg,1,pneumonia_person_506,1.9,Male,100.1,93.1
train_0_NORMAL2-IM-1258-0001-0002.jpeg,0,train_NORMAL_NORMAL2-IM-1258-0001-0002,3.9,Male,97.5,97.9
train_1_person495_virus_1001.jpeg,1,pneumonia_person_495,4.6,Female,102.5,87.5
train_1_person661_virus_1245.jpeg,1,pneumonia_person_661,2.9,Female,99.0,92.2
train_1_person1156_bacteria_3101.jpeg,1,pneumonia_person_1156,4.7,Male,101.3,94.6
train_0_IM-0721-0001.jpeg,0,train_NORMAL_IM-0721-0001,1.0,Male,98.3,98.2
train_0_IM-0537-0001.jpeg,0,train_NORMAL_IM-0537-0001,2.9,Female,98.3,98.9
train_0_NORMAL2-IM-1054-0001.jpeg,0,train_NORMAL_NORMAL2-IM-1054-0001,2.9,Male,98.2,98.3
train_1_person52_bacteria_251.jpeg,1,pneumonia_person_52,2.1,Female,99.5,95.1
train_1_person479_virus_978.jpeg,1,pneumonia_person_479,5.0,Female,101.1,92.7
train_0_NORMAL2-IM-0863-0001.jpeg,0,train_NORMAL_NORMAL2-IM-0863-0001,2.9,Male,99.3,96.9
train_1_person1816_bacteria_4673.jpeg,1,pneumonia_person_1816,2.5,Female,100.3,94.5
train_0_IM-0206-0001.jpeg,0,train_NORMAL_IM-0206-0001,3.0,Male,98.3,97.9
test_1_person93_bacteria_453.jpeg,1,pneumonia_person_93,1.0,Male,103.4,96.2
train_1_person76_bacteria_370.jpeg,1,pneumonia_person_76,2.0,Female,100.5,92.0
train_1_person294_virus_606.jpeg,1,pneumonia_person_294,4.3,Male,101.0,96.5
train_0_IM-0147-0001.jpeg,0,train_NORMAL_IM-0147-0001,2.2,Male,98.4,97.5
train_1_person1230_bacteria_3185.jpeg,1,pneumonia_person_1230,1.9,Male,99.6,96.1
train_1_person145_virus_294.jpeg,1,pneumonia_person_145,4.7,Female,102.9,93.0
test_1_person85_bacteria_424.jpeg,1,pneumonia_person_85,4.7,Male,97.9,99.9
train_1_person301_bacteria_1427.jpeg,1,pneumonia_person_301,3.7,Male,100.8,93.9
train_1_person26_bacteria_133.jpeg,1,pneumonia_person_26,2.4,Male,98.8,94.1
train_1_person515_bacteria_2189.jpeg,1,pneumonia_person_515,2.7,Female,99.9,93.4
train_1_person1504_bacteria_3931.jpeg,1,pneumonia_person_1504,2.0,Female,99.6,90.7
train_1_person1851_bacteria_4722.jpeg,1,pneumonia_person_1851,1.7,Female,99.1,96.7
train_1_person445_virus_917.jpeg,1,pneumonia_person_445,1.6,Female,100.4,92.1
train_1_person1399_virus_2402.jpeg,1,pneumonia_person_1399,2.2,Female,97.1,95.8
train_1_person1576_bacteria_4128.jpeg,1,pneumonia_person_1576,1.7,Male,100.0,96.4
train_1_person1422_bacteria_3649.jpeg,1,pneumonia_person_1422,1.0,Male,100.3,95.0
train_0_IM-0501-0001.jpeg,0,train_NORMAL_IM-0501-0001,3.3,Female,97.9,97.9
train_1_person77_bacteria_374.jpeg,1,pneumonia_person_77,3.3,Male,102.4,92.6
test_1_person80_bacteria_391.jpeg,1,pneumonia_person_80,5.0,Male,99.6,86.8
train_0_NORMAL2-IM-0642-0001.jpeg,0,train_NORMAL_NORMAL2-IM-0642-0001,2.1,Male,98.5,98.0
train_1_person332_bacteria_1534.jpeg,1,pneumonia_person_332,3.4,Male,99.6,95.5
train_1_person384_virus_769.jpeg,1,pneumonia_person_384,3.4,Female,100.3,92.9
train_1_person1604_virus_2782.jpeg,1,pneumonia_person_1604,2.7,Male,102.1,92.0
train_1_person1513_virus_2632.jpeg,1,pneumonia_person_1513,4.0,Female,103.6,92.8
train_0_IM-0466-0001.jpeg,0,train_NORMAL_IM-0466-0001,4.0,Male,98.5,98.2
test_0_NORMAL2-IM-0246-0001-0002.jpeg,0,test_NORMAL_NORMAL2-IM-0246-0001-0002,3.4,Male,97.7,99.4
train_0_IM-0619-0001.jpeg,0,train_NORMAL_IM-0619-0001,2.7,Female,98.8,97.7
train_1_person71_bacteria_348.jpeg,1,pneumonia_person_71,2.5,Male,100.7,92.1
train_1_person264_bacteria_1228.jpeg,1,pneumonia_person_264,1.2,Male,102.4,94.0
train_1_person298_virus_617.jpeg,1,pneumonia_person_298,2.0,Male,101.4,92.4
train_0_NORMAL2-IM-1135-0001.jpeg,0,train_NORMAL_NORMAL2-IM-1135-0001,2.2,Female,98.6,98.5
train_0_IM-0290-0001.jpeg,0,train_NORMAL_IM-0290-0001,1.5,Female,99.2,100.0
train_1_person1579_bacteria_4133.jpeg,1,pneumonia_person_1579,3.6,Male,98.0,98.8
train_1_person273_virus_562.jpeg,1,pneumonia_person_273,4.6,Female,100.8,92.4
train_1_person1599_virus_2775.jpeg,1,pneumonia_person_1599,1.8,Female,98.4,97.3
train_1_person781_virus_1412.jpeg,1,pneumonia_person_781,3.4,Male,98.3,93.8
train_0_NORMAL2-IM-1015-0001.jpeg,0,train_NORMAL_NORMAL2-IM-1015-0001,1.7,Female,97.9,98.7
train_1_person1538_bacteria_4021.jpeg,1,pneumonia_person_1538,2.6,Female,99.0,90.5
train_1_person484_virus_986.jpeg,1,pneumonia_person_484,2.1,Male,100.4,94.4
train_1_person1298_bacteria_3261.jpeg,1,pneumonia_person_1298,3.8,Male,100.6,90.8
train_1_person1468_virus_2545.jpeg,1,pneumonia_person_1468,2.1,Male,100.6,94.1
train_1_person406_bacteria_1820.jpeg,1,pneumonia_person_406,4.3,Female,99.2,89.7
train_1_person998_bacteria_2927.jpeg,1,pneumonia_person_998,2.7,Female,101.6,93.3
test_0_NORMAL2-IM-0029-0001.jpeg,0,test_NORMAL_NORMAL2-IM-0029-0001,2.2,Male,98.6,98.2
train_1_person420_bacteria_1849.jpeg,1,pneumonia_person_420,1.4,Female,101.0,94.9
train_0_NORMAL2-IM-1326-0001.jpeg,0,train_NORMAL_NORMAL2-IM-1326-0001,3.3,Male,98.6,98.0
train_0_IM-0479-0001.jpeg,0,train_NORMAL_IM-0479-0001,4.2,Male,98.1,99.3
train_1_person1383_bacteria_3521.jpeg,1,pneumonia_person_1383,3.4,Female,101.8,94.7
test_1_person109_bacteria_522.jpeg,1,pneumonia_person_109,5.0,Female,101.7,97.5
train_1_person502_bacteria_2118.jpeg,1,pneumonia_person_502,4.9,Male,99.4,91.1
train_1_person1607_bacteria_4232.jpeg,1,pneumonia_person_1607,2.6,Male,99.7,98.7
train_1_person1414_bacteria_3627.jpeg,1,pneumonia_person_1414,2.6,Male,99.1,93.5
train_1_person1757_bacteria_4599.jpeg,1,pneumonia_person_1757,3.6,Male,99.5,88.6
train_0_NORMAL2-IM-0846-0001.jpeg,0,train_NORMAL_NORMAL2-IM-0846-0001,1.9,Female,98.9,97.6
train_1_person120_virus_226.jpeg,1,pneumonia_person_120,4.5,Female,100.2,95.4
train_1_person64_bacteria_312.jpeg,1,pneumonia_person_64,3.5,Male,101.2,93.8
train_1_person58_bacteria_275.jpeg,1,pneumonia_person_58,3.3,Male,99.4,97.2
train_0_NORMAL2-IM-0847-0001.jpeg,0,train_NORMAL_NORMAL2-IM-0847-0001,3.9,Female,98.4,98.9
train_1_person964_bacteria_2889.jpeg,1,pneumonia_person_964,5.0,Male,100.1,93.8
train_1_person400_virus_794.jpeg,1,pneumonia_person_400,3.2,Female,101.8,93.5
train_1_person609_virus_1176.jpeg,1,pneumonia_person_609,2.9,Male,99.6,93.1
train_1_person1158_bacteria_3103.jpeg,1,pneumonia_person_1158,5.0,Male,99.7,92.5
train_1_person61_bacteria_291.jpeg,1,pneumonia_person_61,4.3,Male,99.3,92.6
train_1_person859_virus_1504.jpeg,1,pneumonia_person_859,2.6,Male,98.9,93.9
train_1_person1722_bacteria_4547.jpeg,1,pneumonia_person_1722,3.0,Male,101.1,94.3
train_1_person1285_virus_2208.jpeg,1,pneumonia_person_1285,3.3,Female,100.2,94.1
train_1_person413_bacteria_1831.jpeg,1,pneumonia_person_413,3.5,Male,100.5,96.5
train_1_person30_bacteria_146.jpeg,1,pneumonia_person_30,1.2,Female,102.1,90.5
train_1_person1363_bacteria_3483.jpeg,1,pneumonia_person_1363,1.0,Female,102.1,89.0
train_1_person258_bacteria_1206.jpeg,1,pneumonia_person_258,1.8,Female,98.3,96.0
test_1_person143_bacteria_687.jpeg,1,pneumonia_person_143,1.7,Female,101.2,91.1
train_1_person1835_bacteria_4699.jpeg,1,pneumonia_person_1835,2.2,Male,100.7,92.6
train_1_person552_virus_1092.jpeg,1,pneumonia_person_552,3.8,Male,99.8,92.0
train_1_person608_bacteria_2473.jpeg,1,pneumonia_person_608,2.8,Female,100.8,91.9
train_1_person754_virus_1379.jpeg,1,pneumonia_person_754,3.3,Male,98.2,89.9
train_1_person374_bacteria_1710.jpeg,1,pneumonia_person_374,1.4,Female,102.3,92.1
train_1_person1320_bacteria_3352.jpeg,1,pneumonia_person_1320,2.4,Female,101.1,95.1
test_1_person120_bacteria_571.jpeg,1,pneumonia_person_120,3.8,Male,99.3,93.5
train_1_person87_virus_160.jpeg,1,pneumonia_person_87,3.8,Male,99.6,94.8
train_1_person1463_bacteria_3811.jpeg,1,pneumonia_person_1463,2.1,Male,98.2,92.3
train_1_person425_virus_871.jpeg,1,pneumonia_person_425,3.2,Male,100.0,95.8
train_0_IM-0367-0001.jpeg,0,train_NORMAL_IM-0367-0001,5.0,Male,98.5,98.7
train_1_person1482_virus_2570.jpeg,1,pneumonia_person_1482,3.0,Female,98.7,88.2
train_0_IM-0484-0001.jpeg,0,train_NORMAL_IM-0484-0001,2.1,Female,98.6,98.6
train_1_person23_bacteria_100.jpeg,1,pneumonia_person_23,2.8,Male,102.1,95.4
train_1_person1328_virus_2293.jpeg,1,pneumonia_person_1328,3.1,Female,100.4,92.1
test_1_person1640_virus_2839.jpeg,1,pneumonia_person_1640,2.8,Female,100.0,96.5
train_1_person833_virus_1469.jpeg,1,pneumonia_person_833,3.0,Female,101.0,91.4
train_1_person314_bacteria_1461.jpeg,1,pneumonia_person_314,1.1,Female,100.4,95.2
train_1_person1311_virus_2259.jpeg,1,pneumonia_person_1311,1.7,Male,99.0,97.9
train_1_person414_virus_845.jpeg,1,pneumonia_person_414,2.8,Female,99.6,93.6
train_0_IM-0650-0001.jpeg,0,train_NORMAL_IM-0650-0001,2.8,Male,98.3,96.6
test_0_IM-0107-0001.jpeg,0,test_NORMAL_IM-0107-0001,2.3,Male,98.6,97.0
train_0_IM-0545-0001.jpeg,0,train_NORMAL_IM-0545-0001,2.8,Male,99.3,98.1
train_1_person265_bacteria_1235.jpeg,1,pneumonia_person_265,3.1,Male,100.7,94.5
test_0_NORMAL2-IM-0095-0001.jpeg,0,test_NORMAL_NORMAL2-IM-0095-0001,4.2,Female,98.8,97.7
train_1_person1549_virus_2690.jpeg,1,pneumonia_person_1549,2.9,Male,101.3,94.2
train_1_person1447_bacteria_3741.jpeg,1,pneumonia_person_1447,3.5,Female,100.4,91.9
train_1_person996_bacteria_2924.jpeg,1,pneumonia_person_996,2.3,Female,103.7,92.0
train_0_NORMAL2-IM-1365-0001.jpeg,0,train_NORMAL_NORMAL2-IM-1365-0001,3.7,Male,98.6,96.8
train_0_IM-0620-0001-0002.jpeg,0,train_NORMAL_IM-0620-0001-0002,3.5,Female,98.9,97.2
train_1_person665_bacteria_2557.jpeg,1,pneumonia_person_665,4.1,Female,104.1,92.3
train_1_person537_bacteria_2265.jpeg,1,pneumonia_person_537,3.9,Female,100.7,92.4
train_1_person27_bacteria_137.jpeg,1,pneumonia_person_27,3.8,Male,100.3,94.1
train_1_person1625_bacteria_4290.jpeg,1,pneumonia_person_1625,2.9,Male,99.1,98.4
train_1_person1367_virus_2351.jpeg,1,pneumonia_person_1367,3.3,Male,102.4,93.6
train_0_NORMAL2-IM-1245-0001.jpeg,0,train_NORMAL_NORMAL2-IM-1245-0001,4.4,Female,98.2,97.6
train_1_person445_bacteria_1930.jpeg,1,pneumonia_person_445,2.2,Female,101.0,91.2
test_1_person134_bacteria_641.jpeg,1,pneumonia_person_134,2.2,Female,99.8,94.2
test_1_person127_bacteria_604.jpeg,1,pneumonia_person_127,3.2,Male,100.2,93.7
train_1_person36_bacteria_184.jpeg,1,pneumonia_person_36,3.5,Female,98.5,97.6
train_1_person445_bacteria_1929.jpeg,1,pneumonia_person_445,1.9,Male,102.1,95.9
train_0_NORMAL2-IM-0529-0001.jpeg,0,train_NORMAL_NORMAL2-IM-0529-0001,2.9,Female,98.4,96.3
train_1_person92_virus_174.jpeg,1,pneumonia_person_92,2.9,Female,98.8,93.0
train_1_person6_bacteria_22.jpeg,1,pneumonia_person_6,1.0,Male,102.0,96.2
train_0_IM-0491-0001.jpeg,0,train_NORMAL_IM-0491-0001,2.7,Male,97.8,96.2
train_0_IM-0332-0001.jpeg,0,train_NORMAL_IM-0332-0001,2.8,Male,98.3,97.8
train_1_person390_bacteria_1781.jpeg,1,pneumonia_person_390,2.8,Female,101.5,92.8
train_1_person1368_virus_2354.jpeg,1,pneumonia_person_1368,4.8,Female,101.0,89.9
train_1_person761_virus_1389.jpeg,1,pneumonia_person_761,1.4,Male,97.5,95.0
train_1_person699_virus_1295.jpeg,1,pneumonia_person_699,1.9,Male,101.3,97.0
train_0_NORMAL2-IM-0818-0001.jpeg,0,train_NORMAL_NORMAL2-IM-0818-0001,1.0,Male,98.6,97.8
train_1_person582_bacteria_2404.jpeg,1,pneumonia_person_582,2.4,Male,100.0,97.4
train_1_person53_bacteria_254.jpeg,1,pneumonia_person_53,2.5,Female,100.3,89.4
train_1_person61_bacteria_293.jpeg,1,pneumonia_person_61,2.3,Male,98.3,90.5
train_0_NORMAL2-IM-0857-0001.jpeg,0,train_NORMAL_NORMAL2-IM-0857-0001,4.4,Female,99.6,99.1
train_1_person598_bacteria_2454.jpeg,1,pneumonia_person_598,4.1,Male,98.6,92.6
train_1_person542_bacteria_2276.jpeg,1,pneumonia_person_542,3.1,Female,100.0,91.8
train_1_person1744_bacteria_4583.jpeg,1,pneumonia_person_1744,2.5,Female,100.6,93.8
train_0_IM-0211-0001.jpeg,0,train_NORMAL_IM-0211-0001,4.3,Male,96.9,98.9
train_1_person644_virus_1225.jpeg,1,pneumonia_person_644,3.0,Male,99.3,92.6
train_1_person30_bacteria_147.jpeg,1,pneumonia_person_30,1.9,Female,102.3,94.2
train_0_IM-0608-0001-0001.jpeg,0,train_NORMAL_IM-0608-0001-0001,1.0,Male,98.6,98.3
train_0_NORMAL2-IM-0841-0001.jpeg,0,train_NORMAL_NORMAL2-IM-0841-0001,2.4,Male,99.1,98.4
train_1_person726_bacteria_2628.jpeg,1,pneumonia_person_726,4.0,Female,99.0,91.9
train_0_NORMAL2-IM-1281-0001.jpeg,0,train_NORMAL_NORMAL2-IM-1281-0001,5.0,Male,97.1,99.4
train_1_person650_bacteria_2542.jpeg,1,pneumonia_person_650,3.1,Female,100.8,95.4
test_0_NORMAL2-IM-0107-0001.jpeg,0,test_NORMAL_NORMAL2-IM-0107-0001,2.0,Female,98.5,97.8
test_1_person1632_virus_2827.jpeg,1,pneumonia_person_1632,1.5,Male,102.0,96.2
train_1_person1449_virus_2474.jpeg,1,pneumonia_person_1449,3.7,Male,99.5,94.3
train_1_person1460_bacteria_3801.jpeg,1,pneumonia_person_1460,1.0,Male,99.2,91.9
train_1_person151_virus_301.jpeg,1,pneumonia_person_151,3.7,Male,100.7,92.8
train_1_person1718_bacteria_4540.jpeg,1,pneumonia_person_1718,4.1,Male,99.5,96.1
train_1_person1644_bacteria_4357.jpeg,1,pneumonia_person_1644,3.6,Female,100.4,87.8
train_1_person1571_virus_2728.jpeg,1,pneumonia_person_1571,2.7,Male,101.7,92.6
train_0_IM-0600-0001.jpeg,0,train_NORMAL_IM-0600-0001,3.7,Male,98.1,97.7
test_1_person75_virus_136.jpeg,1,pneumonia_person_75,3.2,Male,100.6,90.7
train_1_person540_virus_1070.jpeg,1,pneumonia_person_540,2.0,Male,100.7,94.6
train_0_NORMAL2-IM-1267-0001.jpeg,0,train_NORMAL_NORMAL2-IM-1267-0001,5.0,Male,99.2,96.0
train_1_person278_virus_574.jpeg,1,pneumonia_person_278,2.5,Male,100.9,89.9
train_1_person847_virus_1492.jpeg,1,pneumonia_person_847,4.0,Female,100.6,93.7
train_1_person1562_bacteria_4087.jpeg,1,pneumonia_person_1562,1.0,Female,101.6,92.0
train_0_IM-0553-0001.jpeg,0,train_NORMAL_IM-0553-0001,4.7,Female,97.6,97.9
train_0_IM-0668-0001.jpeg,0,train_NORMAL_IM-0668-0001,4.9,Female,98.8,97.2
train_1_person1883_bacteria_4769.jpeg,1,pneumonia_person_1883,3.0,Female,101.7,94.5
test_0_IM-0010-0001.jpeg,0,test_NORMAL_IM-0010-0001,3.7,Male,98.4,98.1
train_1_person908_virus_1564.jpeg,1,pneumonia_person_908,3.7,Male,100.7,94.2
train_1_person1310_bacteria_3297.jpeg,1,pneumonia_person_1310,2.2,Female,100.0,90.6
test_1_person101_bacteria_486.jpeg,1,pneumonia_person_101,3.7,Male,101.0,93.4
train_1_person1901_bacteria_4795.jpeg,1,pneumonia_person_1901,1.9,Female,99.9,91.5
train_1_person416_virus_849.jpeg,1,pneumonia_person_416,2.2,Female,102.5,96.1
train_1_person1395_bacteria_3544.jpeg,1,pneumonia_person_1395,4.5,Male,103.0,95.2
train_1_person1465_virus_2537.jpeg,1,pneumonia_person_1465,4.3,Female,101.5,95.2
train_1_person453_virus_936.jpeg,1,pneumonia_person_453,2.1,Female,102.4,97.8
train_1_person1619_bacteria_4262.jpeg,1,pneumonia_person_1619,2.0,Female,98.4,92.7
train_1_person918_virus_1575.jpeg,1,pneumonia_person_918,2.2,Male,98.6,92.1
train_0_NORMAL2-IM-0671-0001.jpeg,0,train_NORMAL_NORMAL2-IM-0671-0001,4.0,Male,98.1,100.0
train_0_NORMAL2-IM-0932-0001.jpeg,0,train_NORMAL_NORMAL2-IM-0932-0001,1.7,Male,98.3,98.2
train_1_person1677_bacteria_4443.jpeg,1,pneumonia_person_1677,3.5,Male,100.1,89.7
train_0_NORMAL2-IM-1102-0001-0002.jpeg,0,train_NORMAL_NORMAL2-IM-1102-0001-0002,4.0,Female,98.9,97.2
train_0_IM-0261-0001.jpeg,0,train_NORMAL_IM-0261-0001,2.9,Female,98.7,97.1
train_1_person7_bacteria_24.jpeg,1,pneumonia_person_7,4.3,Male,103.2,90.8
train_1_person1422_virus_2434.jpeg,1,pneumonia_person_1422,2.6,Female,102.1,93.2
train_1_person952_virus_1623.jpeg,1,pneumonia_person_952,2.7,Female,101.8,92.5
train_1_person551_bacteria_2311.jpeg,1,pneumonia_person_551,1.7,Male,100.7,95.7
train_1_person813_bacteria_2724.jpeg,1,pneumonia_person_813,4.3,Male,99.3,93.7
train_1_person528_bacteria_2227.jpeg,1,pneumonia_person_528,2.0,Female,100.5,91.5
train_1_person387_virus_772.jpeg,1,pneumonia_person_387,3.5,Female,103.1,95.9
test_1_person34_virus_76.jpeg,1,pneumonia_person_34,2.9,Female,99.9,95.3
train_1_person1924_bacteria_4833.jpeg,1,pneumonia_person_1924,1.6,Female,99.8,90.0
train_1_person743_virus_1366.jpeg,1,pneumonia_person_743,2.2,Female,101.8,94.1
test_1_person100_bacteria_480.jpeg,1,pneumonia_person_100,4.8,Female,101.9,91.7
train_0_IM-0478-0001.jpeg,0,train_NORMAL_IM-0478-0001,3.3,Male,98.2,97.0
train_1_person274_bacteria_1290.jpeg,1,pneumonia_person_274,1.7,Female,100.1,98.2
train_0_NORMAL2-IM-1231-0001.jpeg,0,train_NORMAL_NORMAL2-IM-1231-0001,3.4,Female,98.0,96.4
test_1_person100_bacteria_475.jpeg,1,pneumonia_person_100,2.8,Male,100.5,93.0
train_1_person1004_bacteria_2935.jpeg,1,pneumonia_person_1004,5.0,Female,101.8,93.7
train_0_NORMAL2-IM-0997-0001.jpeg,0,train_NORMAL_NORMAL2-IM-0997-0001,3.4,Female,97.6,98.3
train_1_person649_bacteria_2541.jpeg,1,pneumonia_person_649,2.5,Male,101.8,91.7
test_1_person117_bacteria_553.jpeg,1,pneumonia_person_117,4.8,Male,100.5,92.2
train_1_person132_virus_266.jpeg,1,pneumonia_person_132,1.0,Female,103.4,95.1
train_1_person758_bacteria_2662.jpeg,1,pneumonia_person_758,3.1,Female,100.8,89.7
train_1_person1266_bacteria_3224.jpeg,1,pneumonia_person_1266,5.0,Female,100.3,96.0
train_1_person442_virus_901.jpeg,1,pneumonia_person_442,2.8,Male,101.1,89.5
train_1_person1638_bacteria_4342.jpeg,1,pneumonia_person_1638,1.0,Female,100.0,92.9
test_1_person43_virus_92.jpeg,1,pneumonia_person_43,2.5,Male,98.1,89.5
test_1_person1667_virus_2881.jpeg,1,pneumonia_person_1667,4.9,Male,100.1,90.9
train_1_person884_virus_1534.jpeg,1,pneumonia_person_884,3.5,Male,100.1,96.7
train_1_person1269_virus_2162.jpeg,1,pneumonia_person_1269,1.9,Female,98.3,96.1
train_1_person1_bacteria_2.jpeg,1,pneumonia_person_1,2.1,Female,100.3,96.4
train_1_person368_bacteria_1666.jpeg,1,pneumonia_person_368,2.3,Male,97.7,89.9
train_1_person630_bacteria_2514.jpeg,1,pneumonia_person_630,3.5,Male,99.9,90.9
train_0_NORMAL2-IM-0983-0001-0002.jpeg,0,train_NORMAL_NORMAL2-IM-0983-0001-0002,4.7,Male,98.4,98.4
train_1_person507_virus_1019.jpeg,1,pneumonia_person_507,4.4,Male,100.5,95.3
train_0_IM-0557-0001.jpeg,0,train_NORMAL_IM-0557-0001,3.6,Male,98.4,98.4
train_1_person1509_virus_2621.jpeg,1,pneumonia_person_1509,1.3,Female,100.3,92.1
train_0_NORMAL2-IM-1182-0001.jpeg,0,train_NORMAL_NORMAL2-IM-1182-0001,1.3,Male,98.1,97.2
test_1_person100_bacteria_482.jpeg,1,pneumonia_person_100,3.7,Male,100.4,97.6
train_1_person1000_bacteria_2931.jpeg,1,pneumonia_person_1000,1.3,Male,100.5,92.3
train_1_person524_virus_1045.jpeg,1,pneumonia_person_524,2.7,Female,99.2,93.6
train_0_NORMAL2-IM-1252-0001.jpeg,0,train_NORMAL_NORMAL2-IM-1252-0001,3.4,Male,99.4,98.2
train_1_person433_virus_882.jpeg,1,pneumonia_person_433,1.5,Male,100.7,96.3
train_0_IM-0622-0001-0001.jpeg,0,train_NORMAL_IM-0622-0001-0001,1.7,Female,98.6,98.0
train_1_person1400_bacteria_3551.jpeg,1,pneumonia_person_1400,2.9,Male,103.5,96.4
train_0_NORMAL2-IM-0502-0001.jpeg,0,train_NORMAL_NORMAL2-IM-0502-0001,3.7,Male,97.6,98.1
train_0_NORMAL2-IM-1190-0001.jpeg,0,train_NORMAL_NORMAL2-IM-1190-0001,4.4,Female,98.8,97.4
train_0_NORMAL2-IM-1200-0001.jpeg,0,train_NORMAL_NORMAL2-IM-1200-0001,3.8,Female,98.1,96.8
train_1_person962_virus_1635.jpeg,1,pneumonia_person_962,3.1,Female,99.1,93.2
train_0_NORMAL2-IM-1345-0001.jpeg,0,train_NORMAL_NORMAL2-IM-1345-0001,2.0,Male,98.2,99.3
train_1_person2_bacteria_4.jpeg,1,pneumonia_person_2,1.6,Male,99.5,95.2
train_1_person364_bacteria_1656.jpeg,1,pneumonia_person_364,2.3,Female,99.7,94.6
train_1_person442_virus_899.jpeg,1,pneumonia_person_442,3.5,Female,99.7,90.9
train_1_person1326_bacteria_3372.jpeg,1,pneumonia_person_1326,3.4,Female,99.1,91.7
train_1_person1078_virus_1788.jpeg,1,pneumonia_person_1078,1.0,Female,98.1,96.9
train_1_person1163_virus_1951.jpeg,1,pneumonia_person_1163,2.0,Female,99.8,94.7
train_1_person1110_bacteria_3051.jpeg,1,pneumonia_person_1110,4.6,Female,101.5,95.7
test_1_person61_virus_118.jpeg,1,pneumonia_person_61,3.1,Female,100.7,93.7
train_0_NORMAL2-IM-0407-0001.jpeg,0,train_NORMAL_NORMAL2-IM-0407-0001,1.2,Female,98.0,97.2
train_1_person1341_virus_2313.jpeg,1,pneumonia_person_1341,5.0,Female,101.4,95.4
train_1_person449_bacteria_1940.jpeg,1,pneumonia_person_449,3.0,Female,101.1,94.1
test_1_person120_bacteria_570.jpeg,1,pneumonia_person_120,3.5,Male,102.8,93.1
train_1_person82_virus_155.jpeg,1,pneumonia_person_82,3.5,Female,100.3,90.0
train_1_person709_bacteria_2608.jpeg,1,pneumonia_person_709,2.5,Male,100.5,95.9
train_1_person606_bacteria_2469.jpeg,1,pneumonia_person_606,2.1,Male,100.4,94.6
test_1_person120_bacteria_572.jpeg,1,pneumonia_person_120,5.0,Male,102.4,92.0
train_1_person937_virus_1599.jpeg,1,pneumonia_person_937,4.3,Female,100.4,96.4
train_1_person1328_virus_2294.jpeg,1,pneumonia_person_1328,4.1,Male,99.6,94.1
train_0_IM-0580-0001.jpeg,0,train_NORMAL_IM-0580-0001,3.7,Male,98.1,96.9
train_0_NORMAL2-IM-0667-0001.jpeg,0,train_NORMAL_NORMAL2-IM-0667-0001,1.7,Male,98.9,98.0
train_1_person1403_bacteria_3557.jpeg,1,pneumonia_person_1403,4.7,Male,101.1,95.2
train_1_person1499_bacteria_3915.jpeg,1,pneumonia_person_1499,1.9,Male,100.9,94.2
train_1_person19_bacteria_62.jpeg,1,pneumonia_person_19,3.4,Male,100.2,93.0
train_1_person522_bacteria_2210.jpeg,1,pneumonia_person_522,1.0,Female,101.1,98.5
test_1_person78_bacteria_378.jpeg,1,pneumonia_person_78,1.0,Male,98.5,91.7
train_1_person472_bacteria_2008.jpeg,1,pneumonia_person_472,3.4,Female,100.6,95.4
train_1_person605_bacteria_2464.jpeg,1,pneumonia_person_605,1.9,Female,99.8,93.3
train_1_person1361_bacteria_3477.jpeg,1,pneumonia_person_1361,1.0,Female,104.1,94.6
train_1_person646_bacteria_2538.jpeg,1,pneumonia_person_646,3.7,Female,100.6,96.6
train_1_person490_bacteria_2068.jpeg,1,pneumonia_person_490,5.0,Female,99.6,92.7
train_1_person1518_bacteria_3969.jpeg,1,pneumonia_person_1518,4.8,Female,98.6,95.0
train_1_person260_bacteria_1224.jpeg,1,pneumonia_person_260,2.7,Male,102.1,94.2
train_1_person600_bacteria_2458.jpeg,1,pneumonia_person_600,3.0,Female,99.9,91.9
train_1_person1779_bacteria_4626.jpeg,1,pneumonia_person_1779,4.2,Male,99.4,96.6
test_1_person108_bacteria_506.jpeg,1,pneumonia_person_108,4.5,Female,100.8,95.3
train_1_person1328_virus_2295.jpeg,1,pneumonia_person_1328,2.6,Female,101.2,92.4
train_1_person544_virus_1080.jpeg,1,pneumonia_person_544,3.0,Female,101.2,96.3
train_0_IM-0629-0001-0001.jpeg,0,train_NORMAL_IM-0629-0001-0001,3.4,Female,97.5,98.7
train_1_person73_bacteria_357.jpeg,1,pneumonia_person_73,3.7,Male,100.6,93.4
train_1_person836_bacteria_2752.jpeg,1,pneumonia_person_836,2.8,Male,100.7,92.4
train_0_IM-0324-0001.jpeg,0,train_NORMAL_IM-0324-0001,2.8,Female,98.5,97.8
train_1_person1695_bacteria_4492.jpeg,1,pneumonia_person_1695,4.8,Male,101.0,92.3
train_1_person300_bacteria_1421.jpeg,1,pneumonia_person_300,4.6,Male,101.8,95.4
train_1_person1375_bacteria_3509.jpeg,1,pneumonia_person_1375,3.6,Male,100.5,95.0
train_0_IM-0304-0001.jpeg,0,train_NORMAL_IM-0304-0001,5.0,Female,97.3,97.5
train_1_person472_bacteria_2015.jpeg,1,pneumonia_person_472,2.5,Male,100.2,98.1
train_1_person1067_virus_1770.jpeg,1,pneumonia_person_1067,5.0,Female,101.4,91.6
train_1_person62_bacteria_300.jpeg,1,pneumonia_person_62,3.7,Male,98.1,90.0
train_1_person1004_virus_1686.jpeg,1,pneumonia_person_1004,5.0,Male,98.1,95.6
train_1_person1644_bacteria_4361.jpeg,1,pneumonia_person_1644,1.4,Male,101.6,88.1
train_1_person277_bacteria_1301.jpeg,1,pneumonia_person_277,2.1,Male,102.4,97.2
train_1_person326_virus_670.jpeg,1,pneumonia_person_326,3.5,Female,98.8,93.8
train_1_person1222_bacteria_3177.jpeg,1,pneumonia_person_1222,3.5,Female,100.5,89.9
train_1_person801_virus_1434.jpeg,1,pneumonia_person_801,5.0,Female,99.9,91.1
train_1_person623_bacteria_2495.jpeg,1,pneumonia_person_623,2.1,Male,100.1,89.4
train_0_NORMAL2-IM-0736-0001.jpeg,0,train_NORMAL_NORMAL2-IM-0736-0001,4.2,Female,98.0,99.0
train_0_NORMAL2-IM-1180-0001.jpeg,0,train_NORMAL_NORMAL2-IM-1180-0001,4.5,Female,97.8,97.9
train_1_person943_bacteria_2868.jpeg,1,pneumonia_person_943,3.9,Female,99.0,94.8
train_1_person267_bacteria_1250.jpeg,1,pneumonia_person_267,1.8,Female,100.0,92.7
train_0_IM-0377-0001.jpeg,0,train_NORMAL_IM-0377-0001,4.8,Female,98.8,97.1
train_0_IM-0400-0001.jpeg,0,train_NORMAL_IM-0400-0001,4.6,Female,98.1,97.7
train_1_person1133_virus_1865.jpeg,1,pneumonia_person_1133,3.8,Male,101.4,95.1
train_0_NORMAL2-IM-0974-0001.jpeg,0,train_NORMAL_NORMAL2-IM-0974-0001,3.3,Male,98.5,98.2
train_1_person471_virus_968.jpeg,1,pneumonia_person_471,3.3,Female,99.9,91.9
train_1_person554_bacteria_2320.jpeg,1,pneumonia_person_554,2.9,Female,100.8,93.4
train_0_NORMAL2-IM-0995-0001-0002.jpeg,0,train_NORMAL_NORMAL2-IM-0995-0001-0002,3.8,Male,98.2,98.9
train_0_IM-0532-0001.jpeg,0,train_NORMAL_IM-0532-0001,3.0,Male,98.6,98.4
train_1_person298_bacteria_1411.jpeg,1,pneumonia_person_298,1.9,Female,99.2,91.6
train_1_person421_bacteria_1852.jpeg,1,pneumonia_person_421,1.6,Female,98.6,92.4
train_1_person594_bacteria_2436.jpeg,1,pneumonia_person_594,2.0,Male,100.0,92.5
train_1_person427_virus_875.jpeg,1,pneumonia_person_427,3.3,Female,100.5,94.2
train_1_person927_virus_1584.jpeg,1,pneumonia_person_927,3.0,Female,98.8,93.5
train_1_person1418_bacteria_3639.jpeg,1,pneumonia_person_1418,3.3,Female,98.6,94.8
train_1_person470_bacteria_1996.jpeg,1,pneumonia_person_470,3.7,Female,100.6,93.2
train_1_person736_bacteria_2639.jpeg,1,pneumonia_person_736,2.2,Male,99.4,92.1
test_0_IM-0095-0001.jpeg,0,test_NORMAL_IM-0095-0001,4.9,Male,98.8,97.0
train_1_person549_bacteria_2306.jpeg,1,pneumonia_person_549,2.7,Female,101.7,91.2
train_0_IM-0307-0001.jpeg,0,train_NORMAL_IM-0307-0001,2.4,Male,99.0,99.3
train_0_NORMAL2-IM-0937-0001.jpeg,0,train_NORMAL_NORMAL2-IM-0937-0001,3.6,Male,98.2,99.0
train_1_person911_virus_1567.jpeg,1,pneumonia_person_911,1.0,Male,100.4,94.0
train_0_IM-0593-0001.jpeg,0,train_NORMAL_IM-0593-0001,2.0,Female,98.9,95.0
test_1_person53_virus_107.jpeg,1,pneumonia_person_53,4.3,Female,100.1,97.5
train_1_person1601_bacteria_4212.jpeg,1,pneumonia_person_1601,1.0,Male,96.9,94.5
train_1_person491_bacteria_2082.jpeg,1,pneumonia_person_491,4.5,Female,98.9,93.7
train_1_person510_bacteria_2147.jpeg,1,pneumonia_person_510,5.0,Male,100.2,91.8
train_1_person1877_bacteria_4761.jpeg,1,pneumonia_person_1877,2.5,Male,100.9,95.5
train_1_person441_bacteria_1912.jpeg,1,pneumonia_person_441,3.4,Female,98.1,92.8
train_0_NORMAL2-IM-0540-0001.jpeg,0,train_NORMAL_NORMAL2-IM-0540-0001,4.5,Female,99.0,96.9
train_1_person258_bacteria_1214.jpeg,1,pneumonia_person_258,2.4,Male,98.9,93.0
test_1_person67_virus_126.jpeg,1,pneumonia_person_67,4.1,Male,100.7,94.0
train_0_NORMAL2-IM-0594-0001.jpeg,0,train_NORMAL_NORMAL2-IM-0594-0001,2.1,Female,98.0,98.3
train_1_person443_bacteria_1924.jpeg,1,pneumonia_person_443,2.4,Male,101.4,93.2
train_1_person1246_bacteria_3202.jpeg,1,pneumonia_person_1246,2.0,Male,101.8,93.3
train_0_IM-0519-0001.jpeg,0,train_NORMAL_IM-0519-0001,3.4,Male,98.4,96.3
train_0_IM-0279-0001.jpeg,0,train_NORMAL_IM-0279-0001,4.5,Male,98.2,97.6
train_1_person1922_bacteria_4830.jpeg,1,pneumonia_person_1922,2.8,Female,99.9,90.2
train_1_person1267_bacteria_3226.jpeg,1,pneumonia_person_1267,1.3,Male,104.1,98.6
train_1_person503_bacteria_2126.jpeg,1,pneumonia_person_503,1.6,Male,98.8,93.4
train_1_person577_bacteria_2378.jpeg,1,pneumonia_person_577,3.5,Male,99.7,95.0
train_0_NORMAL2-IM-0393-0001.jpeg,0,train_NORMAL_NORMAL2-IM-0393-0001,5.0,Male,98.2,97.2
train_1_person886_bacteria_2810.jpeg,1,pneumonia_person_886,3.5,Male,101.4,89.2
train_0_NORMAL2-IM-1371-0001.jpeg,0,train_NORMAL_NORMAL2-IM-1371-0001,2.5,Male,98.7,98.5
test_0_NORMAL2-IM-0351-0001.jpeg,0,test_NORMAL_NORMAL2-IM-0351-0001,4.0,Male,98.2,96.9
train_1_person268_virus_553.jpeg,1,pneumonia_person_268,2.7,Female,97.7,96.0
train_1_person382_bacteria_1739.jpeg,1,pneumonia_person_382,2.5,Female,102.5,90.0
train_1_person844_virus_1487.jpeg,1,pneumonia_person_844,1.8,Female,100.1,91.4
train_1_person58_bacteria_273.jpeg,1,pneumonia_person_58,4.8,Male,102.0,93.9
train_1_person351_bacteria_1622.jpeg,1,pneumonia_person_351,1.0,Female,97.8,94.7
train_1_person1468_bacteria_3822.jpeg,1,pneumonia_person_1468,4.0,Male,100.7,94.6
train_1_person1356_virus_2337.jpeg,1,pneumonia_person_1356,2.4,Female,99.7,91.0
train_0_NORMAL2-IM-1004-0001.jpeg,0,train_NORMAL_NORMAL2-IM-1004-0001,2.5,Male,98.2,97.8
train_0_NORMAL2-IM-0522-0001.jpeg,0,train_NORMAL_NORMAL2-IM-0522-0001,5.0,Female,98.9,98.1
train_0_NORMAL2-IM-1198-0001.jpeg,0,train_NORMAL_NORMAL2-IM-1198-0001,2.1,Male,98.8,98.6
train_1_person1644_bacteria_4362.jpeg,1,pneumonia_person_1644,2.1,Male,99.0,92.6
train_1_person257_bacteria_1194.jpeg,1,pneumonia_person_257,2.8,Male,100.3,90.6
train_1_person909_virus_1565.jpeg,1,pneumonia_person_909,3.5,Female,100.2,92.4
train_1_person1030_virus_1722.jpeg,1,pneumonia_person_1030,2.4,Male,101.0,94.5
test_1_person175_bacteria_833.jpeg,1,pneumonia_person_175,1.0,Male,101.7,92.9
train_1_person264_bacteria_1234.jpeg,1,pneumonia_person_264,1.9,Female,100.6,97.0
train_1_person392_bacteria_1785.jpeg,1,pneumonia_person_392,4.7,Male,98.7,95.8
test_0_IM-0017-0001.jpeg,0,test_NORMAL_IM-0017-0001,3.1,Male,98.2,97.8
train_1_person589_bacteria_2425.jpeg,1,pneumonia_person_589,3.6,Male,103.8,88.6
train_1_person81_virus_152.jpeg,1,pneumonia_person_81,2.7,Male,102.5,91.8
test_0_NORMAL2-IM-0333-0001.jpeg,0,test_NORMAL_NORMAL2-IM-0333-0001,2.1,Male,98.0,98.0
train_1_person1216_virus_2062.jpeg,1,pneumonia_person_1216,5.0,Male,100.5,91.6
train_1_person727_bacteria_2629.jpeg,1,pneumonia_person_727,2.8,Female,101.6,94.0
train_1_person771_bacteria_2675.jpeg,1,pneumonia_person_771,2.4,Male,100.2,94.0
train_0_IM-0490-0001.jpeg,0,train_NORMAL_IM-0490-0001,4.4,Female,97.8,97.9
train_1_person1523_bacteria_3980.jpeg,1,pneumonia_person_1523,2.1,Male,100.1,95.5
train_1_person1337_virus_2307.jpeg,1,pneumonia_person_1337,2.2,Female,101.1,93.5
train_1_person1609_bacteria_4236.jpeg,1,pneumonia_person_1609,3.0,Male,98.9,94.4
train_1_person441_bacteria_1914.jpeg,1,pneumonia_person_441,3.0,Male,101.9,95.4
train_0_NORMAL2-IM-1018-0001.jpeg,0,train_NORMAL_NORMAL2-IM-1018-0001,3.3,Male,97.8,99.6
train_0_NORMAL2-IM-0602-0001.jpeg,0,train_NORMAL_NORMAL2-IM-0602-0001,5.0,Female,99.4,97.7
test_1_person1637_virus_2834.jpeg,1,pneumonia_person_1637,3.4,Female,101.9,93.1
train_1_person450_bacteria_1941.jpeg,1,pneumonia_person_450,1.0,Female,98.4,97.3
train_1_person1312_bacteria_3314.jpeg,1,pneumonia_person_1312,3.4,Female,99.7,91.3
train_1_person1409_bacteria_3585.jpeg,1,pneumonia_person_1409,3.0,Male,99.7,97.1
train_1_person1290_bacteria_3253.jpeg,1,pneumonia_person_1290,3.1,Female,103.2,91.2
train_1_person378_virus_761.jpeg,1,pneumonia_person_378,3.3,Female,99.5,99.9
train_1_person441_virus_895.jpeg,1,pneumonia_person_441,3.0,Female,97.6,91.1
train_1_person688_bacteria_2584.jpeg,1,pneumonia_person_688,2.9,Female,99.6,96.1
train_1_person929_bacteria_2854.jpeg,1,pneumonia_person_929,3.8,Male,101.0,92.6
test_0_IM-0049-0001.jpeg,0,test_NORMAL_IM-0049-0001,2.3,Male,97.1,99.8
train_0_NORMAL2-IM-0757-0001.jpeg,0,train_NORMAL_NORMAL2-IM-0757-0001,1.8,Male,97.9,97.7
train_1_person309_virus_631.jpeg,1,pneumonia_person_309,5.0,Female,102.2,90.8
train_1_person346_virus_709.jpeg,1,pneumonia_person_346,2.1,Female,100.6,86.5
train_0_IM-0686-0001.jpeg,0,train_NORMAL_IM-0686-0001,3.1,Female,98.2,96.4
train_0_NORMAL2-IM-0999-0001.jpeg,0,train_NORMAL_NORMAL2-IM-0999-0001,1.1,Female,97.8,96.7
train_1_person666_bacteria_2558.jpeg,1,pneumonia_person_666,3.2,Male,99.9,86.1
train_1_person596_bacteria_2441.jpeg,1,pneumonia_person_596,1.8,Male,99.5,94.3
train_1_person255_bacteria_1162.jpeg,1,pneumonia_person_255,2.4,Male,99.9,95.2
train_1_person600_virus_1156.jpeg,1,pneumonia_person_600,4.4,Female,98.8,91.7
test_1_person48_virus_100.jpeg,1,pneumonia_person_48,3.6,Female,99.8,91.7
test_1_person109_bacteria_523.jpeg,1,pneumonia_person_109,3.7,Female,100.1,93.5
train_0_IM-0555-0001.jpeg,0,train_NORMAL_IM-0555-0001,1.0,Female,98.2,98.3
train_0_IM-0539-0001-0001.jpeg,0,train_NORMAL_IM-0539-0001-0001,5.0,Male,97.9,100.0
train_1_person861_virus_1506.jpeg,1,pneumonia_person_861,1.5,Female,98.8,97.2
train_1_person1543_virus_2684.jpeg,1,pneumonia_person_1543,5.0,Female,98.3,96.3
train_1_person1133_bacteria_3075.jpeg,1,pneumonia_person_1133,4.3,Female,100.7,92.9
train_1_person474_virus_971.jpeg,1,pneumonia_person_474,3.8,Female,100.5,89.6
train_1_person1637_bacteria_4339.jpeg,1,pneumonia_person_1637,1.9,Female,99.7,92.9
test_0_NORMAL2-IM-0251-0001.jpeg,0,test_NORMAL_NORMAL2-IM-0251-0001,3.2,Male,98.5,98.2
train_0_NORMAL2-IM-0848-0001.jpeg,0,train_NORMAL_NORMAL2-IM-0848-0001,2.4,Female,98.7,99.5
test_1_person99_bacteria_474.jpeg,1,pneumonia_person_99,3.0,Male,102.2,95.1
train_1_person1346_virus_2322.jpeg,1,pneumonia_person_1346,2.7,Female,99.4,95.7
train_0_IM-0493-0001.jpeg,0,train_NORMAL_IM-0493-0001,1.0,Female,99.0,97.4
train_1_person757_virus_1385.jpeg,1,pneumonia_person_757,4.5,Female,101.6,92.8
train_1_person853_bacteria_2774.jpeg,1,pneumonia_person_853,2.9,Male,99.4,94.8
test_0_NORMAL2-IM-0171-0001.jpeg,0,test_NORMAL_NORMAL2-IM-0171-0001,2.4,Male,98.3,98.9
train_1_person1096_bacteria_3037.jpeg,1,pneumonia_person_1096,2.3,Female,100.4,89.8
train_1_person549_bacteria_2305.jpeg,1,pneumonia_person_549,3.5,Female,98.7,94.7
train_1_person1390_bacteria_3534.jpeg,1,pneumonia_person_1390,1.8,Male,100.6,98.1
train_1_person261_bacteria_1225.jpeg,1,pneumonia_person_261,1.0,Female,100.4,90.6
train_0_NORMAL2-IM-0460-0001.jpeg,0,train_NORMAL_NORMAL2-IM-0460-0001,3.5,Female,97.4,97.5
train_1_person336_bacteria_1551.jpeg,1,pneumonia_person_336,3.7,Female,98.9,96.3
test_1_person16_virus_47.jpeg,1,pneumonia_person_16,2.7,Male,100.4,89.8
train_0_NORMAL2-IM-0872-0001.jpeg,0,train_NORMAL_NORMAL2-IM-0872-0001,1.5,Female,98.3,98.1
train_0_IM-0606-0001.jpeg,0,train_NORMAL_IM-0606-0001,3.1,Male,98.6,96.8
train_1_person21_bacteria_72.jpeg,1,pneumonia_person_21,1.1,Female,102.1,93.3
train_0_NORMAL2-IM-1316-0001.jpeg,0,train_NORMAL_NORMAL2-IM-1316-0001,1.7,Female,98.2,99.2
train_1_person1177_virus_2001.jpeg,1,pneumonia_person_1177,2.0,Male,101.0,96.8
test_1_person136_bacteria_654.jpeg,1,pneumonia_person_136,4.1,Female,99.8,93.2
train_1_person21_bacteria_73.jpeg,1,pneumonia_person_21,2.5,Male,100.8,92.3
test_1_person149_bacteria_713.jpeg,1,pneumonia_person_149,2.4,Female,99.4,92.4
train_1_person298_bacteria_1408.jpeg,1,pneumonia_person_298,5.0,Male,98.2,92.6
train_0_IM-0543-0001-0002.jpeg,0,train_NORMAL_IM-0543-0001-0002,3.5,Female,98.5,96.9
train_1_person1431_bacteria_3698.jpeg,1,pneumonia_person_1431,3.4,Male,101.3,92.3
train_0_NORMAL2-IM-1160-0001.jpeg,0,train_NORMAL_NORMAL2-IM-1160-0001,2.5,Male,98.1,98.4
train_1_person1634_bacteria_4326.jpeg,1,pneumonia_person_1634,2.2,Male,100.9,94.5
train_1_person1857_bacteria_4729.jpeg,1,pneumonia_person_1857,1.0,Female,100.7,96.5
train_1_person340_virus_698.jpeg,1,pneumonia_person_340,4.3,Male,100.9,94.1
train_1_person1288_virus_2211.jpeg,1,pneumonia_person_1288,3.6,Male,101.1,92.3
train_0_NORMAL2-IM-1175-0001.jpeg,0,train_NORMAL_NORMAL2-IM-1175-0001,2.8,Male,98.0,97.6
train_1_person363_virus_742.jpeg,1,pneumonia_person_363,2.8,Male,100.5,94.2
train_0_NORMAL2-IM-0858-0001.jpeg,0,train_NORMAL_NORMAL2-IM-0858-0001,4.0,Male,98.0,97.2
train_1_person1530_bacteria_4000.jpeg,1,pneumonia_person_1530,1.0,Female,100.6,93.3
train_0_NORMAL2-IM-0488-0001.jpeg,0,train_NORMAL_NORMAL2-IM-0488-0001,2.2,Female,98.3,97.3
train_0_IM-0747-0001.jpeg,0,train_NORMAL_IM-0747-0001,1.5,Female,98.2,98.5
train_1_person1132_virus_1863.jpeg,1,pneumonia_person_1132,5.0,Female,100.1,94.2
train_1_person291_bacteria_1374.jpeg,1,pneumonia_person_291,4.1,Female,99.8,93.1
train_1_person23_bacteria_103.jpeg,1,pneumonia_person_23,1.0,Male,100.7,91.5
train_1_person796_virus_1428.jpeg,1,pneumonia_person_796,1.0,Female,99.7,92.0
train_1_person23_bacteria_79.jpeg,1,pneumonia_person_23,2.8,Male,100.2,95.6
train_0_IM-0278-0001.jpeg,0,train_NORMAL_IM-0278-0001,2.4,Female,98.0,97.8
test_0_NORMAL2-IM-0370-0001.jpeg,0,test_NORMAL_NORMAL2-IM-0370-0001,1.3,Male,98.9,98.4
train_1_person1490_bacteria_3891.jpeg,1,pneumonia_person_1490,5.0,Female,101.2,96.4
train_1_person326_virus_675.jpeg,1,pneumonia_person_326,3.4,Male,100.1,91.1
train_1_person962_bacteria_2887.jpeg,1,pneumonia_person_962,3.6,Male,97.8,93.6
train_1_person297_bacteria_1404.jpeg,1,pneumonia_person_297,2.1,Male,101.2,94.7
train_0_IM-0450-0001.jpeg,0,train_NORMAL_IM-0450-0001,3.9,Female,98.0,96.4
test_1_person152_bacteria_723.jpeg,1,pneumonia_person_152,2.5,Male,99.1,87.3
train_1_person1164_virus_1956.jpeg,1,pneumonia_person_1164,2.6,Male,101.4,94.5
train_1_person278_virus_572.jpeg,1,pneumonia_person_278,3.8,Male,98.6,96.8
train_1_person612_bacteria_2477.jpeg,1,pneumonia_person_612,1.0,Female,101.8,95.5
train_1_person1065_bacteria_2999.jpeg,1,pneumonia_person_1065,5.0,Female,100.3,88.2
train_0_IM-0588-0001.jpeg,0,train_NORMAL_IM-0588-0001,3.2,Female,98.6,99.1
train_1_person837_bacteria_2753.jpeg,1,pneumonia_person_837,4.7,Female,100.6,90.2
train_1_person337_bacteria_1563.jpeg,1,pneumonia_person_337,1.6,Male,99.9,90.8
train_1_person305_bacteria_1437.jpeg,1,pneumonia_person_305,1.8,Female,99.7,95.5
train_1_person1381_bacteria_3516.jpeg,1,pneumonia_person_1381,1.5,Male,99.4,94.6
train_1_person924_virus_1581.jpeg,1,pneumonia_person_924,3.3,Male,100.2,93.7
val_1_person1952_bacteria_4883.jpeg,1,pneumonia_person_1952,3.1,Male,99.8,92.1
train_0_NORMAL2-IM-1264-0001.jpeg,0,train_NORMAL_NORMAL2-IM-1264-0001,2.4,Male,98.5,97.4
train_1_person679_virus_1270.jpeg,1,pneumonia_person_679,1.7,Male,102.1,93.4
test_1_person15_virus_46.jpeg,1,pneumonia_person_15,1.4,Female,100.1,89.6
train_1_person1258_virus_2138.jpeg,1,pneumonia_person_1258,2.9,Female,99.4,96.6
train_1_person343_bacteria_1584.jpeg,1,pneumonia_person_343,2.4,Male,98.9,94.0
train_1_person1158_virus_1940.jpeg,1,pneumonia_person_1158,2.1,Male,101.4,96.3
train_1_person1180_virus_2008.jpeg,1,pneumonia_person_1180,5.0,Female,98.7,94.9
train_1_person1481_bacteria_3862.jpeg,1,pneumonia_person_1481,2.9,Male,100.6,99.5
train_1_person416_bacteria_1840.jpeg,1,pneumonia_person_416,4.7,Female,99.6,92.7
train_0_IM-0341-0001.jpeg,0,train_NORMAL_IM-0341-0001,2.3,Male,98.5,99.0
train_1_person37_bacteria_189.jpeg,1,pneumonia_person_37,3.3,Female,99.0,95.3
train_0_NORMAL2-IM-0553-0001.jpeg,0,train_NORMAL_NORMAL2-IM-0553-0001,2.9,Female,98.5,99.7
train_1_person481_bacteria_2041.jpeg,1,pneumonia_person_481,1.0,Male,100.4,95.5
train_1_person1343_bacteria_3418.jpeg,1,pneumonia_person_1343,4.9,Male,100.7,86.1
train_0_IM-0667-0001.jpeg,0,train_NORMAL_IM-0667-0001,2.8,Female,98.8,97.5
train_0_IM-0509-0001-0001.jpeg,0,train_NORMAL_IM-0509-0001-0001,4.0,Male,97.9,100.0
train_1_person609_bacteria_2474.jpeg,1,pneumonia_person_609,2.0,Male,101.6,93.2
train_1_person707_bacteria_2606.jpeg,1,pneumonia_person_707,2.8,Male,98.2,91.3
train_1_person1294_virus_2222.jpeg,1,pneumonia_person_1294,1.9,Male,100.4,95.8
train_0_NORMAL2-IM-0641-0001.jpeg,0,train_NORMAL_NORMAL2-IM-0641-0001,4.6,Female,98.3,97.5
train_1_person1729_bacteria_4557.jpeg,1,pneumonia_person_1729,3.4,Male,99.0,94.0
train_1_person1535_bacteria_4016.jpeg,1,pneumonia_person_1535,3.5,Male,100.7,93.4
train_1_person401_virus_798.jpeg,1,pneumonia_person_401,4.8,Female,99.7,94.8
train_1_person26_bacteria_127.jpeg,1,pneumonia_person_26,4.5,Female,98.8,97.1
train_0_IM-0621-0001.jpeg,0,train_NORMAL_IM-0621-0001,4.0,Female,98.3,96.7
test_1_person60_virus_117.jpeg,1,pneumonia_person_60,1.2,Female,101.6,95.6
train_1_person347_bacteria_1599.jpeg,1,pneumonia_person_347,2.1,Male,97.9,93.9
train_1_person368_bacteria_1672.jpeg,1,pneumonia_person_368,1.7,Female,98.5,92.2
train_0_IM-0738-0001.jpeg,0,train_NORMAL_IM-0738-0001,3.9,Male,99.0,96.7
train_1_person488_virus_992.jpeg,1,pneumonia_person_488,3.2,Female,100.0,92.8
train_1_person413_bacteria_1828.jpeg,1,pneumonia_person_413,1.2,Female,102.4,94.9
train_1_person1512_bacteria_3958.jpeg,1,pneumonia_person_1512,2.8,Female,101.2,93.8
test_1_person50_virus_102.jpeg,1,pneumonia_person_50,1.1,Female,100.8,91.5
train_1_person492_bacteria_2085.jpeg,1,pneumonia_person_492,2.9,Male,99.1,92.9
train_1_person53_bacteria_253.jpeg,1,pneumonia_person_53,1.0,Male,101.0,89.7
train_1_person101_virus_187.jpeg,1,pneumonia_person_101,3.7,Female,98.7,93.0
train_1_person354_bacteria_1632.jpeg,1,pneumonia_person_354,3.5,Male,102.1,93.5
train_1_person508_virus_1021.jpeg,1,pneumonia_person_508,5.0,Female,100.9,98.0
train_1_person1162_virus_1949.jpeg,1,pneumonia_person_1162,4.1,Female,99.3,96.9
train_0_IM-0369-0001.jpeg,0,train_NORMAL_IM-0369-0001,2.5,Male,97.2,96.9
train_1_person531_bacteria_2237.jpeg,1,pneumonia_person_531,4.1,Female,103.3,94.0
train_1_person396_virus_789.jpeg,1,pneumonia_person_396,1.2,Female,100.1,94.0
train_1_person387_bacteria_1772.jpeg,1,pneumonia_person_387,1.7,Female,101.1,92.9
test_1_person40_virus_87.jpeg,1,pneumonia_person_40,3.4,Male,99.8,93.1
train_0_IM-0665-0001.jpeg,0,train_NORMAL_IM-0665-0001,1.0,Male,98.4,97.1
train_1_person48_bacteria_230.jpeg,1,pneumonia_person_48,3.0,Male,98.4,98.2
train_1_person344_virus_705.jpeg,1,pneumonia_person_344,1.7,Male,100.4,92.5
train_1_person1309_virus_2254.jpeg,1,pneumonia_person_1309,3.1,Male,100.5,94.4
train_1_person571_bacteria_2367.jpeg,1,pneumonia_person_571,1.6,Male,102.7,87.2
train_1_person1069_bacteria_3003.jpeg,1,pneumonia_person_1069,3.6,Male,98.1,95.6
train_1_person67_bacteria_330.jpeg,1,pneumonia_person_67,3.0,Male,100.0,96.5
train_1_person491_bacteria_2075.jpeg,1,pneumonia_person_491,4.8,Female,102.1,90.9
train_1_person371_bacteria_1702.jpeg,1,pneumonia_person_371,3.0,Female,100.1,92.2
train_0_NORMAL2-IM-1345-0001-0002.jpeg,0,train_NORMAL_NORMAL2-IM-1345-0001-0002,2.0,Female,98.1,98.8
train_0_NORMAL2-IM-1323-0001.jpeg,0,train_NORMAL_NORMAL2-IM-1323-0001,2.7,Male,99.2,99.4
train_0_NORMAL2-IM-1130-0001.jpeg,0,train_NORMAL_NORMAL2-IM-1130-0001,1.3,Female,98.6,98.6
train_1_person1618_bacteria_4258.jpeg,1,pneumonia_person_1618,3.5,Female,98.0,92.8
train_1_person620_virus_1191.jpeg,1,pneumonia_person_620,3.8,Male,99.6,98.2
train_0_IM-0465-0001.jpeg,0,train_NORMAL_IM-0465-0001,5.0,Female,98.2,97.4
train_1_person1605_bacteria_4226.jpeg,1,pneumonia_person_1605,2.2,Male,100.6,100.0
train_1_person536_bacteria_2259.jpeg,1,pneumonia_person_536,2.7,Female,99.4,96.6
train_1_person470_virus_966.jpeg,1,pneumonia_person_470,2.3,Male,99.8,95.6
train_1_person487_virus_991.jpeg,1,pneumonia_person_487,3.3,Female,99.8,90.9
test_1_person153_bacteria_725.jpeg,1,pneumonia_person_153,3.5,Male,100.3,95.8
train_1_person62_bacteria_302.jpeg,1,pneumonia_person_62,2.9,Female,99.7,95.0
train_1_person505_virus_1017.jpeg,1,pneumonia_person_505,4.4,Female,99.0,88.2
train_1_person260_bacteria_1223.jpeg,1,pneumonia_person_260,2.2,Male,100.5,90.0
train_1_person1264_virus_2155.jpeg,1,pneumonia_person_1264,4.3,Male,101.8,94.4
train_1_person573_virus_1116.jpeg,1,pneumonia_person_573,3.7,Male,100.6,93.2
train_1_person124_virus_249.jpeg,1,pneumonia_person_124,3.0,Male,99.6,92.2
train_0_IM-0700-0001.jpeg,0,train_NORMAL_IM-0700-0001,2.6,Male,98.1,97.2
train_1_person1483_virus_2574.jpeg,1,pneumonia_person_1483,5.0,Female,97.7,91.3
train_0_NORMAL2-IM-0771-0001.jpeg,0,train_NORMAL_NORMAL2-IM-0771-0001,1.9,Female,98.3,97.9
test_0_IM-0099-0001.jpeg,0,test_NORMAL_IM-0099-0001,3.4,Female,98.2,96.7
train_1_person1884_bacteria_4771.jpeg,1,pneumonia_person_1884,2.0,Female,99.2,94.8
train_1_person376_bacteria_1716.jpeg,1,pneumonia_person_376,5.0,Female,99.4,89.2
train_1_person1497_virus_2607.jpeg,1,pneumonia_person_1497,4.2,Male,99.9,92.3
train_0_NORMAL2-IM-0427-0001.jpeg,0,train_NORMAL_NORMAL2-IM-0427-0001,2.1,Female,98.8,96.8
train_0_NORMAL2-IM-0545-0001.jpeg,0,train_NORMAL_NORMAL2-IM-0545-0001,3.7,Male,98.3,97.2
train_1_person1119_virus_1844.jpeg,1,pneumonia_person_1119,3.3,Female,99.2,95.3
train_1_person383_bacteria_1754.jpeg,1,pneumonia_person_383,2.3,Male,99.7,95.4
train_1_person1462_virus_2512.jpeg,1,pneumonia_person_1462,4.0,Male,99.8,91.7
test_1_person102_bacteria_487.jpeg,1,pneumonia_person_102,3.5,Male,101.5,94.8
test_0_NORMAL2-IM-0297-0001.jpeg,0,test_NORMAL_NORMAL2-IM-0297-0001,3.3,Female,97.5,99.4
train_0_NORMAL2-IM-0880-0001.jpeg,0,train_NORMAL_NORMAL2-IM-0880-0001,2.9,Female,97.9,98.4
train_1_person51_bacteria_248.jpeg,1,pneumonia_person_51,3.6,Female,101.1,93.2
train_1_person1234_bacteria_3189.jpeg,1,pneumonia_person_1234,3.3,Male,99.6,86.1
test_1_person124_bacteria_590.jpeg,1,pneumonia_person_124,3.1,Female,102.2,95.7
train_1_person1684_bacteria_4462.jpeg,1,pneumonia_person_1684,2.2,Female,100.4,92.4
train_1_person441_bacteria_1902.jpeg,1,pneumonia_person_441,5.0,Male,99.3,92.8
train_1_person343_virus_704.jpeg,1,pneumonia_person_343,1.6,Female,100.1,94.3
train_1_person58_bacteria_278.jpeg,1,pneumonia_person_58,3.6,Female,102.0,89.9
train_1_person486_bacteria_2054.jpeg,1,pneumonia_person_486,2.6,Male,99.8,93.7
train_1_person371_virus_754.jpeg,1,pneumonia_person_371,5.0,Male,101.6,94.8
train_1_person827_bacteria_2738.jpeg,1,pneumonia_person_827,1.8,Male,99.6,94.4
train_0_NORMAL2-IM-1096-0001.jpeg,0,train_NORMAL_NORMAL2-IM-1096-0001,2.0,Female,98.3,98.4
train_1_person618_virus_1189.jpeg,1,pneumonia_person_618,1.7,Female,101.3,96.0
train_1_person412_bacteria_1827.jpeg,1,pneumonia_person_412,3.4,Female,99.3,91.0
train_1_person1614_bacteria_4248.jpeg,1,pneumonia_person_1614,1.2,Female,101.5,91.9
train_1_person1295_virus_2223.jpeg,1,pneumonia_person_1295,2.4,Male,100.9,93.2
train_1_person58_bacteria_276.jpeg,1,pneumonia_person_58,1.0,Male,99.3,94.2
train_0_IM-0530-0001.jpeg,0,train_NORMAL_IM-0530-0001,3.3,Male,98.6,98.5
train_1_person1272_bacteria_3232.jpeg,1,pneumonia_person_1272,2.3,Male,99.7,96.6
train_1_person1164_virus_1957.jpeg,1,pneumonia_person_1164,1.1,Female,100.9,94.2
train_1_person799_bacteria_2705.jpeg,1,pneumonia_person_799,4.4,Female,102.9,93.7
test_1_person47_virus_99.jpeg,1,pneumonia_person_47,1.3,Female,99.9,94.2
train_1_person475_bacteria_2024.jpeg,1,pneumonia_person_475,4.0,Female,101.1,95.3
train_0_IM-0277-0001.jpeg,0,train_NORMAL_IM-0277-0001,2.1,Male,99.1,98.8
test_1_person92_bacteria_451.jpeg,1,pneumonia_person_92,5.0,Female,100.4,89.0
train_0_NORMAL2-IM-1244-0001.jpeg,0,train_NORMAL_NORMAL2-IM-1244-0001,4.0,Male,98.8,97.2
train_0_IM-0549-0001-0002.jpeg,0,train_NORMAL_IM-0549-0001-0002,1.7,Female,97.5,99.2
train_0_IM-0560-0001.jpeg,0,train_NORMAL_IM-0560-0001,1.8,Female,97.8,96.8
train_1_person319_virus_646.jpeg,1,pneumonia_person_319,3.8,Female,100.0,92.5
train_1_person1044_virus_1740.jpeg,1,pneumonia_person_1044,2.7,Female,99.2,88.9
train_1_person337_bacteria_1564.jpeg,1,pneumonia_person_337,2.8,Male,101.7,87.8
train_1_person1911_bacteria_4815.jpeg,1,pneumonia_person_1911,4.7,Female,100.5,91.1
train_1_person1320_bacteria_3346.jpeg,1,pneumonia_person_1320,2.0,Female,100.1,94.8
train_1_person317_virus_643.jpeg,1,pneumonia_person_317,3.1,Female,102.1,96.7
train_1_person261_virus_543.jpeg,1,pneumonia_person_261,4.2,Male,98.0,94.3
train_1_person510_virus_1026.jpeg,1,pneumonia_person_510,4.1,Male,102.1,90.9
train_0_IM-0616-0001.jpeg,0,train_NORMAL_IM-0616-0001,2.8,Female,99.1,96.9
train_1_person109_virus_203.jpeg,1,pneumonia_person_109,2.6,Male,100.7,96.9
train_0_NORMAL2-IM-1379-0001.jpeg,0,train_NORMAL_NORMAL2-IM-1379-0001,1.0,Female,97.7,96.3
train_1_person855_bacteria_2777.jpeg,1,pneumonia_person_855,1.6,Male,99.2,98.8
train_1_person308_bacteria_1445.jpeg,1,pneumonia_person_308,3.4,Female,102.1,98.2
test_1_person1660_virus_2869.jpeg,1,pneumonia_person_1660,2.8,Male,102.8,98.8
train_0_IM-0546-0001.jpeg,0,train_NORMAL_IM-0546-0001,3.1,Female,98.5,96.6
train_1_person11_bacteria_45.jpeg,1,pneumonia_person_11,4.4,Male,100.8,92.6
train_0_NORMAL2-IM-0682-0001.jpeg,0,train_NORMAL_NORMAL2-IM-0682-0001,1.5,Female,98.2,98.6
train_1_person556_bacteria_2326.jpeg,1,pneumonia_person_556,2.7,Male,102.6,95.8
train_1_person1084_bacteria_3024.jpeg,1,pneumonia_person_1084,3.2,Female,97.7,91.9
train_1_person357_bacteria_1640.jpeg,1,pneumonia_person_357,2.1,Male,100.9,90.7
train_1_person292_virus_597.jpeg,1,pneumonia_person_292,4.9,Female,99.5,92.8
train_0_NORMAL2-IM-0970-0001.jpeg,0,train_NORMAL_NORMAL2-IM-0970-0001,4.2,Female,98.6,99.6
train_1_person61_bacteria_296.jpeg,1,pneumonia_person_61,3.4,Female,99.9,96.6
train_1_person569_virus_1110.jpeg,1,pneumonia_person_569,5.0,Male,102.8,92.0
train_1_person1162_virus_1950.jpeg,1,pneumonia_person_1162,1.1,Male,99.5,93.7
train_1_person1771_bacteria_4615.jpeg,1,pneumonia_person_1771,3.0,Male,101.4,96.0
train_1_person1495_virus_2603.jpeg,1,pneumonia_person_1495,3.5,Male,102.0,96.7
train_1_person281_bacteria_1327.jpeg,1,pneumonia_person_281,1.8,Female,100.4,94.0
train_0_IM-0732-0001.jpeg,0,train_NORMAL_IM-0732-0001,3.4,Female,98.8,97.8
train_1_person1262_bacteria_3220.jpeg,1,pneumonia_person_1262,1.6,Male,98.2,91.0
train_1_person651_bacteria_2543.jpeg,1,pneumonia_person_651,3.9,Female,99.5,96.1
train_1_person945_bacteria_2870.jpeg,1,pneumonia_person_945,4.4,Male,101.6,96.7
train_1_person809_bacteria_2718.jpeg,1,pneumonia_person_809,3.4,Female,100.5,88.8
test_1_person96_bacteria_464.jpeg,1,pneumonia_person_96,1.0,Male,100.9,97.9
train_1_person922_bacteria_2847.jpeg,1,pneumonia_person_922,1.7,Female,100.6,91.7
train_1_person1031_virus_1723.jpeg,1,pneumonia_person_1031,3.7,Male,103.2,95.0
train_1_person1879_bacteria_4764.jpeg,1,pneumonia_person_1879,3.0,Male,99.8,93.7
test_1_person126_bacteria_599.jpeg,1,pneumonia_person_126,1.0,Male,102.5,93.3
train_1_person30_bacteria_156.jpeg,1,pneumonia_person_30,4.6,Male,100.6,93.0
train_0_IM-0219-0001.jpeg,0,train_NORMAL_IM-0219-0001,3.2,Female,98.2,97.5
train_1_person544_virus_1078.jpeg,1,pneumonia_person_544,1.9,Female,98.8,94.8
train_1_person1308_bacteria_3280.jpeg,1,pneumonia_person_1308,4.3,Male,100.6,92.8
train_1_person1170_bacteria_3117.jpeg,1,pneumonia_person_1170,2.1,Male,99.9,90.2
test_1_person109_bacteria_526.jpeg,1,pneumonia_person_109,2.1,Female,100.6,90.9
train_1_person1702_bacteria_4511.jpeg,1,pneumonia_person_1702,3.5,Female,102.0,90.3
train_1_person1608_bacteria_4235.jpeg,1,pneumonia_person_1608,5.0,Male,100.9,92.2
train_1_person1433_bacteria_3705.jpeg,1,pneumonia_person_1433,5.0,Female,102.0,94.7
train_1_person465_bacteria_1979.jpeg,1,pneumonia_person_465,3.5,Female,99.5,91.7
test_0_IM-0011-0001-0001.jpeg,0,test_NORMAL_IM-0011-0001-0001,3.6,Female,98.0,99.6
train_1_person871_virus_1517.jpeg,1,pneumonia_person_871,4.0,Female,100.4,93.2
train_1_person1247_virus_2115.jpeg,1,pneumonia_person_1247,1.4,Male,100.3,92.8
train_1_person523_virus_1043.jpeg,1,pneumonia_person_523,3.8,Male,100.2,93.5
train_1_person454_bacteria_1945.jpeg,1,pneumonia_person_454,2.0,Female,99.2,97.0
train_1_person470_bacteria_1999.jpeg,1,pneumonia_person_470,3.4,Male,102.0,90.1
train_1_person46_bacteria_225.jpeg,1,pneumonia_person_46,2.7,Male,99.9,97.6
train_1_person1546_bacteria_4045.jpeg,1,pneumonia_person_1546,3.7,Female,102.3,95.9
train_0_NORMAL2-IM-0585-0001.jpeg,0,train_NORMAL_NORMAL2-IM-0585-0001,3.2,Male,98.3,98.0
train_1_person292_virus_598.jpeg,1,pneumonia_person_292,1.0,Female,101.2,96.5
train_1_person647_virus_1229.jpeg,1,pneumonia_person_647,3.2,Male,101.1,92.7
train_1_person1109_bacteria_3050.jpeg,1,pneumonia_person_1109,3.8,Male,99.3,94.2
train_0_NORMAL2-IM-1320-0001.jpeg,0,train_NORMAL_NORMAL2-IM-1320-0001,3.6,Male,98.5,98.1
train_1_person1474_virus_2556.jpeg,1,pneumonia_person_1474,2.9,Male,102.9,95.9
train_1_person38_bacteria_196.jpeg,1,pneumonia_person_38,5.0,Female,100.7,91.7
test_0_IM-0031-0001.jpeg,0,test_NORMAL_IM-0031-0001,3.4,Female,98.3,99.2
train_1_person298_bacteria_1412.jpeg,1,pneumonia_person_298,3.6,Female,101.3,95.2
train_1_person818_bacteria_2729.jpeg,1,pneumonia_person_818,4.4,Female,100.8,96.1
test_0_NORMAL2-IM-0201-0001.jpeg,0,test_NORMAL_NORMAL2-IM-0201-0001,3.5,Male,98.6,95.7
train_1_person842_bacteria_2762.jpeg,1,pneumonia_person_842,1.8,Male,101.1,95.4
test_1_person138_bacteria_659.jpeg,1,pneumonia_person_138,1.0,Female,101.4,91.0
train_1_person1118_bacteria_3059.jpeg,1,pneumonia_person_1118,2.4,Male,98.6,88.1
train_0_IM-0249-0001.jpeg,0,train_NORMAL_IM-0249-0001,4.0,Female,99.1,99.0
train_0_IM-0677-0001.jpeg,0,train_NORMAL_IM-0677-0001,2.5,Female,97.6,97.5
train_1_person689_bacteria_2585.jpeg,1,pneumonia_person_689,4.0,Female,99.9,93.5
train_1_person281_virus_578.jpeg,1,pneumonia_person_281,3.2,Female,102.1,92.2
train_1_person682_virus_1273.jpeg,1,pneumonia_person_682,4.7,Female,99.4,93.6
train_0_IM-0630-0001.jpeg,0,train_NORMAL_IM-0630-0001,2.6,Female,99.3,99.4
train_1_person1405_bacteria_3573.jpeg,1,pneumonia_person_1405,3.6,Female,101.4,95.1
train_0_NORMAL2-IM-0450-0001.jpeg,0,train_NORMAL_NORMAL2-IM-0450-0001,3.7,Male,97.3,97.4
train_1_person392_bacteria_1784.jpeg,1,pneumonia_person_392,5.0,Male,97.9,93.2
train_1_person1490_virus_2596.jpeg,1,pneumonia_person_1490,1.0,Female,101.6,93.8
train_0_IM-0311-0001.jpeg,0,train_NORMAL_IM-0311-0001,2.4,Male,98.5,98.4
train_1_person1670_bacteria_4425.jpeg,1,pneumonia_person_1670,4.1,Female,101.0,90.1
train_1_person48_bacteria_232.jpeg,1,pneumonia_person_48,5.0,Male,99.8,92.6
train_1_person292_bacteria_1378.jpeg,1,pneumonia_person_292,3.3,Female,98.6,93.5
train_1_person1257_bacteria_3215.jpeg,1,pneumonia_person_1257,2.6,Female,98.9,93.5
train_1_person511_virus_1027.jpeg,1,pneumonia_person_511,4.0,Female,100.0,92.1
train_1_person119_virus_225.jpeg,1,pneumonia_person_119,4.1,Female,98.7,92.0
train_0_NORMAL2-IM-0856-0001.jpeg,0,train_NORMAL_NORMAL2-IM-0856-0001,2.5,Male,98.0,97.4
train_0_NORMAL2-IM-1317-0001.jpeg,0,train_NORMAL_NORMAL2-IM-1317-0001,3.4,Male,98.9,97.3
train_1_person1308_bacteria_3292.jpeg,1,pneumonia_person_1308,4.5,Male,100.6,96.6
train_1_person600_bacteria_2456.jpeg,1,pneumonia_person_600,5.0,Male,100.6,87.9
train_1_person1405_bacteria_3564.jpeg,1,pneumonia_person_1405,4.0,Female,100.9,95.1
test_0_NORMAL2-IM-0019-0001.jpeg,0,test_NORMAL_NORMAL2-IM-0019-0001,3.1,Female,98.5,99.1
train_0_NORMAL2-IM-0563-0001.jpeg,0,train_NORMAL_NORMAL2-IM-0563-0001,2.9,Male,98.2,97.8
train_1_person15_bacteria_52.jpeg,1,pneumonia_person_15,3.7,Male,100.6,96.5
train_1_person1398_virus_2401.jpeg,1,pneumonia_person_1398,2.8,Female,100.7,91.6
test_1_person1631_virus_2826.jpeg,1,pneumonia_person_1631,3.2,Female,97.2,95.9
train_1_person337_bacteria_1554.jpeg,1,pneumonia_person_337,1.6,Female,101.2,90.4
train_1_person1051_virus_1750.jpeg,1,pneumonia_person_1051,4.7,Female,100.6,93.8
train_1_person1317_bacteria_3332.jpeg,1,pneumonia_person_1317,1.5,Male,101.1,92.9
test_1_person1685_virus_2903.jpeg,1,pneumonia_person_1685,2.4,Male,98.7,93.6
train_1_person58_bacteria_277.jpeg,1,pneumonia_person_58,3.1,Male,100.0,91.0
test_1_person155_bacteria_729.jpeg,1,pneumonia_person_155,5.0,Male,99.0,94.6
train_1_person590_bacteria_2428.jpeg,1,pneumonia_person_590,2.5,Male,101.4,97.5
train_1_person1283_virus_2206.jpeg,1,pneumonia_person_1283,2.1,Male,98.6,91.1
train_1_person9_bacteria_41.jpeg,1,pneumonia_person_9,2.3,Female,99.2,94.0
train_1_person1346_bacteria_3430.jpeg,1,pneumonia_person_1346,5.0,Male,101.1,95.6
test_0_NORMAL2-IM-0033-0001.jpeg,0,test_NORMAL_NORMAL2-IM-0033-0001,1.0,Female,98.7,97.6
train_0_IM-0631-0001-0002.jpeg,0,train_NORMAL_IM-0631-0001-0002,1.7,Female,98.3,97.4
test_0_NORMAL2-IM-0317-0001.jpeg,0,test_NORMAL_NORMAL2-IM-0317-0001,5.0,Female,98.6,97.4
train_1_person1636_bacteria_4338.jpeg,1,pneumonia_person_1636,3.8,Female,101.6,93.2
train_1_person477_bacteria_2031.jpeg,1,pneumonia_person_477,1.6,Female,101.3,91.0
train_0_NORMAL2-IM-0851-0001-0002.jpeg,0,train_NORMAL_NORMAL2-IM-0851-0001-0002,2.9,Male,98.2,97.2
train_1_person800_bacteria_2706.jpeg,1,pneumonia_person_800,3.1,Male,100.1,93.5
test_0_NORMAL2-IM-0221-0001.jpeg,0,test_NORMAL_NORMAL2-IM-0221-0001,4.1,Female,97.9,98.1
train_0_NORMAL2-IM-0414-0001.jpeg,0,train_NORMAL_NORMAL2-IM-0414-0001,5.0,Female,98.8,98.2
train_1_person1308_virus_2252.jpeg,1,pneumonia_person_1308,3.5,Male,100.6,91.8
train_0_IM-0223-0001.jpeg,0,train_NORMAL_IM-0223-0001,2.3,Male,98.2,98.1
train_1_person1355_bacteria_3452.jpeg,1,pneumonia_person_1355,4.0,Male,99.8,97.0
train_1_person253_bacteria_1157.jpeg,1,pneumonia_person_253,2.1,Male,101.2,95.1
train_1_person55_bacteria_262.jpeg,1,pneumonia_person_55,1.7,Female,101.9,98.1
train_0_IM-0736-0001.jpeg,0,train_NORMAL_IM-0736-0001,1.0,Male,98.8,98.4
train_1_person472_bacteria_2010.jpeg,1,pneumonia_person_472,1.0,Female,102.7,94.8
train_1_person1912_bacteria_4817.jpeg,1,pneumonia_person_1912,1.8,Female,99.5,95.2
train_0_NORMAL2-IM-0683-0001.jpeg,0,train_NORMAL_NORMAL2-IM-0683-0001,1.5,Female,98.1,97.4
train_0_IM-0662-0001.jpeg,0,train_NORMAL_IM-0662-0001,3.4,Male,97.4,97.1
train_1_person688_virus_1282.jpeg,1,pneumonia_person_688,1.4,Male,99.4,90.8
train_0_NORMAL2-IM-0604-0001.jpeg,0,train_NORMAL_NORMAL2-IM-0604-0001,1.0,Male,98.7,96.8
train_1_person1252_bacteria_3209.jpeg,1,pneumonia_person_1252,1.6,Female,98.1,94.2
train_0_IM-0564-0001.jpeg,0,train_NORMAL_IM-0564-0001,2.4,Female,98.5,99.5
test_0_IM-0070-0001.jpeg,0,test_NORMAL_IM-0070-0001,2.2,Male,98.8,97.4
train_1_person354_virus_729.jpeg,1,pneumonia_person_354,5.0,Male,99.8,89.6
train_1_person1597_bacteria_4190.jpeg,1,pneumonia_person_1597,2.2,Female,99.9,92.6
train_1_person600_bacteria_2457.jpeg,1,pneumonia_person_600,4.1,Female,100.5,89.8
train_1_person596_bacteria_2440.jpeg,1,pneumonia_person_596,3.0,Female,102.0,92.6
train_0_IM-0272-0001.jpeg,0,train_NORMAL_IM-0272-0001,2.9,Female,99.1,97.6
train_0_NORMAL2-IM-0559-0001.jpeg,0,train_NORMAL_NORMAL2-IM-0559-0001,1.9,Female,98.8,97.7
train_1_person1616_bacteria_4251.jpeg,1,pneumonia_person_1616,2.9,Male,101.2,93.7
train_1_person1055_bacteria_2989.jpeg,1,pneumonia_person_1055,2.0,Male,100.5,90.8
test_1_person1633_virus_2829.jpeg,1,pneumonia_person_1633,3.2,Female,100.3,94.2
train_1_person442_virus_905.jpeg,1,pneumonia_person_442,2.7,Male,100.4,94.8
train_1_person1596_bacteria_4184.jpeg,1,pneumonia_person_1596,1.8,Female,100.7,89.9
train_1_person1167_bacteria_3113.jpeg,1,pneumonia_person_1167,4.3,Female,99.5,91.6
train_0_IM-0502-0001.jpeg,0,train_NORMAL_IM-0502-0001,3.6,Male,97.5,97.1
train_1_person338_virus_694.jpeg,1,pneumonia_person_338,2.4,Male,101.9,94.8
train_0_IM-0285-0001.jpeg,0,train_NORMAL_IM-0285-0001,3.2,Male,97.3,97.5
train_1_person1090_virus_1809.jpeg,1,pneumonia_person_1090,2.9,Female,99.1,93.4
train_1_person408_bacteria_1823.jpeg,1,pneumonia_person_408,1.9,Female,100.3,93.2
test_0_NORMAL2-IM-0343-0001.jpeg,0,test_NORMAL_NORMAL2-IM-0343-0001,3.1,Female,97.7,97.7
train_1_person1482_virus_2571.jpeg,1,pneumonia_person_1482,2.2,Female,98.2,94.4
train_0_IM-0529-0001.jpeg,0,train_NORMAL_IM-0529-0001,1.8,Female,98.6,98.8
train_1_person313_bacteria_1459.jpeg,1,pneumonia_person_313,1.0,Male,102.3,91.9
train_1_person1049_virus_1746.jpeg,1,pneumonia_person_1049,2.5,Male,100.3,93.4
train_1_person1020_virus_1710.jpeg,1,pneumonia_person_1020,3.7,Female,100.6,93.0
train_1_person1935_bacteria_4847.jpeg,1,pneumonia_person_1935,2.1,Female,97.6,98.7
train_1_person1157_bacteria_3102.jpeg,1,pneumonia_person_1157,5.0,Female,101.0,92.5
train_1_person423_bacteria_1858.jpeg,1,pneumonia_person_423,4.2,Male,100.5,94.2
train_0_NORMAL2-IM-0617-0001.jpeg,0,train_NORMAL_NORMAL2-IM-0617-0001,4.7,Male,98.9,96.9
train_1_person435_virus_885.jpeg,1,pneumonia_person_435,4.0,Male,100.6,97.0
train_1_person1390_bacteria_3535.jpeg,1,pneumonia_person_1390,5.0,Male,100.6,91.5
train_1_person1143_virus_1897.jpeg,1,pneumonia_person_1143,2.0,Female,99.0,96.8
train_0_IM-0555-0001-0002.jpeg,0,train_NORMAL_IM-0555-0001-0002,1.0,Male,98.3,97.8
train_1_person1528_bacteria_3996.jpeg,1,pneumonia_person_1528,2.4,Male,102.0,99.8
train_1_person1362_virus_2345.jpeg,1,pneumonia_person_1362,3.7,Female,100.1,94.4
test_0_NORMAL2-IM-0141-0001.jpeg,0,test_NORMAL_NORMAL2-IM-0141-0001,3.2,Female,98.2,97.4
train_1_person351_bacteria_1620.jpeg,1,pneumonia_person_351,3.4,Male,100.2,93.0
train_1_person124_virus_239.jpeg,1,pneumonia_person_124,4.7,Female,101.5,96.8
train_0_IM-0608-0001-0002.jpeg,0,train_NORMAL_IM-0608-0001-0002,3.5,Female,97.6,97.9
train_1_person548_bacteria_2297.jpeg,1,pneumonia_person_548,4.0,Female,101.2,93.4
test_1_person121_bacteria_579.jpeg,1,pneumonia_person_121,1.8,Male,99.5,95.3
train_1_person1723_bacteria_4548.jpeg,1,pneumonia_person_1723,1.6,Female,100.7,92.6
test_1_person21_virus_52.jpeg,1,pneumonia_person_21,5.0,Female,99.7,93.0
train_0_NORMAL2-IM-0803-0001.jpeg,0,train_NORMAL_NORMAL2-IM-0803-0001,3.1,Female,98.1,97.8
val_0_NORMAL2-IM-1427-0001.jpeg,0,val_NORMAL_NORMAL2-IM-1427-0001,2.2,Female,98.1,98.5
train_0_IM-0209-0001.jpeg,0,train_NORMAL_IM-0209-0001,2.2,Male,98.3,100.0
train_1_person321_bacteria_1484.jpeg,1,pneumonia_person_321,2.2,Female,101.0,93.9
train_0_NORMAL2-IM-0816-0001.jpeg,0,train_NORMAL_NORMAL2-IM-0816-0001,2.1,Female,98.4,95.8
train_0_NORMAL2-IM-0417-0001.jpeg,0,train_NORMAL_NORMAL2-IM-0417-0001,1.3,Female,99.0,98.4
train_1_person803_bacteria_2710.jpeg,1,pneumonia_person_803,1.0,Male,98.7,90.4
train_0_NORMAL2-IM-0651-0001.jpeg,0,train_NORMAL_NORMAL2-IM-0651-0001,2.7,Female,99.0,96.1
test_0_IM-0111-0001.jpeg,0,test_NORMAL_IM-0111-0001,2.2,Female,99.0,99.7
train_1_person1223_bacteria_3178.jpeg,1,pneumonia_person_1223,4.4,Female,100.6,91.6
train_0_IM-0119-0001.jpeg,0,train_NORMAL_IM-0119-0001,3.4,Male,97.7,97.1
train_1_person860_virus_1505.jpeg,1,pneumonia_person_860,3.3,Male,98.7,94.5
train_1_person1045_bacteria_2979.jpeg,1,pneumonia_person_1045,2.0,Female,99.3,91.3
train_0_NORMAL2-IM-1356-0001.jpeg,0,train_NORMAL_NORMAL2-IM-1356-0001,2.8,Female,99.0,97.1
test_1_person135_bacteria_646.jpeg,1,pneumonia_person_135,3.5,Male,100.2,93.0
train_1_person334_bacteria_1541.jpeg,1,pneumonia_person_334,3.9,Male,103.0,92.9
train_0_NORMAL2-IM-0650-0001.jpeg,0,train_NORMAL_NORMAL2-IM-0650-0001,2.9,Male,98.3,97.6
train_1_person1377_virus_2369.jpeg,1,pneumonia_person_1377,4.4,Male,99.1,90.7
train_1_person73_bacteria_356.jpeg,1,pneumonia_person_73,3.0,Male,98.9,91.4
test_1_person111_bacteria_534.jpeg,1,pneumonia_person_111,4.0,Male,101.2,92.9
train_1_person663_virus_1247.jpeg,1,pneumonia_person_663,2.4,Male,100.3,90.6
train_1_person351_bacteria_1619.jpeg,1,pneumonia_person_351,1.0,Female,99.2,95.3
train_0_NORMAL2-IM-0862-0001.jpeg,0,train_NORMAL_NORMAL2-IM-0862-0001,3.3,Male,99.4,98.6
train_0_IM-0535-0001.jpeg,0,train_NORMAL_IM-0535-0001,3.9,Female,98.3,98.0
train_0_NORMAL2-IM-0640-0001.jpeg,0,train_NORMAL_NORMAL2-IM-0640-0001,3.7,Male,98.4,99.7
train_1_person1544_virus_2685.jpeg,1,pneumonia_person_1544,3.5,Male,103.9,93.8
train_0_NORMAL2-IM-1188-0001.jpeg,0,train_NORMAL_NORMAL2-IM-1188-0001,2.5,Male,98.2,98.9
train_1_person567_bacteria_2353.jpeg,1,pneumonia_person_567,2.0,Male,100.3,94.5
train_1_person1525_virus_2659.jpeg,1,pneumonia_person_1525,3.7,Female,99.5,94.9
train_1_person115_virus_219.jpeg,1,pneumonia_person_115,3.6,Male,98.7,99.5
test_1_person111_bacteria_535.jpeg,1,pneumonia_person_111,2.3,Male,101.4,96.4
train_0_NORMAL2-IM-0583-0001.jpeg,0,train_NORMAL_NORMAL2-IM-0583-0001,4.4,Female,98.7,97.8
train_1_person397_virus_790.jpeg,1,pneumonia_person_397,1.9,Female,99.8,92.6
train_0_IM-0566-0001.jpeg,0,train_NORMAL_IM-0566-0001,2.2,Male,98.9,97.5
train_1_person258_bacteria_1209.jpeg,1,pneumonia_person_258,5.0,Male,100.4,94.9
train_1_person535_bacteria_2255.jpeg,1,pneumonia_person_535,4.1,Male,101.4,91.2
train_1_person293_virus_605.jpeg,1,pneumonia_person_293,2.5,Female,100.8,92.2
train_0_NORMAL2-IM-0517-0001.jpeg,0,train_NORMAL_NORMAL2-IM-0517-0001,3.4,Female,98.0,99.8
train_0_NORMAL2-IM-1154-0001.jpeg,0,train_NORMAL_NORMAL2-IM-1154-0001,3.2,Male,98.0,98.0
train_1_person1244_bacteria_3200.jpeg,1,pneumonia_person_1244,1.0,Male,100.2,92.1
train_0_IM-0492-0001.jpeg,0,train_NORMAL_IM-0492-0001,1.8,Female,97.7,97.2
train_0_NORMAL2-IM-0834-0001.jpeg,0,train_NORMAL_NORMAL2-IM-0834-0001,2.9,Female,98.5,98.2
train_1_person637_virus_1218.jpeg,1,pneumonia_person_637,2.5,Female,101.0,96.0
train_0_IM-0317-0001.jpeg,0,train_NORMAL_IM-0317-0001,3.3,Female,97.9,97.2
train_1_person280_bacteria_1321.jpeg,1,pneumonia_person_280,4.5,Female,101.4,89.9
test_1_person130_bacteria_627.jpeg,1,pneumonia_person_130,2.6,Male,100.8,93.6
train_1_person581_bacteria_2390.jpeg,1,pneumonia_person_581,1.6,Male,98.8,89.6
train_0_IM-0224-0001.jpeg,0,train_NORMAL_IM-0224-0001,3.4,Female,99.3,96.8
train_0_NORMAL2-IM-0416-0001-0001.jpeg,0,train_NORMAL_NORMAL2-IM-0416-0001-0001,2.6,Female,97.8,96.0
train_1_person1476_bacteria_3843.jpeg,1,pneumonia_person_1476,2.8,Male,98.8,93.4
train_1_person1669_bacteria_4422.jpeg,1,pneumonia_person_1669,2.6,Male,99.0,91.4
train_1_person875_bacteria_2798.jpeg,1,pneumonia_person_875,5.0,Female,100.3,91.8
train_1_person820_bacteria_2731.jpeg,1,pneumonia_person_820,1.0,Male,103.2,92.4
train_0_NORMAL2-IM-0654-0001.jpeg,0,train_NORMAL_NORMAL2-IM-0654-0001,2.5,Female,99.3,97.6
test_0_NORMAL2-IM-0289-0001.jpeg,0,test_NORMAL_NORMAL2-IM-0289-0001,3.0,Male,97.9,98.3
train_0_NORMAL2-IM-1276-0001.jpeg,0,train_NORMAL_NORMAL2-IM-1276-0001,2.0,Male,98.0,97.6
train_1_person1159_virus_1945.jpeg,1,pneumonia_person_1159,4.2,Female,99.6,95.9
train_0_NORMAL2-IM-1226-0001.jpeg,0,train_NORMAL_NORMAL2-IM-1226-0001,4.1,Male,98.8,97.4
train_1_person436_bacteria_1883.jpeg,1,pneumonia_person_436,2.9,Male,99.8,90.6
test_1_person71_virus_132.jpeg,1,pneumonia_person_71,2.6,Male,99.9,91.6
train_1_person372_bacteria_1706.jpeg,1,pneumonia_person_372,2.9,Female,98.2,93.7
train_1_person156_virus_308.jpeg,1,pneumonia_person_156,2.9,Female,100.4,90.5
train_1_person1274_bacteria_3235.jpeg,1,pneumonia_person_1274,2.9,Male,101.6,94.3
train_1_person1467_virus_2544.jpeg,1,pneumonia_person_1467,2.8,Male,100.5,95.5
train_1_person673_bacteria_2566.jpeg,1,pneumonia_person_673,3.3,Male,101.8,94.9
train_1_person1576_bacteria_4120.jpeg,1,pneumonia_person_1576,4.0,Male,101.2,94.8
train_1_person666_virus_1251.jpeg,1,pneumonia_person_666,1.4,Male,100.3,88.8
train_0_NORMAL2-IM-1064-0001.jpeg,0,train_NORMAL_NORMAL2-IM-1064-0001,1.6,Female,97.9,99.9
train_0_IM-0170-0001.jpeg,0,train_NORMAL_IM-0170-0001,1.0,Male,98.0,98.6
train_1_person545_bacteria_2290.jpeg,1,pneumonia_person_545,4.1,Male,98.5,93.1
train_1_person1506_virus_2616.jpeg,1,pneumonia_person_1506,3.3,Female,100.1,95.0
train_1_person720_virus_1339.jpeg,1,pneumonia_person_720,3.7,Male,100.6,94.4
train_1_person448_bacteria_1934.jpeg,1,pneumonia_person_448,1.1,Female,102.6,90.3
test_0_NORMAL2-IM-0322-0001.jpeg,0,test_NORMAL_NORMAL2-IM-0322-0001,5.0,Female,98.3,98.0
train_1_person1016_virus_1704.jpeg,1,pneumonia_person_1016,2.2,Female,99.3,94.2
train_0_IM-0388-0001.jpeg,0,train_NORMAL_IM-0388-0001,3.2,Male,98.6,97.2
train_1_person303_virus_624.jpeg,1,pneumonia_person_303,4.1,Male,100.1,90.7
train_1_person1412_bacteria_3612.jpeg,1,pneumonia_person_1412,1.7,Male,101.5,94.5
train_1_person810_virus_1446.jpeg,1,pneumonia_person_810,2.3,Male,100.1,89.7
train_1_person485_bacteria_2049.jpeg,1,pneumonia_person_485,3.2,Female,101.1,95.1
train_1_person356_bacteria_1638.jpeg,1,pneumonia_person_356,5.0,Female,100.2,91.3
train_1_person1338_bacteria_3395.jpeg,1,pneumonia_person_1338,3.4,Male,101.3,93.7
train_1_person1155_bacteria_3100.jpeg,1,pneumonia_person_1155,5.0,Male,98.3,93.3
train_1_person1494_virus_2601.jpeg,1,pneumonia_person_1494,4.6,Female,102.5,96.4
train_1_person608_bacteria_2471.jpeg,1,pneumonia_person_608,3.5,Male,99.0,94.1
train_1_person1415_virus_2425.jpeg,1,pneumonia_person_1415,1.7,Female,101.4,92.0
train_1_person1306_bacteria_3272.jpeg,1,pneumonia_person_1306,4.4,Female,100.0,94.4
train_1_person1214_bacteria_3166.jpeg,1,pneumonia_person_1214,1.1,Female,100.2,98.9
train_1_person1539_virus_2678.jpeg,1,pneumonia_person_1539,5.0,Male,100.1,95.4
train_1_person740_virus_1363.jpeg,1,pneumonia_person_740,3.3,Female,100.7,93.4
train_0_NORMAL2-IM-1002-0001.jpeg,0,train_NORMAL_NORMAL2-IM-1002-0001,1.0,Male,99.4,97.8
train_0_NORMAL2-IM-1341-0001.jpeg,0,train_NORMAL_NORMAL2-IM-1341-0001,2.6,Male,97.8,97.7
train_1_person753_virus_1378.jpeg,1,pneumonia_person_753,3.9,Male,102.2,95.2
train_0_IM-0551-0001.jpeg,0,train_NORMAL_IM-0551-0001,2.7,Female,98.2,98.0
train_1_person1527_bacteria_3990.jpeg,1,pneumonia_person_1527,3.9,Female,102.6,93.5
train_0_IM-0523-0001-0002.jpeg,0,train_NORMAL_IM-0523-0001-0002,1.9,Male,98.1,98.1
train_1_person46_bacteria_224.jpeg,1,pneumonia_person_46,1.3,Male,101.8,93.9
train_1_person466_bacteria_1983.jpeg,1,pneumonia_person_466,2.9,Female,101.0,90.8
test_1_person152_bacteria_724.jpeg,1,pneumonia_person_152,3.0,Female,99.7,98.9
train_1_person266_bacteria_1247.jpeg,1,pneumonia_person_266,2.5,Female,100.6,97.9
train_1_person662_bacteria_2554.jpeg,1,pneumonia_person_662,4.6,Male,101.1,94.8
train_1_person1923_bacteria_4831.jpeg,1,pneumonia_person_1923,1.9,Male,100.4,96.7
train_1_person1306_bacteria_3275.jpeg,1,pneumonia_person_1306,3.4,Male,100.9,92.8
train_1_person1466_virus_2543.jpeg,1,pneumonia_person_1466,3.1,Female,101.5,95.3
train_1_person890_bacteria_2814.jpeg,1,pneumonia_person_890,1.0,Male,100.4,92.4
train_1_person28_bacteria_142.jpeg,1,pneumonia_person_28,1.3,Male,96.6,90.1
train_0_IM-0464-0001.jpeg,0,train_NORMAL_IM-0464-0001,3.0,Female,98.6,98.9
test_0_NORMAL2-IM-0013-0001.jpeg,0,test_NORMAL_NORMAL2-IM-0013-0001,5.0,Female,98.6,99.2
train_1_person1391_bacteria_3537.jpeg,1,pneumonia_person_1391,3.8,Male,99.3,94.2
train_0_IM-0684-0001.jpeg,0,train_NORMAL_IM-0684-0001,1.0,Female,98.1,97.4
test_1_person1647_virus_2848.jpeg,1,pneumonia_person_1647,1.0,Female,100.0,94.8
train_1_person1770_bacteria_4614.jpeg,1,pneumonia_person_1770,4.0,Male,99.7,93.3
train_1_person71_bacteria_349.jpeg,1,pneumonia_person_71,2.9,Male,99.4,93.3
train_1_person549_bacteria_2303.jpeg,1,pneumonia_person_549,4.5,Male,99.5,93.8
train_1_person339_bacteria_1572.jpeg,1,pneumonia_person_339,1.9,Male,101.1,94.7
test_1_person132_bacteria_632.jpeg,1,pneumonia_person_132,3.5,Male,103.0,93.5
train_1_person1063_virus_1765.jpeg,1,pneumonia_person_1063,4.1,Male,101.5,93.3
train_1_person1562_bacteria_4078.jpeg,1,pneumonia_person_1562,2.4,Female,101.9,90.2
train_0_NORMAL2-IM-1051-0001.jpeg,0,train_NORMAL_NORMAL2-IM-1051-0001,2.4,Female,98.0,99.6
train_1_person1719_bacteria_4541.jpeg,1,pneumonia_person_1719,3.0,Female,100.5,94.8
train_0_NORMAL2-IM-0603-0001.jpeg,0,train_NORMAL_NORMAL2-IM-0603-0001,3.7,Male,98.4,98.2
train_1_person1026_bacteria_2957.jpeg,1,pneumonia_person_1026,3.0,Female,99.5,91.9
train_1_person108_virus_201.jpeg,1,pneumonia_person_108,4.3,Female,99.8,91.0
train_1_person1355_bacteria_3449.jpeg,1,pneumonia_person_1355,2.4,Female,101.5,95.6
test_1_person11_virus_38.jpeg,1,pneumonia_person_11,1.3,Female,101.8,93.1
train_1_person51_bacteria_242.jpeg,1,pneumonia_person_51,5.0,Male,100.5,95.1
train_1_person1661_bacteria_4406.jpeg,1,pneumonia_person_1661,2.2,Female,98.8,90.1
train_1_person1320_bacteria_3350.jpeg,1,pneumonia_person_1320,2.3,Female,100.0,97.4
train_1_person541_bacteria_2275.jpeg,1,pneumonia_person_541,2.9,Female,98.5,95.8
train_0_NORMAL2-IM-0780-0001.jpeg,0,train_NORMAL_NORMAL2-IM-0780-0001,3.1,Male,98.5,97.0
train_1_person467_virus_961.jpeg,1,pneumonia_person_467,2.5,Female,100.7,94.7
test_1_person1671_virus_2887.jpeg,1,pneumonia_person_1671,3.0,Female,100.0,95.4
train_1_person811_bacteria_2721.jpeg,1,pneumonia_person_811,2.9,Female,100.7,90.2
train_0_IM-0431-0001.jpeg,0,train_NORMAL_IM-0431-0001,3.2,Male,98.4,97.6
train_0_IM-0764-0001.jpeg,0,train_NORMAL_IM-0764-0001,1.0,Male,98.2,98.1
train_1_person301_bacteria_1429.jpeg,1,pneumonia_person_301,5.0,Female,98.8,91.7
train_1_person366_virus_746.jpeg,1,pneumonia_person_366,2.8,Female,100.1,90.8
train_1_person1344_virus_2319.jpeg,1,pneumonia_person_1344,3.8,Male,100.9,96.0
train_1_person1217_virus_2063.jpeg,1,pneumonia_person_1217,1.2,Female,102.5,94.0
test_1_person142_bacteria_683.jpeg,1,pneumonia_person_142,2.4,Female,100.0,94.7
train_1_person362_bacteria_1652.jpeg,1,pneumonia_person_362,2.1,Male,101.1,93.6
train_0_NORMAL2-IM-0837-0001.jpeg,0,train_NORMAL_NORMAL2-IM-0837-0001,4.9,Male,98.0,96.9
train_1_person449_bacteria_1938.jpeg,1,pneumonia_person_449,2.2,Female,100.1,94.8
test_1_person90_bacteria_443.jpeg,1,pneumonia_person_90,4.0,Female,101.9,93.0
train_0_IM-0641-0001.jpeg,0,train_NORMAL_IM-0641-0001,2.2,Female,98.0,98.4
train_1_person1581_virus_2741.jpeg,1,pneumonia_person_1581,2.4,Female,102.2,99.4
train_1_person1231_virus_2088.jpeg,1,pneumonia_person_1231,2.7,Male,101.0,95.7
train_1_person337_bacteria_1561.jpeg,1,pneumonia_person_337,4.7,Male,103.5,95.8
train_1_person888_bacteria_2812.jpeg,1,pneumonia_person_888,1.0,Female,99.6,100.0
train_0_NORMAL2-IM-0558-0001.jpeg,0,train_NORMAL_NORMAL2-IM-0558-0001,1.3,Female,98.0,98.0
train_0_IM-0435-0001.jpeg,0,train_NORMAL_IM-0435-0001,1.0,Male,97.8,96.9
train_0_IM-0706-0001.jpeg,0,train_NORMAL_IM-0706-0001,1.6,Female,98.0,98.7
train_1_person1188_bacteria_3137.jpeg,1,pneumonia_person_1188,1.9,Male,100.0,92.4
train_1_person1522_bacteria_3977.jpeg,1,pneumonia_person_1522,1.0,Male,101.5,88.4
train_0_NORMAL2-IM-1094-0001-0002.jpeg,0,train_NORMAL_NORMAL2-IM-1094-0001-0002,2.0,Male,98.0,96.7
test_0_IM-0046-0001.jpeg,0,test_NORMAL_IM-0046-0001,1.0,Male,98.9,99.3
train_1_person1442_bacteria_3726.jpeg,1,pneumonia_person_1442,1.7,Female,100.2,95.8
train_1_person450_virus_931.jpeg,1,pneumonia_person_450,4.6,Female,97.6,93.4
train_0_NORMAL2-IM-0508-0001.jpeg,0,train_NORMAL_NORMAL2-IM-0508-0001,3.5,Male,98.4,98.8
test_1_person133_bacteria_635.jpeg,1,pneumonia_person_133,3.2,Female,99.3,93.4
train_0_NORMAL2-IM-0695-0001.jpeg,0,train_NORMAL_NORMAL2-IM-0695-0001,1.7,Female,97.8,97.4
test_1_person14_virus_44.jpeg,1,pneumonia_person_14,1.0,Female,104.2,96.5
train_1_person657_virus_1240.jpeg,1,pneumonia_person_657,1.5,Male,102.6,93.4
train_1_person1183_virus_2018.jpeg,1,pneumonia_person_1183,2.9,Female,98.5,91.3
train_1_person1492_virus_2599.jpeg,1,pneumonia_person_1492,4.1,Male,101.1,95.8
train_0_NORMAL2-IM-0440-0001.jpeg,0,train_NORMAL_NORMAL2-IM-0440-0001,4.2,Male,98.6,96.9
train_1_person1430_bacteria_3696.jpeg,1,pneumonia_person_1430,3.8,Female,100.0,89.6
train_1_person823_virus_1459.jpeg,1,pneumonia_person_823,2.0,Male,100.6,94.7
train_1_person515_bacteria_2186.jpeg,1,pneumonia_person_515,3.0,Male,100.8,96.5
train_1_person547_bacteria_2296.jpeg,1,pneumonia_person_547,2.6,Female,98.6,92.5
test_1_person1622_virus_2810.jpeg,1,pneumonia_person_1622,2.7,Female,99.1,94.5
train_1_person1029_virus_1721.jpeg,1,pneumonia_person_1029,5.0,Male,100.6,92.5
train_1_person509_bacteria_2145.jpeg,1,pneumonia_person_509,1.0,Male,100.5,95.3
train_1_person54_bacteria_258.jpeg,1,pneumonia_person_54,2.7,Male,99.5,96.2
train_1_person1206_bacteria_3158.jpeg,1,pneumonia_person_1206,4.6,Female,99.4,92.8
train_0_NORMAL2-IM-1406-0001.jpeg,0,train_NORMAL_NORMAL2-IM-1406-0001,1.1,Female,98.8,98.9
train_0_NORMAL2-IM-1305-0001.jpeg,0,train_NORMAL_NORMAL2-IM-1305-0001,2.2,Female,98.4,98.9
train_1_person351_bacteria_1617.jpeg,1,pneumonia_person_351,2.3,Male,100.3,95.8
test_1_person109_bacteria_519.jpeg,1,pneumonia_person_109,2.7,Male,102.5,90.7
train_1_person539_bacteria_2269.jpeg,1,pneumonia_person_539,1.0,Male,99.5,94.4
train_1_person105_virus_192.jpeg,1,pneumonia_person_105,3.8,Male,100.7,95.4
test_0_NORMAL2-IM-0330-0001.jpeg,0,test_NORMAL_NORMAL2-IM-0330-0001,3.9,Female,98.0,97.6
train_1_person1585_bacteria_4149.jpeg,1,pneumonia_person_1585,3.7,Male,101.2,93.1
train_1_person1644_bacteria_4360.jpeg,1,pneumonia_person_1644,1.9,Female,99.4,96.0
train_1_person76_bacteria_371.jpeg,1,pneumonia_person_76,3.1,Female,102.9,91.5
train_1_person447_virus_921_1.jpeg,1,pneumonia_person_447,1.8,Male,98.2,91.2
train_1_person315_bacteria_1467.jpeg,1,pneumonia_person_315,2.6,Female,102.6,92.9
train_1_person629_bacteria_2509.jpeg,1,pneumonia_person_629,5.0,Female,100.5,96.7
train_1_person364_virus_743.jpeg,1,pneumonia_person_364,3.1,Male,101.1,97.5
train_1_person97_virus_181.jpeg,1,pneumonia_person_97,1.5,Male,102.1,93.3
train_1_person594_virus_1145.jpeg,1,pneumonia_person_594,3.2,Male,101.5,91.7
train_1_person1400_bacteria_3553.jpeg,1,pneumonia_person_1400,1.2,Male,99.5,96.2
train_1_person114_virus_217.jpeg,1,pneumonia_person_114,1.4,Female,101.2,89.3
train_1_person1413_bacteria_3615.jpeg,1,pneumonia_person_1413,1.6,Female,102.8,94.1
train_1_person409_bacteria_1824.jpeg,1,pneumonia_person_409,2.4,Male,99.2,93.4
train_1_person334_virus_689.jpeg,1,pneumonia_person_334,4.2,Female,103.2,96.7
train_1_person142_virus_288.jpeg,1,pneumonia_person_142,3.8,Female,100.9,97.0
train_0_IM-0643-0001.jpeg,0,train_NORMAL_IM-0643-0001,3.7,Male,98.9,97.5
train_1_person1249_bacteria_3205.jpeg,1,pneumonia_person_1249,1.6,Female,99.2,93.9
train_1_person1522_virus_2651.jpeg,1,pneumonia_person_1522,2.3,Male,100.1,92.1
train_0_NORMAL2-IM-1290-0001.jpeg,0,train_NORMAL_NORMAL2-IM-1290-0001,3.4,Male,98.3,96.7
train_1_person266_virus_549.jpeg,1,pneumonia_person_266,2.2,Male,99.9,95.0
train_1_person1002_bacteria_2933.jpeg,1,pneumonia_person_1002,2.6,Female,100.1,92.7
train_0_NORMAL2-IM-1177-0001.jpeg,0,train_NORMAL_NORMAL2-IM-1177-0001,3.6,Female,97.4,97.7
test_1_person71_virus_131.jpeg,1,pneumonia_person_71,2.5,Male,101.4,95.9
train_1_person549_bacteria_2304.jpeg,1,pneumonia_person_549,3.3,Male,100.1,97.3
train_1_person1424_bacteria_3651.jpeg,1,pneumonia_person_1424,5.0,Male,99.6,94.2
test_1_person114_bacteria_545.jpeg,1,pneumonia_person_114,2.8,Female,100.0,93.8
train_1_person481_bacteria_2042.jpeg,1,pneumonia_person_481,4.5,Female,100.9,90.7
train_1_person1328_bacteria_3376.jpeg,1,pneumonia_person_1328,3.7,Male,100.5,97.5
train_1_person43_bacteria_213.jpeg,1,pneumonia_person_43,1.1,Female,99.5,94.7
train_1_person883_bacteria_2807.jpeg,1,pneumonia_person_883,1.6,Female,100.6,93.8
train_0_NORMAL2-IM-1328-0001.jpeg,0,train_NORMAL_NORMAL2-IM-1328-0001,1.9,Female,98.8,97.1
train_1_person140_virus_284.jpeg,1,pneumonia_person_140,1.9,Female,98.9,94.4
train_1_person296_bacteria_1395.jpeg,1,pneumonia_person_296,2.9,Female,100.0,95.4
train_1_person1325_virus_2287.jpeg,1,pneumonia_person_1325,3.8,Female,101.2,95.7
train_1_person387_bacteria_1769.jpeg,1,pneumonia_person_387,4.6,Male,101.1,97.5
train_1_person434_virus_883.jpeg,1,pneumonia_person_434,3.4,Male,100.1,94.1
train_1_person469_bacteria_1993.jpeg,1,pneumonia_person_469,2.4,Female,101.3,97.9
train_1_person38_bacteria_192.jpeg,1,pneumonia_person_38,1.0,Male,99.1,96.1
train_1_person445_virus_914.jpeg,1,pneumonia_person_445,3.1,Female,99.2,93.3
train_0_NORMAL2-IM-0915-0001.jpeg,0,train_NORMAL_NORMAL2-IM-0915-0001,3.0,Female,97.4,97.8
train_0_NORMAL2-IM-1008-0001.jpeg,0,train_NORMAL_NORMAL2-IM-1008-0001,3.2,Male,98.2,97.7
train_0_NORMAL2-IM-1344-0001.jpeg,0,train_NORMAL_NORMAL2-IM-1344-0001,5.0,Female,98.5,98.2
train_1_person981_bacteria_2907.jpeg,1,pneumonia_person_981,4.6,Male,100.0,91.6
train_1_person1310_bacteria_3304.jpeg,1,pneumonia_person_1310,4.0,Female,102.4,93.7
train_0_IM-0586-0001.jpeg,0,train_NORMAL_IM-0586-0001,1.7,Female,99.0,96.7
train_0_NORMAL2-IM-0618-0001.jpeg,0,train_NORMAL_NORMAL2-IM-0618-0001,2.3,Male,97.7,98.0
test_0_NORMAL2-IM-0079-0001.jpeg,0,test_NORMAL_NORMAL2-IM-0079-0001,2.9,Female,98.1,99.1
test_0_IM-0033-0001-0001.jpeg,0,test_NORMAL_IM-0033-0001-0001,2.0,Male,99.1,98.5
train_0_IM-0227-0001.jpeg,0,train_NORMAL_IM-0227-0001,3.7,Male,97.3,97.5
train_1_person1720_bacteria_4545.jpeg,1,pneumonia_person_1720,3.5,Female,100.1,91.6
train_0_NORMAL2-IM-0473-0001.jpeg,0,train_NORMAL_NORMAL2-IM-0473-0001,1.6,Female,98.9,97.2
test_0_NORMAL2-IM-0023-0001.jpeg,0,test_NORMAL_NORMAL2-IM-0023-0001,4.6,Male,98.9,100.0
train_1_person1366_bacteria_3490.jpeg,1,pneumonia_person_1366,3.1,Male,100.8,95.8
train_1_person1096_virus_1816.jpeg,1,pneumonia_person_1096,1.0,Male,101.0,98.2
train_1_person415_virus_847.jpeg,1,pneumonia_person_415,2.9,Male,99.8,95.7
train_1_person830_virus_1466.jpeg,1,pneumonia_person_830,3.4,Female,99.6,95.2
test_1_person141_bacteria_676.jpeg,1,pneumonia_person_141,4.3,Male,101.7,94.4
train_1_person768_bacteria_2672.jpeg,1,pneumonia_person_768,2.6,Female,98.2,93.0
train_1_person1619_bacteria_4267.jpeg,1,pneumonia_person_1619,4.1,Female,98.9,94.8
train_1_person974_virus_1649.jpeg,1,pneumonia_person_974,3.2,Female,100.1,92.1
test_0_NORMAL2-IM-0092-0001.jpeg,0,test_NORMAL_NORMAL2-IM-0092-0001,1.3,Male,98.4,98.6
train_0_IM-0528-0001.jpeg,0,train_NORMAL_IM-0528-0001,1.2,Female,98.5,96.1
train_0_IM-0526-0001.jpeg,0,train_NORMAL_IM-0526-0001,4.5,Male,99.2,96.9
train_1_person61_bacteria_289.jpeg,1,pneumonia_person_61,4.6,Male,100.4,90.4
train_1_person23_bacteria_84.jpeg,1,pneumonia_person_23,3.4,Male,102.1,90.5
train_1_person511_bacteria_2152.jpeg,1,pneumonia_person_511,4.9,Female,98.3,95.0
test_0_NORMAL2-IM-0051-0001.jpeg,0,test_NORMAL_NORMAL2-IM-0051-0001,4.4,Female,97.9,98.1
train_1_person438_bacteria_1893.jpeg,1,pneumonia_person_438,3.9,Female,100.1,94.7
train_1_person845_virus_1489.jpeg,1,pneumonia_person_845,1.8,Female,101.6,96.0
train_0_IM-0429-0001.jpeg,0,train_NORMAL_IM-0429-0001,5.0,Female,98.5,98.5
test_0_NORMAL2-IM-0252-0001.jpeg,0,test_NORMAL_NORMAL2-IM-0252-0001,3.7,Male,97.4,98.1
train_1_person23_bacteria_85.jpeg,1,pneumonia_person_23,2.5,Male,100.3,96.7
test_1_person93_bacteria_454.jpeg,1,pneumonia_person_93,2.1,Female,99.1,95.4
train_1_person1469_virus_2547.jpeg,1,pneumonia_person_1469,3.3,Female,98.7,93.6
train_0_IM-0140-0001.jpeg,0,train_NORMAL_IM-0140-0001,1.0,Male,97.7,98.9
train_0_IM-0375-0001.jpeg,0,train_NORMAL_IM-0375-0001,3.9,Female,98.7,97.1
train_1_person441_virus_894.jpeg,1,pneumonia_person_441,1.8,Male,99.4,92.7
train_1_person1066_virus_1769.jpeg,1,pneumonia_person_1066,3.5,Female,100.0,89.4
train_1_person512_bacteria_2154.jpeg,1,pneumonia_person_512,2.3,Female,97.9,95.4
train_0_NORMAL2-IM-0439-0001.jpeg,0,train_NORMAL_NORMAL2-IM-0439-0001,2.7,Female,99.1,97.5
train_0_NORMAL2-IM-0388-0001.jpeg,0,train_NORMAL_NORMAL2-IM-0388-0001,2.0,Female,98.6,99.8
train_1_person1384_bacteria_3522.jpeg,1,pneumonia_person_1384,2.8,Female,101.3,94.8
train_1_person369_virus_750.jpeg,1,pneumonia_person_369,5.0,Male,100.3,97.9
train_0_NORMAL2-IM-0402-0001.jpeg,0,train_NORMAL_NORMAL2-IM-0402-0001,4.8,Female,98.0,96.6
train_0_NORMAL2-IM-1152-0001-0001.jpeg,0,train_NORMAL_NORMAL2-IM-1152-0001-0001,3.5,Female,98.8,98.4
train_0_IM-0316-0001.jpeg,0,train_NORMAL_IM-0316-0001,3.0,Female,98.8,97.1
train_0_IM-0345-0001.jpeg,0,train_NORMAL_IM-0345-0001,4.1,Male,98.7,100.0
train_1_person357_virus_735.jpeg,1,pneumonia_person_357,4.5,Male,100.6,96.3
train_0_IM-0561-0001.jpeg,0,train_NORMAL_IM-0561-0001,1.9,Female,98.1,98.6
train_0_IM-0730-0001.jpeg,0,train_NORMAL_IM-0730-0001,2.9,Male,97.9,98.2
train_1_person978_bacteria_2904.jpeg,1,pneumonia_person_978,1.0,Female,98.8,99.3
train_1_person62_bacteria_299.jpeg,1,pneumonia_person_62,4.5,Male,99.5,91.9
train_1_person681_bacteria_2576.jpeg,1,pneumonia_person_681,5.0,Female,100.1,93.5
train_1_person632_bacteria_2520.jpeg,1,pneumonia_person_632,3.1,Female,103.4,94.8
train_1_person1125_virus_1852.jpeg,1,pneumonia_person_1125,1.0,Male,100.0,92.0
train_1_person77_bacteria_375.jpeg,1,pneumonia_person_77,3.8,Female,99.3,97.9
train_1_person1513_bacteria_3962.jpeg,1,pneumonia_person_1513,1.8,Female,99.2,92.3
train_1_person1297_bacteria_3260.jpeg,1,pneumonia_person_1297,2.1,Female,101.9,90.0
test_1_person173_bacteria_830.jpeg,1,pneumonia_person_173,3.8,Female,101.7,92.2
train_0_IM-0633-0001.jpeg,0,train_NORMAL_IM-0633-0001,3.3,Female,97.9,98.1
train_1_person24_bacteria_110.jpeg,1,pneumonia_person_24,2.4,Male,98.0,91.5
train_0_IM-0501-0001-0001.jpeg,0,train_NORMAL_IM-0501-0001-0001,2.2,Male,99.1,96.1
train_0_IM-0516-0001.jpeg,0,train_NORMAL_IM-0516-0001,3.2,Male,97.5,97.6
train_1_person319_bacteria_1480.jpeg,1,pneumonia_person_319,2.5,Female,101.3,90.5
train_1_person332_bacteria_1535.jpeg,1,pneumonia_person_332,1.6,Female,100.5,92.1
train_1_person534_bacteria_2253.jpeg,1,pneumonia_person_534,2.6,Female,102.8,94.4
train_1_person282_virus_579.jpeg,1,pneumonia_person_282,3.4,Male,102.9,95.3
train_1_person808_virus_1442.jpeg,1,pneumonia_person_808,2.8,Female,100.4,92.2
train_1_person1385_bacteria_3524.jpeg,1,pneumonia_person_1385,1.2,Female,100.4,93.9
train_1_person790_virus_1421.jpeg,1,pneumonia_person_790,4.3,Male,99.6,92.8
train_0_NORMAL2-IM-0719-0001.jpeg,0,train_NORMAL_NORMAL2-IM-0719-0001,1.0,Male,98.2,97.5
train_1_person281_bacteria_1332.jpeg,1,pneumonia_person_281,2.4,Male,98.5,94.8
train_1_person1639_bacteria_4343.jpeg,1,pneumonia_person_1639,2.2,Female,98.5,92.6
test_0_NORMAL2-IM-0357-0001.jpeg,0,test_NORMAL_NORMAL2-IM-0357-0001,3.2,Female,98.0,98.5
train_1_person536_virus_1065.jpeg,1,pneumonia_person_536,3.7,Male,101.8,92.5
train_1_person1535_bacteria_4017.jpeg,1,pneumonia_person_1535,4.5,Male,98.4,94.6
train_1_person60_bacteria_285.jpeg,1,pneumonia_person_60,2.1,Female,102.9,94.7
train_0_IM-0283-0001.jpeg,0,train_NORMAL_IM-0283-0001,3.8,Male,99.3,100.0
train_0_NORMAL2-IM-0501-0001.jpeg,0,train_NORMAL_NORMAL2-IM-0501-0001,3.3,Female,99.8,99.5
train_0_NORMAL2-IM-0664-0001.jpeg,0,train_NORMAL_NORMAL2-IM-0664-0001,1.0,Male,99.3,97.3
train_0_NORMAL2-IM-0843-0001.jpeg,0,train_NORMAL_NORMAL2-IM-0843-0001,5.0,Male,99.5,98.1
train_1_person326_virus_677.jpeg,1,pneumonia_person_326,1.1,Male,102.1,90.9
train_1_person760_virus_1388.jpeg,1,pneumonia_person_760,3.5,Female,102.2,92.4
train_0_IM-0389-0001.jpeg,0,train_NORMAL_IM-0389-0001,3.5,Male,98.4,99.7
train_1_person502_virus_1011.jpeg,1,pneumonia_person_502,3.4,Female,100.0,95.3
train_0_IM-0565-0001.jpeg,0,train_NORMAL_IM-0565-0001,2.4,Male,98.4,97.9
train_1_person326_bacteria_1505.jpeg,1,pneumonia_person_326,4.1,Male,100.2,92.8
train_1_person1388_bacteria_3529.jpeg,1,pneumonia_person_1388,1.0,Male,100.5,92.3
train_0_NORMAL2-IM-0652-0001.jpeg,0,train_NORMAL_NORMAL2-IM-0652-0001,2.9,Male,97.6,100.0
train_1_person637_bacteria_2529.jpeg,1,pneumonia_person_637,2.3,Male,98.0,92.1
train_1_person1474_virus_2557.jpeg,1,pneumonia_person_1474,2.1,Female,99.6,90.3
train_1_person1557_bacteria_4063.jpeg,1,pneumonia_person_1557,3.6,Male,101.3,96.9
train_1_person33_bacteria_172.jpeg,1,pneumonia_person_33,4.4,Female,100.1,98.1
train_0_IM-0230-0001.jpeg,0,train_NORMAL_IM-0230-0001,2.6,Male,98.1,97.7
test_1_person1674_virus_2890.jpeg,1,pneumonia_person_1674,4.0,Male,99.2,94.2
test_0_NORMAL2-IM-0300-0001.jpeg,0,test_NORMAL_NORMAL2-IM-0300-0001,3.1,Female,98.2,98.4
train_1_person1308_virus_2253.jpeg,1,pneumonia_person_1308,1.8,Female,102.2,94.0
test_1_person88_bacteria_437.jpeg,1,pneumonia_person_88,2.7,Male,98.9,92.0
train_1_person267_bacteria_1251.jpeg,1,pneumonia_person_267,2.6,Male,101.3,96.1
train_1_person296_bacteria_1393.jpeg,1,pneumonia_person_296,2.1,Female,100.5,94.5
train_0_IM-0523-0001-0003.jpeg,0,train_NORMAL_IM-0523-0001-0003,3.6,Male,97.7,98.7
train_1_person287_virus_586.jpeg,1,pneumonia_person_287,3.3,Male,99.4,91.7
train_1_person619_bacteria_2490.jpeg,1,pneumonia_person_619,1.0,Female,99.9,90.0
train_0_NORMAL2-IM-1187-0001.jpeg,0,train_NORMAL_NORMAL2-IM-1187-0001,1.0,Female,98.8,98.4
train_1_person491_virus_997.jpeg,1,pneumonia_person_491,3.6,Male,99.7,91.1
train_1_person1188_virus_2024.jpeg,1,pneumonia_person_1188,1.9,Male,100.8,96.1
train_1_person1124_virus_1851.jpeg,1,pneumonia_person_1124,3.4,Male,101.0,88.2
train_1_person280_virus_577.jpeg,1,pneumonia_person_280,4.0,Male,103.2,92.3
test_1_person124_bacteria_592.jpeg,1,pneumonia_person_124,1.3,Female,100.8,92.0
train_1_person1500_virus_2610.jpeg,1,pneumonia_person_1500,1.2,Female,97.9,92.7
train_1_person1635_bacteria_4335.jpeg,1,pneumonia_person_1635,5.0,Male,101.9,94.2
train_1_person837_bacteria_2754.jpeg,1,pneumonia_person_837,3.5,Male,100.1,94.5
train_1_person503_bacteria_2125.jpeg,1,pneumonia_person_503,2.5,Male,103.0,95.1
train_1_person779_virus_1410.jpeg,1,pneumonia_person_779,1.8,Male,102.3,95.4
train_0_IM-0446-0001.jpeg,0,train_NORMAL_IM-0446-0001,2.3,Female,98.8,98.1
train_1_person1248_virus_2117.jpeg,1,pneumonia_person_1248,1.5,Male,101.3,98.8
train_0_NORMAL2-IM-0931-0001.jpeg,0,train_NORMAL_NORMAL2-IM-0931-0001,4.1,Female,98.7,99.1
test_0_IM-0005-0001.jpeg,0,test_NORMAL_IM-0005-0001,2.0,Female,98.6,99.1
train_1_person1100_virus_1820.jpeg,1,pneumonia_person_1100,4.4,Female,101.3,93.2
train_0_IM-0238-0001.jpeg,0,train_NORMAL_IM-0238-0001,2.5,Male,98.3,100.0
train_1_person862_bacteria_2784.jpeg,1,pneumonia_person_862,1.6,Female,101.6,94.4
train_1_person1256_bacteria_3214.jpeg,1,pneumonia_person_1256,2.4,Female,100.5,91.1
train_1_person541_virus_1071.jpeg,1,pneumonia_person_541,1.0,Male,103.6,91.5
train_1_person1439_bacteria_3722.jpeg,1,pneumonia_person_1439,2.8,Male,99.9,88.1
train_1_person402_bacteria_1813.jpeg,1,pneumonia_person_402,2.8,Male,98.3,92.5
train_1_person795_virus_1427.jpeg,1,pneumonia_person_795,4.1,Female,98.6,96.2
train_0_IM-0617-0001.jpeg,0,train_NORMAL_IM-0617-0001,1.0,Female,98.0,97.9
test_0_NORMAL2-IM-0246-0001.jpeg,0,test_NORMAL_NORMAL2-IM-0246-0001,4.5,Male,98.0,99.9
train_1_person23_bacteria_99.jpeg,1,pneumonia_person_23,4.1,Male,100.6,94.2
train_1_person1003_virus_1685.jpeg,1,pneumonia_person_1003,4.6,Male,99.7,91.0
train_1_person294_bacteria_1385.jpeg,1,pneumonia_person_294,2.9,Male,99.8,93.6
train_0_NORMAL2-IM-0897-0001.jpeg,0,train_NORMAL_NORMAL2-IM-0897-0001,4.3,Female,98.6,98.0
train_1_person1940_bacteria_4862.jpeg,1,pneumonia_person_1940,1.1,Female,101.0,94.3
train_0_NORMAL2-IM-1016-0001.jpeg,0,train_NORMAL_NORMAL2-IM-1016-0001,3.9,Male,98.5,98.8
test_1_person1612_virus_2797.jpeg,1,pneumonia_person_1612,2.0,Female,101.0,96.7
train_1_person1312_bacteria_3317.jpeg,1,pneumonia_person_1312,1.0,Female,100.8,95.2
train_0_NORMAL2-IM-1104-0001.jpeg,0,train_NORMAL_NORMAL2-IM-1104-0001,1.5,Female,99.2,98.2
train_1_person494_bacteria_2088.jpeg,1,pneumonia_person_494,3.0,Female,98.5,92.6
train_1_person1620_bacteria_4272.jpeg,1,pneumonia_person_1620,1.9,Male,98.4,98.3
train_1_person1679_bacteria_4453.jpeg,1,pneumonia_person_1679,3.5,Female,104.3,94.3
train_1_person749_bacteria_2652.jpeg,1,pneumonia_person_749,1.0,Male,102.3,94.0
train_1_person537_bacteria_2263.jpeg,1,pneumonia_person_537,1.0,Female,102.1,91.4
train_1_person324_virus_658.jpeg,1,pneumonia_person_324,4.8,Male,99.5,93.3
train_1_person1065_virus_1768.jpeg,1,pneumonia_person_1065,4.2,Male,100.4,95.3
train_1_person1196_bacteria_3146.jpeg,1,pneumonia_person_1196,1.6,Female,99.3,93.5
test_0_NORMAL2-IM-0195-0001.jpeg,0,test_NORMAL_NORMAL2-IM-0195-0001,3.0,Female,98.5,97.8
train_0_NORMAL2-IM-1362-0001.jpeg,0,train_NORMAL_NORMAL2-IM-1362-0001,4.3,Male,98.7,98.4
train_1_person500_bacteria_2107.jpeg,1,pneumonia_person_500,3.5,Male,102.1,96.5
train_0_NORMAL2-IM-0725-0001.jpeg,0,train_NORMAL_NORMAL2-IM-0725-0001,3.2,Male,96.9,97.9
train_0_IM-0128-0001.jpeg,0,train_NORMAL_IM-0128-0001,4.4,Female,98.3,98.9
test_1_person128_bacteria_607.jpeg,1,pneumonia_person_128,2.1,Male,100.0,94.6
train_1_person298_virus_618.jpeg,1,pneumonia_person_298,3.0,Female,101.4,90.5
train_1_person940_virus_1607.jpeg,1,pneumonia_person_940,3.0,Female,99.7,94.2
test_1_person136_bacteria_652.jpeg,1,pneumonia_person_136,2.6,Female,100.5,96.2
test_0_IM-0065-0001.jpeg,0,test_NORMAL_IM-0065-0001,2.5,Female,99.2,95.8
train_1_person1126_virus_1853.jpeg,1,pneumonia_person_1126,3.1,Female,100.9,95.9
train_1_person481_virus_983.jpeg,1,pneumonia_person_481,3.0,Male,100.7,94.9
train_0_NORMAL2-IM-1184-0001.jpeg,0,train_NORMAL_NORMAL2-IM-1184-0001,1.6,Female,98.7,99.3
train_0_NORMAL2-IM-1303-0001.jpeg,0,train_NORMAL_NORMAL2-IM-1303-0001,4.0,Male,98.1,97.6
train_1_person316_bacteria_1470.jpeg,1,pneumonia_person_316,1.7,Female,98.9,95.7
train_0_NORMAL2-IM-0579-0001.jpeg,0,train_NORMAL_NORMAL2-IM-0579-0001,2.7,Male,98.2,96.8
train_1_person529_virus_1050.jpeg,1,pneumonia_person_529,2.6,Female,100.3,93.6
train_1_person397_bacteria_1797.jpeg,1,pneumonia_person_397,3.5,Male,101.5,95.3
train_1_person1445_bacteria_3735.jpeg,1,pneumonia_person_1445,1.0,Male,98.6,94.2
train_1_person257_virus_538.jpeg,1,pneumonia_person_257,4.2,Female,100.8,96.2
test_1_person1626_virus_2818.jpeg,1,pneumonia_person_1626,2.1,Female,101.4,93.1
train_1_person730_virus_1351.jpeg,1,pneumonia_person_730,4.6,Male,98.0,92.1
test_1_person153_bacteria_726.jpeg,1,pneumonia_person_153,2.4,Male,100.0,89.4
train_1_person1439_virus_2453.jpeg,1,pneumonia_person_1439,2.9,Female,102.5,92.8
train_1_person1548_virus_2689.jpeg,1,pneumonia_person_1548,5.0,Male,101.1,94.8
test_0_NORMAL2-IM-0359-0001.jpeg,0,test_NORMAL_NORMAL2-IM-0359-0001,2.6,Female,98.6,98.3
train_1_person23_bacteria_107.jpeg,1,pneumonia_person_23,4.6,Male,101.3,90.0
train_0_NORMAL2-IM-0673-0001.jpeg,0,train_NORMAL_NORMAL2-IM-0673-0001,3.1,Female,97.3,98.0
train_0_NORMAL2-IM-1282-0001.jpeg,0,train_NORMAL_NORMAL2-IM-1282-0001,3.5,Female,97.9,98.2
train_1_person1523_bacteria_3979.jpeg,1,pneumonia_person_1523,3.1,Female,99.5,93.2
train_1_person544_virus_1076.jpeg,1,pneumonia_person_544,4.1,Male,100.3,92.1
train_1_person409_virus_818.jpeg,1,pneumonia_person_409,2.1,Male,99.7,94.5
train_1_person534_bacteria_2252.jpeg,1,pneumonia_person_534,1.7,Male,100.4,93.7
train_0_IM-0293-0001.jpeg,0,train_NORMAL_IM-0293-0001,2.2,Male,99.0,99.8
test_1_person111_bacteria_536.jpeg,1,pneumonia_person_111,3.1,Male,100.1,98.1
train_0_NORMAL2-IM-0515-0001.jpeg,0,train_NORMAL_NORMAL2-IM-0515-0001,2.7,Male,98.3,95.9
train_1_person1177_virus_2000.jpeg,1,pneumonia_person_1177,3.9,Female,101.0,92.1
train_1_person310_virus_633.jpeg,1,pneumonia_person_310,4.7,Female,100.6,94.7
train_1_person1149_virus_1925.jpeg,1,pneumonia_person_1149,1.7,Male,98.3,98.4
train_1_person1066_bacteria_3000.jpeg,1,pneumonia_person_1066,2.0,Male,101.7,95.1
train_1_person12_bacteria_47.jpeg,1,pneumonia_person_12,1.1,Female,100.2,95.9
train_1_person444_bacteria_1927.jpeg,1,pneumonia_person_444,5.0,Male,100.6,89.5
train_1_person559_bacteria_2329.jpeg,1,pneumonia_person_559,3.4,Female,101.4,94.5
train_1_person439_virus_890.jpeg,1,pneumonia_person_439,3.6,Male,100.8,92.8
train_1_person1489_bacteria_3889.jpeg,1,pneumonia_person_1489,1.3,Male,101.9,91.8
train_0_NORMAL2-IM-1161-0001.jpeg,0,train_NORMAL_NORMAL2-IM-1161-0001,3.0,Male,98.9,96.7
train_0_NORMAL2-IM-0882-0001.jpeg,0,train_NORMAL_NORMAL2-IM-0882-0001,3.7,Male,98.7,98.9
train_1_person1372_bacteria_3499.jpeg,1,pneumonia_person_1372,2.7,Female,100.6,91.9
train_1_person73_bacteria_358.jpeg,1,pneumonia_person_73,4.4,Male,101.1,94.0
train_0_IM-0754-0001.jpeg,0,train_NORMAL_IM-0754-0001,5.0,Female,98.2,97.3
train_0_IM-0472-0001.jpeg,0,train_NORMAL_IM-0472-0001,1.8,Male,98.4,97.6
train_1_person26_bacteria_130.jpeg,1,pneumonia_person_26,1.7,Female,101.3,94.1
train_0_IM-0675-0001.jpeg,0,train_NORMAL_IM-0675-0001,1.9,Male,98.3,98.3
train_1_person337_bacteria_1562.jpeg,1,pneumonia_person_337,5.0,Female,99.6,95.9
test_1_person139_bacteria_662.jpeg,1,pneumonia_person_139,4.4,Male,100.3,94.9
train_0_IM-0691-0001.jpeg,0,train_NORMAL_IM-0691-0001,2.8,Male,98.7,99.6
train_0_IM-0441-0001.jpeg,0,train_NORMAL_IM-0441-0001,3.0,Female,98.9,98.1
train_1_person1374_bacteria_3506.jpeg,1,pneumonia_person_1374,1.9,Male,97.6,94.8
train_1_person486_virus_990.jpeg,1,pneumonia_person_486,4.2,Female,98.4,91.2
train_1_person382_bacteria_1738.jpeg,1,pneumonia_person_382,2.5,Male,103.0,93.3
train_0_IM-0666-0001-0002.jpeg,0,train_NORMAL_IM-0666-0001-0002,2.7,Female,98.6,98.5
train_1_person687_bacteria_2583.jpeg,1,pneumonia_person_687,3.8,Female,102.9,96.8
train_1_person368_bacteria_1678.jpeg,1,pneumonia_person_368,2.8,Male,100.9,98.1
train_0_IM-0429-0001-0001.jpeg,0,train_NORMAL_IM-0429-0001-0001,2.7,Female,99.0,98.2
train_1_person1376_virus_2367.jpeg,1,pneumonia_person_1376,3.0,Male,98.4,90.2
train_0_NORMAL2-IM-0699-0001.jpeg,0,train_NORMAL_NORMAL2-IM-0699-0001,4.0,Male,99.1,97.6
train_0_NORMAL2-IM-0666-0001.jpeg,0,train_NORMAL_NORMAL2-IM-0666-0001,5.0,Female,99.2,99.1
train_1_person1235_bacteria_3191.jpeg,1,pneumonia_person_1235,3.8,Female,102.4,90.5
test_1_person155_bacteria_731.jpeg,1,pneumonia_person_155,4.0,Female,100.8,93.5
train_1_person1281_bacteria_3244.jpeg,1,pneumonia_person_1281,2.7,Male,98.9,95.0
train_1_person586_bacteria_2420.jpeg,1,pneumonia_person_586,2.1,Male,99.2,90.4
train_1_person772_virus_1401.jpeg,1,pneumonia_person_772,3.9,Male,99.3,91.0
train_1_person992_bacteria_2919.jpeg,1,pneumonia_person_992,3.2,Female,102.1,91.9
train_1_person25_bacteria_114.jpeg,1,pneumonia_person_25,1.2,Female,102.5,93.0
train_1_person737_bacteria_2640.jpeg,1,pneumonia_person_737,2.6,Female,100.7,95.2
train_1_person1554_bacteria_4057.jpeg,1,pneumonia_person_1554,2.9,Female,100.0,92.7
train_1_person920_bacteria_2845.jpeg,1,pneumonia_person_920,2.3,Male,102.4,93.6
test_0_IM-0103-0001.jpeg,0,test_NORMAL_IM-0103-0001,4.9,Female,97.8,99.1
train_0_IM-0125-0001.jpeg,0,train_NORMAL_IM-0125-0001,3.6,Female,98.7,96.7
test_0_NORMAL2-IM-0256-0001.jpeg,0,test_NORMAL_NORMAL2-IM-0256-0001,4.8,Female,99.2,97.8
train_1_person1430_bacteria_3697.jpeg,1,pneumonia_person_1430,3.3,Male,99.3,95.2
train_1_person1088_bacteria_3028.jpeg,1,pneumonia_person_1088,3.1,Male,99.6,96.0
train_0_NORMAL2-IM-0428-0001.jpeg,0,train_NORMAL_NORMAL2-IM-0428-0001,1.8,Male,97.8,97.9
test_1_person88_bacteria_438.jpeg,1,pneumonia_person_88,3.0,Female,102.2,98.0
train_1_person954_bacteria_2879.jpeg,1,pneumonia_person_954,3.0,Female,102.9,94.3
test_1_person20_virus_51.jpeg,1,pneumonia_person_20,1.2,Female,100.5,88.6
train_0_NORMAL2-IM-0838-0001.jpeg,0,train_NORMAL_NORMAL2-IM-0838-0001,2.3,Male,99.1,95.8
train_1_person1647_bacteria_4372.jpeg,1,pneumonia_person_1647,2.6,Female,99.6,92.1
train_1_person162_virus_319.jpeg,1,pneumonia_person_162,3.5,Male,100.4,97.0
train_1_person596_bacteria_2447.jpeg,1,pneumonia_person_596,3.6,Male,99.7,95.9
train_1_person622_bacteria_2494.jpeg,1,pneumonia_person_622,2.2,Female,100.3,89.5
train_1_person383_bacteria_1752.jpeg,1,pneumonia_person_383,3.6,Female,100.9,96.9
train_1_person446_virus_920.jpeg,1,pneumonia_person_446,2.8,Male,99.9,95.8
train_1_person1187_virus_2023.jpeg,1,pneumonia_person_1187,1.0,Male,100.2,92.7
train_1_person797_virus_1429.jpeg,1,pneumonia_person_797,2.4,Female,100.2,93.3
test_0_NORMAL2-IM-0111-0001.jpeg,0,test_NORMAL_NORMAL2-IM-0111-0001,4.4,Male,99.4,98.4
train_1_person1480_bacteria_3858.jpeg,1,pneumonia_person_1480,1.0,Male,99.8,88.6
train_1_person1300_bacteria_3264.jpeg,1,pneumonia_person_1300,3.1,Female,101.4,94.6
train_1_person89_virus_168.jpeg,1,pneumonia_person_89,5.0,Female,98.1,96.2
test_0_NORMAL2-IM-0307-0001.jpeg,0,test_NORMAL_NORMAL2-IM-0307-0001,2.0,Female,98.2,99.3
train_1_person354_bacteria_1635.jpeg,1,pneumonia_person_354,3.0,Female,100.6,95.1
train_0_IM-0515-0001.jpeg,0,train_NORMAL_IM-0515-0001,1.3,Female,99.2,99.1
train_1_person55_bacteria_261.jpeg,1,pneumonia_person_55,5.0,Female,101.3,91.5
train_1_person692_bacteria_2589.jpeg,1,pneumonia_person_692,2.9,Female,99.5,91.5
train_1_person44_bacteria_218.jpeg,1,pneumonia_person_44,3.1,Female,99.2,95.3
train_1_person1343_bacteria_3419.jpeg,1,pneumonia_person_1343,4.8,Male,99.1,91.9
train_1_person331_bacteria_1526.jpeg,1,pneumonia_person_331,3.9,Female,100.1,89.7
test_0_NORMAL2-IM-0213-0001.jpeg,0,test_NORMAL_NORMAL2-IM-0213-0001,1.9,Female,99.2,98.1
train_1_person30_bacteria_155.jpeg,1,pneumonia_person_30,2.2,Male,99.6,92.2
train_1_person799_virus_1431.jpeg,1,pneumonia_person_799,3.6,Male,101.2,90.5
train_0_NORMAL2-IM-0509-0001.jpeg,0,train_NORMAL_NORMAL2-IM-0509-0001,2.2,Female,97.9,98.3
train_1_person753_bacteria_2656.jpeg,1,pneumonia_person_753,1.0,Female,99.9,95.4
train_1_person540_bacteria_2271.jpeg,1,pneumonia_person_540,2.9,Female,101.9,93.6
train_0_NORMAL2-IM-1145-0001.jpeg,0,train_NORMAL_NORMAL2-IM-1145-0001,1.1,Male,98.3,99.0
train_1_person547_bacteria_2292.jpeg,1,pneumonia_person_547,5.0,Female,99.3,94.7
train_1_person1197_virus_2039.jpeg,1,pneumonia_person_1197,3.2,Female,99.5,96.1
train_1_person161_virus_317.jpeg,1,pneumonia_person_161,1.8,Female,96.5,99.0
train_1_person1348_virus_2324.jpeg,1,pneumonia_person_1348,2.1,Female,99.1,97.1
train_1_person1481_bacteria_3863.jpeg,1,pneumonia_person_1481,1.0,Male,101.8,91.0
train_1_person1180_virus_2010.jpeg,1,pneumonia_person_1180,1.6,Female,99.6,95.6
train_1_person1160_virus_1947.jpeg,1,pneumonia_person_1160,4.3,Male,99.8,94.1
train_0_NORMAL2-IM-1155-0001.jpeg,0,train_NORMAL_NORMAL2-IM-1155-0001,5.0,Male,97.8,98.6
train_1_person1036_virus_1730.jpeg,1,pneumonia_person_1036,3.9,Male,98.3,94.2
train_1_person493_bacteria_2086.jpeg,1,pneumonia_person_493,2.9,Male,101.9,98.3
train_0_IM-0578-0001.jpeg,0,train_NORMAL_IM-0578-0001,2.4,Female,98.7,97.5
train_1_person124_virus_233.jpeg,1,pneumonia_person_124,1.8,Male,98.7,91.0
train_1_person1859_bacteria_4731.jpeg,1,pneumonia_person_1859,5.0,Male,99.6,93.5
train_0_NORMAL2-IM-0675-0001.jpeg,0,train_NORMAL_NORMAL2-IM-0675-0001,2.8,Male,98.3,98.0
train_0_NORMAL2-IM-1044-0001.jpeg,0,train_NORMAL_NORMAL2-IM-1044-0001,5.0,Male,99.6,97.6
train_1_person469_virus_965.jpeg,1,pneumonia_person_469,4.8,Female,97.8,89.3
test_1_person139_bacteria_664.jpeg,1,pneumonia_person_139,1.0,Female,100.2,93.9
train_1_person1016_bacteria_2947.jpeg,1,pneumonia_person_1016,2.1,Male,101.1,93.9
train_1_person578_virus_1122.jpeg,1,pneumonia_person_578,2.1,Male,101.2,88.9
train_0_IM-0500-0001.jpeg,0,train_NORMAL_IM-0500-0001,2.9,Female,97.5,96.6
train_1_person1301_virus_2241.jpeg,1,pneumonia_person_1301,2.9,Female,98.4,96.2
train_1_person255_virus_531.jpeg,1,pneumonia_person_255,5.0,Male,100.5,93.0
train_1_person1441_bacteria_3724.jpeg,1,pneumonia_person_1441,1.6,Female,100.1,93.6
train_1_person73_bacteria_359.jpeg,1,pneumonia_person_73,3.3,Male,100.3,94.9
train_1_person1411_bacteria_3593.jpeg,1,pneumonia_person_1411,3.8,Male,100.1,94.6
train_0_NORMAL2-IM-1285-0001.jpeg,0,train_NORMAL_NORMAL2-IM-1285-0001,3.0,Female,97.9,99.5
train_1_person1124_bacteria_3065.jpeg,1,pneumonia_person_1124,3.1,Male,96.5,91.2
train_1_person1446_bacteria_3739.jpeg,1,pneumonia_person_1446,1.6,Male,101.9,92.5
train_1_person1481_virus_2567.jpeg,1,pneumonia_person_1481,3.1,Male,100.8,91.3
train_1_person1576_bacteria_4124.jpeg,1,pneumonia_person_1576,3.7,Male,98.5,97.2
train_1_person1282_bacteria_3245.jpeg,1,pneumonia_person_1282,3.4,Female,101.0,95.1
train_1_person38_bacteria_195.jpeg,1,pneumonia_person_38,3.7,Male,99.8,90.7
train_1_person492_virus_998.jpeg,1,pneumonia_person_492,4.8,Male,99.9,93.0
train_1_person1488_virus_2589.jpeg,1,pneumonia_person_1488,4.2,Male,99.4,96.3
train_1_person470_bacteria_2001.jpeg,1,pneumonia_person_470,3.1,Male,101.1,91.9
train_1_person408_virus_815.jpeg,1,pneumonia_person_408,1.5,Female,99.4,95.6
train_1_person1250_bacteria_3207.jpeg,1,pneumonia_person_1250,2.2,Female,99.0,97.0
train_0_NORMAL2-IM-0566-0001.jpeg,0,train_NORMAL_NORMAL2-IM-0566-0001,2.7,Male,97.6,97.3
train_1_person591_virus_1139.jpeg,1,pneumonia_person_591,3.3,Female,100.2,94.0
train_1_person1332_virus_2300.jpeg,1,pneumonia_person_1332,2.4,Male,100.2,96.6
train_1_person1158_virus_1938.jpeg,1,pneumonia_person_1158,1.8,Male,101.3,92.2
test_1_person130_bacteria_626.jpeg,1,pneumonia_person_130,1.5,Female,99.5,99.7
train_1_person980_virus_1655.jpeg,1,pneumonia_person_980,1.0,Male,99.8,94.1
train_1_person736_virus_1358.jpeg,1,pneumonia_person_736,2.7,Female,100.8,96.4
test_1_person80_bacteria_393.jpeg,1,pneumonia_person_80,1.1,Female,98.4,92.6
train_1_person1642_bacteria_4352.jpeg,1,pneumonia_person_1642,1.7,Female,100.7,94.7
train_1_person1105_bacteria_3046.jpeg,1,pneumonia_person_1105,2.5,Male,99.4,94.9
train_1_person1343_bacteria_3411.jpeg,1,pneumonia_person_1343,1.3,Male,101.5,91.2
train_0_IM-0177-0001.jpeg,0,train_NORMAL_IM-0177-0001,3.5,Female,98.7,97.5
train_1_person1555_bacteria_4058.jpeg,1,pneumonia_person_1555,4.0,Female,100.9,93.0
train_1_person1400_bacteria_3554.jpeg,1,pneumonia_person_1400,2.3,Male,98.3,96.3
test_0_IM-0007-0001.jpeg,0,test_NORMAL_IM-0007-0001,2.4,Male,98.0,97.9
train_1_person1473_virus_2551.jpeg,1,pneumonia_person_1473,3.7,Female,98.9,92.6
train_0_IM-0295-0001.jpeg,0,train_NORMAL_IM-0295-0001,2.1,Male,98.6,99.5
